Id,Predicted
0,2400.0
1,5500.0
2,2100.0
3,3900.0
4,3300.0
5,2100.0
6,5500.0
7,3800.0
8,4700.0
9,4300.0
10,3600.0
11,6000.0
12,2100.0
13,1100.0
14,2000.0
15,4800.0
16,1800.0
17,3800.0
18,2400.0
19,3400.0
20,1900.0
21,3500.0
22,2900.0
23,600.0
24,3100.0
25,3800.0
26,4300.0
27,2500.0
28,3600.0
29,2500.0
30,2800.0
31,3500.0
32,2400.0
33,4200.0
34,4000.0
35,2300.0
36,800.0
37,4000.0
38,3900.0
39,3800.0
40,3400.0
41,2500.0
42,4100.0
43,4500.0
44,1400.0
45,2500.0
46,1600.0
47,2400.0
48,3700.0
49,3500.0
50,2200.0
51,1900.0
52,4300.0
53,2700.0
54,1300.0
55,1700.0
56,5000.0
57,2700.0
58,1700.0
59,4300.0
60,4400.0
61,3500.0
62,4600.0
63,2300.0
64,1700.0
65,3500.0
66,2500.0
67,4200.0
68,4200.0
69,1300.0
70,3400.0
71,1400.0
72,1600.0
73,1900.0
74,3600.0
75,2400.0
76,3800.0
77,4400.0
78,2200.0
79,3100.0
80,4200.0
81,2600.0
82,2900.0
83,4500.0
84,3300.0
85,3700.0
86,1900.0
87,2600.0
88,3400.0
89,2100.0
90,4600.0
91,4100.0
92,4500.0
93,4200.0
94,2800.0
95,4200.0
96,3900.0
97,4900.0
98,4100.0
99,2200.0
100,2500.0
101,4700.0
102,2800.0
103,2700.0
104,2800.0
105,1900.0
106,2400.0
107,4200.0
108,4800.0
109,3200.0
110,1600.0
111,3400.0
112,1400.0
113,2200.0
114,4700.0
115,3500.0
116,2000.0
117,3100.0
118,300.0
119,3200.0
120,2900.0
121,2300.0
122,1600.0
123,3200.0
124,2200.0
125,1700.0
126,4600.0
127,4100.0
128,1800.0
129,2400.0
130,2700.0
131,2900.0
132,1800.0
133,3100.0
134,4700.0
135,3600.0
136,4400.0
137,4200.0
138,4200.0
139,4200.0
140,2500.0
141,3500.0
142,5600.0
143,3100.0
144,4700.0
145,1900.0
146,1800.0
147,1500.0
148,4200.0
149,2100.0
150,2400.0
151,1700.0
152,3800.0
153,1900.0
154,4900.0
155,2800.0
156,4300.0
157,4000.0
158,4100.0
159,4200.0
160,2800.0
161,3600.0
162,1800.0
163,5400.0
164,3100.0
165,2200.0
166,2900.0
167,2500.0
168,3700.0
169,1800.0
170,1800.0
171,3200.0
172,4100.0
173,5200.0
174,1100.0
175,3400.0
176,2700.0
177,2400.0
178,2200.0
179,4000.0
180,1800.0
181,2500.0
182,2000.0
183,3300.0
184,3100.0
185,2000.0
186,3300.0
187,4600.0
188,3900.0
189,5000.0
190,3200.0
191,3400.0
192,1700.0
193,2700.0
194,3800.0
195,5000.0
196,1800.0
197,2900.0
198,4000.0
199,2300.0
200,1700.0
201,3400.0
202,3000.0
203,6400.0
204,2000.0
205,2400.0
206,2500.0
207,3800.0
208,3000.0
209,2700.0
210,4600.0
211,4100.0
212,2800.0
213,3800.0
214,3400.0
215,3100.0
216,1600.0
217,2700.0
218,2000.0
219,1700.0
220,3500.0
221,3600.0
222,3200.0
223,1600.0
224,1300.0
225,3400.0
226,2800.0
227,6300.0
228,3300.0
229,5300.0
230,1700.0
231,2000.0
232,1500.0
233,3600.0
234,2800.0
235,4900.0
236,2200.0
237,3600.0
238,2300.0
239,3500.0
240,3300.0
241,5100.0
242,3100.0
243,2200.0
244,2800.0
245,2600.0
246,3500.0
247,4400.0
248,2900.0
249,5300.0
250,1200.0
251,2000.0
252,5700.0
253,2500.0
254,2600.0
255,2900.0
256,4300.0
257,7100.0
258,1100.0
259,1400.0
260,2900.0
261,800.0
262,2600.0
263,4000.0
264,3100.0
265,1800.0
266,2700.0
267,4800.0
268,4200.0
269,3000.0
270,3400.0
271,2800.0
272,2600.0
273,3900.0
274,1500.0
275,2000.0
276,5500.0
277,3300.0
278,3600.0
279,4200.0
280,2700.0
281,2400.0
282,3300.0
283,2800.0
284,4100.0
285,2500.0
286,2300.0
287,4600.0
288,3500.0
289,1400.0
290,2100.0
291,1900.0
292,1400.0
293,4600.0
294,1900.0
295,2700.0
296,1700.0
297,4400.0
298,2200.0
299,3100.0
300,4100.0
301,2000.0
302,1200.0
303,2700.0
304,3300.0
305,3000.0
306,2600.0
307,5100.0
308,3900.0
309,3000.0
310,2800.0
311,4000.0
312,5300.0
313,6900.0
314,5300.0
315,2100.0
316,5500.0
317,2300.0
318,3800.0
319,3900.0
320,4300.0
321,2500.0
322,3600.0
323,4200.0
324,3400.0
325,6700.0
326,2700.0
327,3700.0
328,2100.0
329,2300.0
330,1400.0
331,4400.0
332,2300.0
333,1500.0
334,1400.0
335,3200.0
336,2800.0
337,2700.0
338,2200.0
339,5600.0
340,3200.0
341,3900.0
342,2700.0
343,2800.0
344,2800.0
345,1600.0
346,3900.0
347,2600.0
348,2400.0
349,2100.0
350,4400.0
351,2100.0
352,1900.0
353,6400.0
354,2200.0
355,2300.0
356,4500.0
357,2800.0
358,3700.0
359,3000.0
360,2700.0
361,1500.0
362,2800.0
363,4100.0
364,3000.0
365,2100.0
366,3200.0
367,5400.0
368,2000.0
369,5300.0
370,2400.0
371,800.0
372,6200.0
373,2200.0
374,2200.0
375,3600.0
376,2800.0
377,3600.0
378,3600.0
379,2700.0
380,3500.0
381,5100.0
382,4000.0
383,2700.0
384,2800.0
385,4400.0
386,3000.0
387,3200.0
388,1700.0
389,2200.0
390,6600.0
391,3800.0
392,3200.0
393,3400.0
394,3700.0
395,2600.0
396,2200.0
397,2200.0
398,4100.0
399,1700.0
400,3600.0
401,2300.0
402,1400.0
403,5100.0
404,1900.0
405,2300.0
406,2300.0
407,2800.0
408,3700.0
409,2600.0
410,3700.0
411,2000.0
412,1800.0
413,4000.0
414,3200.0
415,2700.0
416,1700.0
417,2400.0
418,2600.0
419,1700.0
420,2500.0
421,1700.0
422,2400.0
423,2400.0
424,2100.0
425,2000.0
426,2100.0
427,1800.0
428,4400.0
429,4500.0
430,2300.0
431,5600.0
432,4900.0
433,4700.0
434,2800.0
435,4400.0
436,4400.0
437,4100.0
438,3200.0
439,2600.0
440,3700.0
441,4400.0
442,2900.0
443,2400.0
444,3700.0
445,3000.0
446,4700.0
447,2900.0
448,3200.0
449,4100.0
450,2400.0
451,1800.0
452,3200.0
453,3600.0
454,3100.0
455,1400.0
456,1900.0
457,4400.0
458,1600.0
459,3500.0
460,1900.0
461,3800.0
462,5000.0
463,3800.0
464,5600.0
465,3100.0
466,3000.0
467,3200.0
468,1700.0
469,1800.0
470,2400.0
471,2400.0
472,2600.0
473,3400.0
474,1700.0
475,4500.0
476,3900.0
477,3200.0
478,4600.0
479,5000.0
480,3400.0
481,2200.0
482,1900.0
483,1600.0
484,1500.0
485,3900.0
486,2100.0
487,2500.0
488,4400.0
489,3400.0
490,5500.0
491,1700.0
492,2300.0
493,3500.0
494,2300.0
495,3100.0
496,4100.0
497,2500.0
498,4700.0
499,3400.0
500,3500.0
501,2100.0
502,2300.0
503,3500.0
504,3600.0
505,3000.0
506,2300.0
507,4200.0
508,4000.0
509,2600.0
510,3600.0
511,4900.0
512,3300.0
513,4100.0
514,3800.0
515,1600.0
516,4400.0
517,4000.0
518,3000.0
519,3400.0
520,1500.0
521,5700.0
522,2900.0
523,4600.0
524,1900.0
525,1900.0
526,3400.0
527,4500.0
528,2400.0
529,1600.0
530,4000.0
531,1900.0
532,1800.0
533,3900.0
534,6400.0
535,1400.0
536,5400.0
537,1800.0
538,2000.0
539,2400.0
540,4500.0
541,1500.0
542,3900.0
543,2400.0
544,4500.0
545,4000.0
546,2900.0
547,1800.0
548,3000.0
549,1900.0
550,2400.0
551,3900.0
552,4400.0
553,3000.0
554,3700.0
555,2000.0
556,2900.0
557,4300.0
558,3000.0
559,2500.0
560,4400.0
561,3200.0
562,3500.0
563,2500.0
564,2200.0
565,1600.0
566,4600.0
567,3500.0
568,1500.0
569,2300.0
570,4800.0
571,3800.0
572,2500.0
573,1800.0
574,3900.0
575,2800.0
576,4200.0
577,3700.0
578,1500.0
579,2100.0
580,3900.0
581,2800.0
582,5600.0
583,2200.0
584,1700.0
585,5100.0
586,2700.0
587,3000.0
588,2300.0
589,3300.0
590,1800.0
591,4000.0
592,4100.0
593,3800.0
594,3700.0
595,3800.0
596,4100.0
597,4400.0
598,2600.0
599,2400.0
600,3700.0
601,3600.0
602,2900.0
603,2400.0
604,3500.0
605,800.0
606,2300.0
607,4600.0
608,3800.0
609,2800.0
610,1500.0
611,4300.0
612,4500.0
613,3900.0
614,4700.0
615,1700.0
616,2500.0
617,2400.0
618,3100.0
619,5200.0
620,1700.0
621,3600.0
622,1700.0
623,3600.0
624,1900.0
625,5000.0
626,2600.0
627,3800.0
628,2900.0
629,4300.0
630,2900.0
631,1300.0
632,3000.0
633,4300.0
634,1800.0
635,2600.0
636,3200.0
637,3600.0
638,4500.0
639,3400.0
640,2200.0
641,2500.0
642,2500.0
643,2600.0
644,3600.0
645,3300.0
646,2900.0
647,400.0
648,2300.0
649,3900.0
650,1900.0
651,3000.0
652,4000.0
653,4700.0
654,4100.0
655,2000.0
656,4200.0
657,1900.0
658,5500.0
659,2000.0
660,2800.0
661,1200.0
662,2800.0
663,2300.0
664,3100.0
665,2700.0
666,2000.0
667,2800.0
668,2300.0
669,2900.0
670,1500.0
671,3300.0
672,2600.0
673,3300.0
674,4900.0
675,2300.0
676,5200.0
677,4300.0
678,2300.0
679,3600.0
680,4100.0
681,3400.0
682,2000.0
683,4000.0
684,1800.0
685,2100.0
686,2700.0
687,2000.0
688,3800.0
689,2900.0
690,4800.0
691,3300.0
692,5000.0
693,1200.0
694,3400.0
695,3100.0
696,2200.0
697,2000.0
698,4900.0
699,4700.0
700,2100.0
701,3200.0
702,2800.0
703,3300.0
704,2900.0
705,1600.0
706,1700.0
707,4000.0
708,4500.0
709,3300.0
710,4500.0
711,2800.0
712,2900.0
713,2300.0
714,2200.0
715,1800.0
716,3500.0
717,2700.0
718,2800.0
719,2400.0
720,2200.0
721,3200.0
722,3500.0
723,1800.0
724,3900.0
725,4300.0
726,4700.0
727,2600.0
728,4300.0
729,2600.0
730,2400.0
731,3200.0
732,1900.0
733,3400.0
734,3000.0
735,1800.0
736,1400.0
737,3200.0
738,1500.0
739,3100.0
740,1900.0
741,2300.0
742,4100.0
743,2900.0
744,3100.0
745,1400.0
746,4700.0
747,6200.0
748,2000.0
749,3900.0
750,4000.0
751,1200.0
752,2200.0
753,1600.0
754,2100.0
755,2200.0
756,3800.0
757,1700.0
758,1800.0
759,3300.0
760,3200.0
761,2000.0
762,5200.0
763,2400.0
764,4800.0
765,3700.0
766,1700.0
767,4100.0
768,1600.0
769,4500.0
770,3800.0
771,3900.0
772,3800.0
773,4600.0
774,1800.0
775,1600.0
776,2800.0
777,1800.0
778,1700.0
779,5400.0
780,4000.0
781,2500.0
782,2200.0
783,3700.0
784,1700.0
785,3700.0
786,2400.0
787,1800.0
788,3600.0
789,2800.0
790,2000.0
791,5200.0
792,2900.0
793,2000.0
794,5000.0
795,2100.0
796,3400.0
797,3800.0
798,5100.0
799,3300.0
800,2200.0
801,2900.0
802,3800.0
803,2600.0
804,2200.0
805,5600.0
806,2100.0
807,2100.0
808,2800.0
809,1600.0
810,2500.0
811,3300.0
812,3300.0
813,5000.0
814,1400.0
815,2300.0
816,3300.0
817,2500.0
818,2200.0
819,2600.0
820,3900.0
821,3900.0
822,4600.0
823,1900.0
824,3500.0
825,3600.0
826,2900.0
827,2000.0
828,2900.0
829,3400.0
830,3300.0
831,1900.0
832,3600.0
833,3400.0
834,2800.0
835,1500.0
836,5400.0
837,4300.0
838,3000.0
839,3300.0
840,2300.0
841,2500.0
842,2700.0
843,1500.0
844,3700.0
845,2200.0
846,2600.0
847,3700.0
848,1400.0
849,3600.0
850,4700.0
851,4700.0
852,2500.0
853,2900.0
854,1300.0
855,3800.0
856,5200.0
857,2300.0
858,3700.0
859,4700.0
860,4400.0
861,3100.0
862,2700.0
863,2400.0
864,2200.0
865,3200.0
866,5000.0
867,3700.0
868,1600.0
869,4500.0
870,4900.0
871,3000.0
872,3900.0
873,4400.0
874,3000.0
875,1400.0
876,3900.0
877,3800.0
878,3600.0
879,3200.0
880,3800.0
881,4100.0
882,2000.0
883,2100.0
884,1600.0
885,900.0
886,3400.0
887,2000.0
888,4100.0
889,2500.0
890,3900.0
891,5900.0
892,4500.0
893,2900.0
894,1400.0
895,3900.0
896,4000.0
897,4000.0
898,3200.0
899,5300.0
900,2500.0
901,3300.0
902,4100.0
903,5500.0
904,3500.0
905,2600.0
906,2100.0
907,1500.0
908,1700.0
909,2900.0
910,3000.0
911,3700.0
912,5200.0
913,3500.0
914,2300.0
915,4500.0
916,2100.0
917,3500.0
918,3300.0
919,2300.0
920,2000.0
921,2400.0
922,1600.0
923,3900.0
924,3900.0
925,3800.0
926,3100.0
927,2500.0
928,2300.0
929,5700.0
930,1100.0
931,2200.0
932,1500.0
933,4400.0
934,2800.0
935,2700.0
936,3200.0
937,4400.0
938,5400.0
939,2100.0
940,2300.0
941,4300.0
942,2600.0
943,3700.0
944,3900.0
945,2600.0
946,4100.0
947,2000.0
948,3200.0
949,2900.0
950,3800.0
951,2600.0
952,1700.0
953,1000.0
954,1900.0
955,5000.0
956,3000.0
957,4900.0
958,2400.0
959,2900.0
960,3000.0
961,1900.0
962,4200.0
963,2300.0
964,3600.0
965,3800.0
966,4000.0
967,1900.0
968,2500.0
969,3000.0
970,3200.0
971,3400.0
972,1900.0
973,1500.0
974,2300.0
975,2400.0
976,1900.0
977,6100.0
978,2000.0
979,4900.0
980,4800.0
981,2200.0
982,4700.0
983,3900.0
984,3000.0
985,2200.0
986,2700.0
987,5300.0
988,2200.0
989,2000.0
990,2000.0
991,2800.0
992,4400.0
993,1800.0
994,3500.0
995,2100.0
996,4200.0
997,2000.0
998,5400.0
999,5100.0
1000,2500.0
1001,1600.0
1002,3400.0
1003,3000.0
1004,2700.0
1005,2800.0
1006,1700.0
1007,4500.0
1008,3200.0
1009,4700.0
1010,4400.0
1011,2700.0
1012,4600.0
1013,3000.0
1014,3300.0
1015,2500.0
1016,2900.0
1017,1300.0
1018,2500.0
1019,3200.0
1020,5000.0
1021,1300.0
1022,4300.0
1023,3500.0
1024,2900.0
1025,4300.0
1026,4000.0
1027,4200.0
1028,2200.0
1029,3500.0
1030,1900.0
1031,1700.0
1032,2600.0
1033,3400.0
1034,2300.0
1035,2400.0
1036,5200.0
1037,1300.0
1038,3800.0
1039,4800.0
1040,4200.0
1041,4200.0
1042,1300.0
1043,2800.0
1044,1900.0
1045,4000.0
1046,2500.0
1047,3300.0
1048,4000.0
1049,2900.0
1050,4600.0
1051,4700.0
1052,2400.0
1053,2000.0
1054,2700.0
1055,3400.0
1056,3300.0
1057,1900.0
1058,4600.0
1059,1500.0
1060,4600.0
1061,1600.0
1062,4600.0
1063,6100.0
1064,1700.0
1065,1600.0
1066,3200.0
1067,1200.0
1068,4400.0
1069,1800.0
1070,3400.0
1071,3900.0
1072,1900.0
1073,2300.0
1074,4500.0
1075,2500.0
1076,1800.0
1077,3000.0
1078,2300.0
1079,2700.0
1080,2200.0
1081,2200.0
1082,2500.0
1083,1900.0
1084,2800.0
1085,1400.0
1086,2100.0
1087,2700.0
1088,1500.0
1089,3100.0
1090,4100.0
1091,3800.0
1092,4300.0
1093,2000.0
1094,1900.0
1095,3100.0
1096,1600.0
1097,2100.0
1098,2700.0
1099,1300.0
1100,5300.0
1101,4600.0
1102,3200.0
1103,4000.0
1104,3100.0
1105,3400.0
1106,3800.0
1107,5100.0
1108,3900.0
1109,2700.0
1110,3300.0
1111,2900.0
1112,5600.0
1113,2800.0
1114,1400.0
1115,2400.0
1116,3200.0
1117,2100.0
1118,2400.0
1119,3400.0
1120,3600.0
1121,4700.0
1122,2200.0
1123,2000.0
1124,3500.0
1125,3200.0
1126,2800.0
1127,5200.0
1128,2800.0
1129,1800.0
1130,3400.0
1131,4600.0
1132,3200.0
1133,3900.0
1134,2200.0
1135,4700.0
1136,2900.0
1137,5400.0
1138,1900.0
1139,3400.0
1140,3600.0
1141,3100.0
1142,2200.0
1143,3200.0
1144,3000.0
1145,3000.0
1146,5300.0
1147,2200.0
1148,2800.0
1149,2400.0
1150,5500.0
1151,2500.0
1152,2800.0
1153,3600.0
1154,2800.0
1155,4100.0
1156,3100.0
1157,3000.0
1158,3100.0
1159,3800.0
1160,4800.0
1161,2000.0
1162,3700.0
1163,2100.0
1164,3100.0
1165,4000.0
1166,4100.0
1167,4100.0
1168,2100.0
1169,2200.0
1170,3000.0
1171,5700.0
1172,2700.0
1173,2000.0
1174,2100.0
1175,3000.0
1176,2700.0
1177,6700.0
1178,2400.0
1179,3100.0
1180,2000.0
1181,2700.0
1182,4100.0
1183,3600.0
1184,2000.0
1185,1600.0
1186,4400.0
1187,4100.0
1188,1400.0
1189,2100.0
1190,2200.0
1191,1600.0
1192,5800.0
1193,4900.0
1194,3900.0
1195,2600.0
1196,2300.0
1197,2700.0
1198,1700.0
1199,1600.0
1200,3400.0
1201,2600.0
1202,3600.0
1203,3900.0
1204,3600.0
1205,1600.0
1206,2400.0
1207,4300.0
1208,2000.0
1209,3200.0
1210,2700.0
1211,2300.0
1212,2700.0
1213,4200.0
1214,2400.0
1215,2300.0
1216,4100.0
1217,2700.0
1218,2000.0
1219,3800.0
1220,1500.0
1221,2800.0
1222,4200.0
1223,2900.0
1224,1700.0
1225,5600.0
1226,2400.0
1227,3900.0
1228,3000.0
1229,4100.0
1230,5100.0
1231,2700.0
1232,3700.0
1233,5000.0
1234,4200.0
1235,3500.0
1236,1500.0
1237,2800.0
1238,4400.0
1239,5600.0
1240,2200.0
1241,1900.0
1242,2800.0
1243,2700.0
1244,3400.0
1245,2500.0
1246,3400.0
1247,1400.0
1248,2200.0
1249,2200.0
1250,1600.0
1251,1900.0
1252,2000.0
1253,4900.0
1254,2600.0
1255,1900.0
1256,5100.0
1257,4200.0
1258,2200.0
1259,3500.0
1260,3800.0
1261,3100.0
1262,3300.0
1263,1300.0
1264,3400.0
1265,3200.0
1266,3800.0
1267,3300.0
1268,1400.0
1269,4400.0
1270,3600.0
1271,3300.0
1272,2300.0
1273,3200.0
1274,2900.0
1275,3800.0
1276,2400.0
1277,4200.0
1278,4000.0
1279,3000.0
1280,1600.0
1281,1900.0
1282,4300.0
1283,6300.0
1284,2700.0
1285,6300.0
1286,1600.0
1287,3500.0
1288,3100.0
1289,3300.0
1290,3100.0
1291,2100.0
1292,2800.0
1293,3400.0
1294,3200.0
1295,3800.0
1296,5500.0
1297,3300.0
1298,3300.0
1299,3000.0
1300,2600.0
1301,2100.0
1302,2100.0
1303,3200.0
1304,3600.0
1305,2400.0
1306,3400.0
1307,4300.0
1308,3900.0
1309,2900.0
1310,2100.0
1311,5000.0
1312,4100.0
1313,4000.0
1314,3600.0
1315,3700.0
1316,5400.0
1317,1400.0
1318,4600.0
1319,2000.0
1320,5900.0
1321,4900.0
1322,2900.0
1323,3500.0
1324,5000.0
1325,4100.0
1326,2800.0
1327,2500.0
1328,2200.0
1329,3400.0
1330,3200.0
1331,5100.0
1332,2000.0
1333,2800.0
1334,2700.0
1335,3100.0
1336,2500.0
1337,1600.0
1338,5100.0
1339,3300.0
1340,4300.0
1341,4500.0
1342,5100.0
1343,2800.0
1344,3500.0
1345,3500.0
1346,1900.0
1347,2100.0
1348,1500.0
1349,2700.0
1350,2500.0
1351,1600.0
1352,2500.0
1353,1800.0
1354,1800.0
1355,3800.0
1356,2900.0
1357,5000.0
1358,4800.0
1359,4200.0
1360,4900.0
1361,1600.0
1362,2100.0
1363,1800.0
1364,5400.0
1365,1800.0
1366,4200.0
1367,2500.0
1368,3800.0
1369,4800.0
1370,4400.0
1371,3200.0
1372,4000.0
1373,2300.0
1374,3200.0
1375,2500.0
1376,4800.0
1377,4500.0
1378,2300.0
1379,2500.0
1380,2700.0
1381,7200.0
1382,3200.0
1383,4300.0
1384,2300.0
1385,4200.0
1386,2400.0
1387,4700.0
1388,3000.0
1389,2800.0
1390,4400.0
1391,2000.0
1392,3400.0
1393,3200.0
1394,3700.0
1395,4600.0
1396,2000.0
1397,3100.0
1398,1700.0
1399,2800.0
1400,2300.0
1401,2700.0
1402,2200.0
1403,2000.0
1404,3200.0
1405,1700.0
1406,3100.0
1407,3900.0
1408,1500.0
1409,1400.0
1410,3400.0
1411,4100.0
1412,2200.0
1413,1400.0
1414,1300.0
1415,3500.0
1416,3700.0
1417,2100.0
1418,2500.0
1419,2100.0
1420,3000.0
1421,1700.0
1422,5000.0
1423,1700.0
1424,3400.0
1425,3700.0
1426,2200.0
1427,3000.0
1428,4500.0
1429,1800.0
1430,4900.0
1431,3800.0
1432,3800.0
1433,3800.0
1434,3900.0
1435,3300.0
1436,4600.0
1437,6200.0
1438,1600.0
1439,1500.0
1440,2600.0
1441,2900.0
1442,2200.0
1443,2200.0
1444,2500.0
1445,2000.0
1446,2400.0
1447,3700.0
1448,2400.0
1449,4900.0
1450,4100.0
1451,3200.0
1452,5200.0
1453,3300.0
1454,2600.0
1455,4000.0
1456,2500.0
1457,3900.0
1458,2900.0
1459,2900.0
1460,3000.0
1461,2000.0
1462,3500.0
1463,2300.0
1464,4500.0
1465,3400.0
1466,3500.0
1467,4700.0
1468,2200.0
1469,3200.0
1470,3000.0
1471,1800.0
1472,6600.0
1473,3500.0
1474,4100.0
1475,2100.0
1476,3000.0
1477,3600.0
1478,1700.0
1479,2400.0
1480,1800.0
1481,2000.0
1482,5200.0
1483,3800.0
1484,3900.0
1485,3000.0
1486,4100.0
1487,2100.0
1488,3300.0
1489,3800.0
1490,4000.0
1491,3800.0
1492,2800.0
1493,2500.0
1494,3100.0
1495,2200.0
1496,3100.0
1497,2900.0
1498,2500.0
1499,3600.0
1500,3200.0
1501,2300.0
1502,6200.0
1503,3400.0
1504,4100.0
1505,2300.0
1506,2400.0
1507,2500.0
1508,5000.0
1509,1800.0
1510,3300.0
1511,2600.0
1512,1900.0
1513,4800.0
1514,4700.0
1515,3800.0
1516,4600.0
1517,5600.0
1518,2400.0
1519,1500.0
1520,4400.0
1521,4300.0
1522,1500.0
1523,2800.0
1524,1600.0
1525,1200.0
1526,4900.0
1527,1900.0
1528,2700.0
1529,3100.0
1530,2400.0
1531,3300.0
1532,3200.0
1533,1200.0
1534,3300.0
1535,4000.0
1536,3900.0
1537,5000.0
1538,1000.0
1539,1700.0
1540,3500.0
1541,3900.0
1542,2600.0
1543,3100.0
1544,2100.0
1545,3400.0
1546,3600.0
1547,4000.0
1548,2500.0
1549,2000.0
1550,3100.0
1551,4600.0
1552,4400.0
1553,3700.0
1554,2000.0
1555,4800.0
1556,2200.0
1557,4700.0
1558,4800.0
1559,4000.0
1560,3900.0
1561,3900.0
1562,2600.0
1563,4100.0
1564,5000.0
1565,1800.0
1566,2600.0
1567,4300.0
1568,3400.0
1569,1500.0
1570,1900.0
1571,3100.0
1572,1800.0
1573,1300.0
1574,4300.0
1575,2000.0
1576,2100.0
1577,2500.0
1578,4200.0
1579,4600.0
1580,1400.0
1581,1700.0
1582,3500.0
1583,1800.0
1584,1800.0
1585,4000.0
1586,3400.0
1587,3100.0
1588,4600.0
1589,3800.0
1590,3800.0
1591,5500.0
1592,4500.0
1593,2900.0
1594,5000.0
1595,2400.0
1596,3200.0
1597,2000.0
1598,2100.0
1599,2600.0
1600,2000.0
1601,5900.0
1602,3200.0
1603,3900.0
1604,5400.0
1605,1700.0
1606,2600.0
1607,4100.0
1608,3100.0
1609,2200.0
1610,2600.0
1611,4500.0
1612,2700.0
1613,2200.0
1614,1600.0
1615,2800.0
1616,3600.0
1617,2300.0
1618,1900.0
1619,3900.0
1620,2600.0
1621,2700.0
1622,3100.0
1623,3900.0
1624,3400.0
1625,4600.0
1626,2300.0
1627,2300.0
1628,2800.0
1629,1800.0
1630,2200.0
1631,1600.0
1632,1000.0
1633,4400.0
1634,4400.0
1635,2200.0
1636,1700.0
1637,2300.0
1638,4700.0
1639,4000.0
1640,3600.0
1641,3700.0
1642,2000.0
1643,3400.0
1644,1800.0
1645,3100.0
1646,3000.0
1647,3900.0
1648,1700.0
1649,4100.0
1650,4300.0
1651,3100.0
1652,1800.0
1653,2100.0
1654,2300.0
1655,2400.0
1656,3600.0
1657,1900.0
1658,3600.0
1659,2200.0
1660,2400.0
1661,2900.0
1662,3600.0
1663,3300.0
1664,4400.0
1665,3700.0
1666,2600.0
1667,3000.0
1668,4400.0
1669,4200.0
1670,2100.0
1671,3500.0
1672,1700.0
1673,2400.0
1674,2600.0
1675,4600.0
1676,2400.0
1677,4000.0
1678,3200.0
1679,3800.0
1680,2300.0
1681,2100.0
1682,4400.0
1683,3800.0
1684,3400.0
1685,3200.0
1686,5400.0
1687,3800.0
1688,1500.0
1689,3500.0
1690,4400.0
1691,2500.0
1692,4700.0
1693,3600.0
1694,3500.0
1695,5000.0
1696,4400.0
1697,4000.0
1698,5600.0
1699,2600.0
1700,2100.0
1701,2100.0
1702,1600.0
1703,1900.0
1704,4100.0
1705,3200.0
1706,5400.0
1707,3600.0
1708,1700.0
1709,3600.0
1710,2800.0
1711,4700.0
1712,2600.0
1713,2100.0
1714,5200.0
1715,3100.0
1716,2000.0
1717,5100.0
1718,1500.0
1719,2800.0
1720,5800.0
1721,2200.0
1722,5900.0
1723,5300.0
1724,3400.0
1725,2100.0
1726,3100.0
1727,1300.0
1728,3400.0
1729,3500.0
1730,5100.0
1731,1500.0
1732,2300.0
1733,2700.0
1734,2600.0
1735,4900.0
1736,5100.0
1737,2700.0
1738,1400.0
1739,4500.0
1740,2500.0
1741,2600.0
1742,1800.0
1743,2100.0
1744,2600.0
1745,4100.0
1746,3400.0
1747,5900.0
1748,1100.0
1749,4000.0
1750,2100.0
1751,3100.0
1752,4400.0
1753,2000.0
1754,3200.0
1755,3900.0
1756,4400.0
1757,3200.0
1758,5000.0
1759,2300.0
1760,5000.0
1761,4300.0
1762,3900.0
1763,2800.0
1764,2600.0
1765,4800.0
1766,3200.0
1767,4200.0
1768,3700.0
1769,3300.0
1770,3000.0
1771,3400.0
1772,5300.0
1773,3200.0
1774,4600.0
1775,3800.0
1776,3600.0
1777,1300.0
1778,4100.0
1779,1500.0
1780,4000.0
1781,3200.0
1782,5400.0
1783,6200.0
1784,3500.0
1785,3100.0
1786,3300.0
1787,2800.0
1788,2300.0
1789,2200.0
1790,4800.0
1791,3300.0
1792,3100.0
1793,4900.0
1794,3500.0
1795,2400.0
1796,3000.0
1797,3500.0
1798,1600.0
1799,1500.0
1800,3300.0
1801,1700.0
1802,2400.0
1803,3000.0
1804,2900.0
1805,3000.0
1806,2300.0
1807,3400.0
1808,1700.0
1809,2800.0
1810,3400.0
1811,2900.0
1812,4200.0
1813,1200.0
1814,4300.0
1815,3700.0
1816,4000.0
1817,1800.0
1818,2600.0
1819,3400.0
1820,5100.0
1821,1900.0
1822,4600.0
1823,1500.0
1824,2300.0
1825,4300.0
1826,4900.0
1827,2900.0
1828,4000.0
1829,4200.0
1830,2600.0
1831,2500.0
1832,4600.0
1833,2500.0
1834,4900.0
1835,3700.0
1836,4500.0
1837,4300.0
1838,2900.0
1839,2900.0
1840,3500.0
1841,3800.0
1842,3600.0
1843,2200.0
1844,3600.0
1845,3100.0
1846,4000.0
1847,2500.0
1848,6500.0
1849,5400.0
1850,3900.0
1851,3900.0
1852,3800.0
1853,2200.0
1854,2300.0
1855,2300.0
1856,2000.0
1857,2100.0
1858,4300.0
1859,2200.0
1860,5600.0
1861,3900.0
1862,3000.0
1863,1400.0
1864,3100.0
1865,1400.0
1866,2800.0
1867,4800.0
1868,3400.0
1869,5200.0
1870,3500.0
1871,4200.0
1872,1800.0
1873,2600.0
1874,1500.0
1875,2800.0
1876,2300.0
1877,3800.0
1878,2700.0
1879,2500.0
1880,3700.0
1881,3100.0
1882,2400.0
1883,2700.0
1884,5700.0
1885,4400.0
1886,4100.0
1887,2300.0
1888,1900.0
1889,4600.0
1890,4900.0
1891,1900.0
1892,2100.0
1893,1800.0
1894,1900.0
1895,2500.0
1896,4300.0
1897,2400.0
1898,1500.0
1899,2700.0
1900,1900.0
1901,3900.0
1902,2900.0
1903,3700.0
1904,3000.0
1905,4400.0
1906,3900.0
1907,2700.0
1908,4700.0
1909,5400.0
1910,1800.0
1911,3600.0
1912,4800.0
1913,3200.0
1914,3500.0
1915,1600.0
1916,2200.0
1917,3600.0
1918,3800.0
1919,1900.0
1920,1600.0
1921,1800.0
1922,3700.0
1923,1900.0
1924,3000.0
1925,3000.0
1926,2900.0
1927,3400.0
1928,2200.0
1929,2000.0
1930,2100.0
1931,2700.0
1932,1700.0
1933,3700.0
1934,2400.0
1935,4600.0
1936,3500.0
1937,3300.0
1938,3300.0
1939,1800.0
1940,5300.0
1941,3900.0
1942,1700.0
1943,4100.0
1944,1500.0
1945,2600.0
1946,3500.0
1947,4400.0
1948,1800.0
1949,5100.0
1950,3800.0
1951,1900.0
1952,3500.0
1953,1800.0
1954,3300.0
1955,2300.0
1956,2100.0
1957,4400.0
1958,2000.0
1959,2600.0
1960,5400.0
1961,3900.0
1962,3700.0
1963,1800.0
1964,3300.0
1965,4300.0
1966,1400.0
1967,2600.0
1968,3200.0
1969,3600.0
1970,4400.0
1971,5400.0
1972,1900.0
1973,4500.0
1974,3500.0
1975,1800.0
1976,3100.0
1977,3900.0
1978,4200.0
1979,4500.0
1980,2800.0
1981,2500.0
1982,4900.0
1983,2700.0
1984,2100.0
1985,4300.0
1986,3900.0
1987,2600.0
1988,2400.0
1989,4300.0
1990,4100.0
1991,2600.0
1992,3700.0
1993,1400.0
1994,1900.0
1995,4700.0
1996,3500.0
1997,5700.0
1998,2800.0
1999,2000.0
2000,4500.0
2001,3500.0
2002,1600.0
2003,4700.0
2004,3600.0
2005,2600.0
2006,5100.0
2007,5400.0
2008,2300.0
2009,2900.0
2010,4200.0
2011,2800.0
2012,1600.0
2013,5300.0
2014,1600.0
2015,4800.0
2016,2300.0
2017,4500.0
2018,2100.0
2019,2300.0
2020,4000.0
2021,2200.0
2022,2300.0
2023,3300.0
2024,2400.0
2025,4200.0
2026,2900.0
2027,2300.0
2028,5300.0
2029,2500.0
2030,2700.0
2031,4000.0
2032,4700.0
2033,4400.0
2034,1900.0
2035,1300.0
2036,1400.0
2037,3500.0
2038,2900.0
2039,2100.0
2040,2800.0
2041,4500.0
2042,1800.0
2043,3800.0
2044,3400.0
2045,3900.0
2046,3600.0
2047,3600.0
2048,3700.0
2049,2200.0
2050,3700.0
2051,4000.0
2052,3200.0
2053,1400.0
2054,2200.0
2055,3700.0
2056,1400.0
2057,2100.0
2058,1600.0
2059,1900.0
2060,3500.0
2061,2300.0
2062,5000.0
2063,3900.0
2064,1800.0
2065,5700.0
2066,2000.0
2067,2000.0
2068,2000.0
2069,3300.0
2070,1900.0
2071,3100.0
2072,3700.0
2073,3100.0
2074,1900.0
2075,5400.0
2076,4300.0
2077,3100.0
2078,3200.0
2079,2800.0
2080,3200.0
2081,3900.0
2082,3800.0
2083,2100.0
2084,4500.0
2085,2000.0
2086,2500.0
2087,4600.0
2088,4900.0
2089,3200.0
2090,1800.0
2091,2400.0
2092,4600.0
2093,2400.0
2094,3000.0
2095,1400.0
2096,4100.0
2097,3600.0
2098,4600.0
2099,2500.0
2100,2000.0
2101,4000.0
2102,2800.0
2103,5000.0
2104,2700.0
2105,3000.0
2106,4300.0
2107,3100.0
2108,2600.0
2109,2200.0
2110,2500.0
2111,1400.0
2112,3900.0
2113,2400.0
2114,3600.0
2115,2000.0
2116,3000.0
2117,3800.0
2118,2800.0
2119,4400.0
2120,2100.0
2121,4400.0
2122,3900.0
2123,3900.0
2124,5100.0
2125,1700.0
2126,2400.0
2127,2100.0
2128,2800.0
2129,3200.0
2130,4000.0
2131,1600.0
2132,1600.0
2133,2000.0
2134,2700.0
2135,3200.0
2136,2100.0
2137,4200.0
2138,4900.0
2139,2600.0
2140,2400.0
2141,5200.0
2142,3900.0
2143,5100.0
2144,2800.0
2145,3000.0
2146,2300.0
2147,3900.0
2148,1200.0
2149,2600.0
2150,4100.0
2151,2400.0
2152,3800.0
2153,3100.0
2154,3100.0
2155,2100.0
2156,2000.0
2157,4300.0
2158,1800.0
2159,3100.0
2160,1800.0
2161,3300.0
2162,1900.0
2163,3400.0
2164,2400.0
2165,1700.0
2166,3700.0
2167,3600.0
2168,3900.0
2169,3100.0
2170,3100.0
2171,3300.0
2172,1700.0
2173,2900.0
2174,2200.0
2175,1900.0
2176,1600.0
2177,2900.0
2178,1800.0
2179,4300.0
2180,2800.0
2181,4000.0
2182,2700.0
2183,4900.0
2184,4600.0
2185,2000.0
2186,1700.0
2187,2100.0
2188,1800.0
2189,1800.0
2190,3300.0
2191,1000.0
2192,3200.0
2193,4000.0
2194,3500.0
2195,2200.0
2196,2800.0
2197,2900.0
2198,4900.0
2199,2200.0
2200,2900.0
2201,3300.0
2202,2700.0
2203,2700.0
2204,3100.0
2205,1700.0
2206,3700.0
2207,2800.0
2208,3000.0
2209,1600.0
2210,4100.0
2211,2800.0
2212,2100.0
2213,1500.0
2214,3100.0
2215,1400.0
2216,2600.0
2217,4400.0
2218,3200.0
2219,3100.0
2220,2300.0
2221,2800.0
2222,3200.0
2223,2200.0
2224,1900.0
2225,1200.0
2226,5300.0
2227,3200.0
2228,4700.0
2229,5000.0
2230,2400.0
2231,2000.0
2232,3400.0
2233,2600.0
2234,4000.0
2235,3200.0
2236,3200.0
2237,4100.0
2238,2400.0
2239,2900.0
2240,1800.0
2241,3700.0
2242,1900.0
2243,3800.0
2244,3800.0
2245,3700.0
2246,2800.0
2247,1800.0
2248,4600.0
2249,1500.0
2250,1600.0
2251,3500.0
2252,5700.0
2253,1900.0
2254,4100.0
2255,3800.0
2256,2200.0
2257,4000.0
2258,4200.0
2259,3100.0
2260,3500.0
2261,4900.0
2262,2000.0
2263,4200.0
2264,2000.0
2265,2000.0
2266,1800.0
2267,2600.0
2268,4100.0
2269,4300.0
2270,2500.0
2271,5000.0
2272,3300.0
2273,4000.0
2274,2100.0
2275,1700.0
2276,2700.0
2277,2900.0
2278,4900.0
2279,2000.0
2280,3400.0
2281,3300.0
2282,2800.0
2283,5600.0
2284,4900.0
2285,3700.0
2286,3200.0
2287,2900.0
2288,4800.0
2289,3600.0
2290,3700.0
2291,3100.0
2292,4000.0
2293,4100.0
2294,3700.0
2295,700.0
2296,3700.0
2297,3400.0
2298,2700.0
2299,4000.0
2300,4100.0
2301,4100.0
2302,1600.0
2303,2200.0
2304,3300.0
2305,5600.0
2306,3700.0
2307,1600.0
2308,2400.0
2309,5100.0
2310,4200.0
2311,1300.0
2312,5200.0
2313,3000.0
2314,2300.0
2315,4600.0
2316,3500.0
2317,2600.0
2318,3800.0
2319,4200.0
2320,3700.0
2321,1800.0
2322,2000.0
2323,2600.0
2324,3700.0
2325,2400.0
2326,3200.0
2327,2600.0
2328,3200.0
2329,4200.0
2330,2500.0
2331,2700.0
2332,4900.0
2333,2200.0
2334,5300.0
2335,5800.0
2336,4300.0
2337,3900.0
2338,3700.0
2339,2300.0
2340,1600.0
2341,1400.0
2342,2100.0
2343,2800.0
2344,2700.0
2345,2800.0
2346,4400.0
2347,2900.0
2348,2600.0
2349,4300.0
2350,3100.0
2351,2600.0
2352,1600.0
2353,1700.0
2354,6200.0
2355,2900.0
2356,1300.0
2357,3100.0
2358,3700.0
2359,5200.0
2360,1700.0
2361,3000.0
2362,2800.0
2363,4800.0
2364,4000.0
2365,2800.0
2366,2600.0
2367,2100.0
2368,2900.0
2369,5200.0
2370,2900.0
2371,2000.0
2372,2400.0
2373,2400.0
2374,4600.0
2375,3100.0
2376,2000.0
2377,3500.0
2378,2200.0
2379,2200.0
2380,4000.0
2381,1000.0
2382,2400.0
2383,5300.0
2384,4200.0
2385,3000.0
2386,2300.0
2387,2500.0
2388,2300.0
2389,2800.0
2390,2000.0
2391,2000.0
2392,3000.0
2393,2900.0
2394,2100.0
2395,1800.0
2396,2600.0
2397,4000.0
2398,1400.0
2399,4200.0
2400,4600.0
2401,5700.0
2402,3500.0
2403,1700.0
2404,3000.0
2405,2300.0
2406,2600.0
2407,1700.0
2408,1600.0
2409,2400.0
2410,3600.0
2411,3000.0
2412,3300.0
2413,3500.0
2414,2800.0
2415,3300.0
2416,2100.0
2417,5300.0
2418,5400.0
2419,1500.0
2420,2800.0
2421,1500.0
2422,2300.0
2423,2600.0
2424,3300.0
2425,1600.0
2426,2600.0
2427,2800.0
2428,3900.0
2429,6500.0
2430,1900.0
2431,1800.0
2432,1500.0
2433,1700.0
2434,1900.0
2435,3300.0
2436,3500.0
2437,3400.0
2438,1600.0
2439,5400.0
2440,2600.0
2441,2600.0
2442,4500.0
2443,3400.0
2444,2800.0
2445,2000.0
2446,2700.0
2447,2400.0
2448,5500.0
2449,3700.0
2450,2000.0
2451,3200.0
2452,5000.0
2453,1900.0
2454,1700.0
2455,2800.0
2456,3800.0
2457,5000.0
2458,3800.0
2459,3800.0
2460,3300.0
2461,3200.0
2462,4700.0
2463,3700.0
2464,2600.0
2465,2200.0
2466,3400.0
2467,2800.0
2468,2800.0
2469,2800.0
2470,1500.0
2471,2100.0
2472,2800.0
2473,3000.0
2474,2500.0
2475,1700.0
2476,1700.0
2477,3400.0
2478,3800.0
2479,4300.0
2480,3200.0
2481,2400.0
2482,1900.0
2483,3400.0
2484,3200.0
2485,1300.0
2486,4600.0
2487,1600.0
2488,4400.0
2489,2100.0
2490,2600.0
2491,3000.0
2492,3700.0
2493,2000.0
2494,3600.0
2495,2800.0
2496,1700.0
2497,3900.0
2498,4400.0
2499,2900.0
2500,2400.0
2501,2600.0
2502,2600.0
2503,3900.0
2504,2800.0
2505,1600.0
2506,4000.0
2507,1500.0
2508,5800.0
2509,2700.0
2510,2100.0
2511,4400.0
2512,2600.0
2513,2000.0
2514,3500.0
2515,1700.0
2516,3400.0
2517,2200.0
2518,2900.0
2519,2400.0
2520,2200.0
2521,2900.0
2522,2200.0
2523,3400.0
2524,3100.0
2525,3500.0
2526,2300.0
2527,1300.0
2528,2000.0
2529,3800.0
2530,4200.0
2531,2000.0
2532,4800.0
2533,3500.0
2534,1700.0
2535,5200.0
2536,1500.0
2537,5000.0
2538,4300.0
2539,2600.0
2540,1300.0
2541,2600.0
2542,2500.0
2543,3000.0
2544,2000.0
2545,2400.0
2546,3800.0
2547,5100.0
2548,2400.0
2549,2300.0
2550,3100.0
2551,3900.0
2552,4100.0
2553,3200.0
2554,3800.0
2555,2700.0
2556,1800.0
2557,2200.0
2558,2500.0
2559,2200.0
2560,1900.0
2561,3300.0
2562,1700.0
2563,2100.0
2564,2400.0
2565,2300.0
2566,6300.0
2567,1900.0
2568,4300.0
2569,4700.0
2570,2400.0
2571,2100.0
2572,4100.0
2573,2900.0
2574,2400.0
2575,4300.0
2576,2400.0
2577,2400.0
2578,2200.0
2579,2100.0
2580,2800.0
2581,4100.0
2582,5100.0
2583,1100.0
2584,2400.0
2585,3600.0
2586,2300.0
2587,3800.0
2588,4000.0
2589,2100.0
2590,4100.0
2591,2700.0
2592,4000.0
2593,3500.0
2594,4100.0
2595,3600.0
2596,3700.0
2597,2000.0
2598,2300.0
2599,3300.0
2600,3900.0
2601,4200.0
2602,1500.0
2603,2400.0
2604,2500.0
2605,3300.0
2606,2200.0
2607,3800.0
2608,2600.0
2609,1700.0
2610,2600.0
2611,2700.0
2612,2800.0
2613,4200.0
2614,2200.0
2615,3400.0
2616,3200.0
2617,3800.0
2618,2400.0
2619,3800.0
2620,1700.0
2621,3600.0
2622,3900.0
2623,1200.0
2624,4300.0
2625,2500.0
2626,4100.0
2627,2200.0
2628,3100.0
2629,2500.0
2630,3200.0
2631,4600.0
2632,1000.0
2633,2700.0
2634,3300.0
2635,4600.0
2636,2900.0
2637,4500.0
2638,1600.0
2639,2600.0
2640,4600.0
2641,3400.0
2642,2400.0
2643,2300.0
2644,3100.0
2645,4300.0
2646,2500.0
2647,4100.0
2648,3600.0
2649,2900.0
2650,2300.0
2651,1400.0
2652,2200.0
2653,2600.0
2654,1700.0
2655,1500.0
2656,2000.0
2657,2900.0
2658,1900.0
2659,2800.0
2660,4900.0
2661,4000.0
2662,2100.0
2663,3800.0
2664,3500.0
2665,2900.0
2666,3800.0
2667,1500.0
2668,2700.0
2669,2900.0
2670,4900.0
2671,2000.0
2672,2700.0
2673,3900.0
2674,2200.0
2675,1500.0
2676,5300.0
2677,4800.0
2678,2900.0
2679,2100.0
2680,2900.0
2681,4000.0
2682,2100.0
2683,1700.0
2684,3400.0
2685,1800.0
2686,4100.0
2687,2400.0
2688,1400.0
2689,4200.0
2690,3500.0
2691,1500.0
2692,4800.0
2693,1600.0
2694,2100.0
2695,2900.0
2696,1800.0
2697,4100.0
2698,4400.0
2699,4800.0
2700,5000.0
2701,2200.0
2702,1700.0
2703,4900.0
2704,1600.0
2705,4100.0
2706,2500.0
2707,3400.0
2708,1500.0
2709,4800.0
2710,2200.0
2711,4100.0
2712,800.0
2713,1900.0
2714,2800.0
2715,1700.0
2716,3500.0
2717,5400.0
2718,2200.0
2719,2000.0
2720,1700.0
2721,3200.0
2722,4600.0
2723,3900.0
2724,4000.0
2725,2400.0
2726,1600.0
2727,2200.0
2728,2800.0
2729,4700.0
2730,1900.0
2731,4900.0
2732,4100.0
2733,2400.0
2734,3500.0
2735,1500.0
2736,2000.0
2737,3600.0
2738,2400.0
2739,5300.0
2740,2400.0
2741,2300.0
2742,4100.0
2743,3700.0
2744,4000.0
2745,1900.0
2746,4200.0
2747,2500.0
2748,6000.0
2749,4900.0
2750,2900.0
2751,3400.0
2752,3000.0
2753,2800.0
2754,2300.0
2755,3000.0
2756,3100.0
2757,5000.0
2758,3100.0
2759,2400.0
2760,4200.0
2761,2800.0
2762,3400.0
2763,3000.0
2764,1900.0
2765,4700.0
2766,2700.0
2767,2500.0
2768,4500.0
2769,5700.0
2770,3700.0
2771,2800.0
2772,2300.0
2773,3000.0
2774,3400.0
2775,2500.0
2776,1800.0
2777,1900.0
2778,3200.0
2779,2100.0
2780,1600.0
2781,1800.0
2782,1400.0
2783,2100.0
2784,3300.0
2785,3400.0
2786,2400.0
2787,5400.0
2788,1900.0
2789,3200.0
2790,3500.0
2791,2400.0
2792,1900.0
2793,3600.0
2794,2400.0
2795,1600.0
2796,3200.0
2797,5300.0
2798,3000.0
2799,3200.0
2800,3600.0
2801,1900.0
2802,5600.0
2803,4800.0
2804,4900.0
2805,2400.0
2806,3000.0
2807,3100.0
2808,2700.0
2809,4600.0
2810,2600.0
2811,1600.0
2812,1300.0
2813,4000.0
2814,4000.0
2815,4100.0
2816,3200.0
2817,1600.0
2818,3100.0
2819,1700.0
2820,6200.0
2821,1600.0
2822,1700.0
2823,1700.0
2824,2300.0
2825,2400.0
2826,3200.0
2827,2400.0
2828,5700.0
2829,1700.0
2830,2200.0
2831,2000.0
2832,4900.0
2833,1900.0
2834,2300.0
2835,3000.0
2836,3000.0
2837,1900.0
2838,1400.0
2839,4300.0
2840,4200.0
2841,1700.0
2842,3800.0
2843,1800.0
2844,3000.0
2845,5200.0
2846,4900.0
2847,3200.0
2848,3900.0
2849,2400.0
2850,2800.0
2851,3900.0
2852,4100.0
2853,3500.0
2854,3000.0
2855,2900.0
2856,2900.0
2857,2600.0
2858,4200.0
2859,3100.0
2860,3200.0
2861,4800.0
2862,4100.0
2863,1400.0
2864,2000.0
2865,2300.0
2866,2400.0
2867,4100.0
2868,1000.0
2869,1900.0
2870,2700.0
2871,2900.0
2872,5000.0
2873,2300.0
2874,3000.0
2875,2800.0
2876,4900.0
2877,1600.0
2878,1200.0
2879,2300.0
2880,3000.0
2881,2800.0
2882,2400.0
2883,3100.0
2884,3700.0
2885,1900.0
2886,3500.0
2887,3600.0
2888,3900.0
2889,2100.0
2890,2400.0
2891,4400.0
2892,4700.0
2893,2500.0
2894,3200.0
2895,3200.0
2896,2800.0
2897,1400.0
2898,3700.0
2899,2300.0
2900,3900.0
2901,3400.0
2902,2400.0
2903,3000.0
2904,2000.0
2905,2200.0
2906,2800.0
2907,2200.0
2908,2300.0
2909,2500.0
2910,1200.0
2911,2400.0
2912,4400.0
2913,3200.0
2914,4900.0
2915,2300.0
2916,4800.0
2917,2000.0
2918,5000.0
2919,3000.0
2920,2000.0
2921,3700.0
2922,1200.0
2923,2400.0
2924,4600.0
2925,3200.0
2926,2900.0
2927,3300.0
2928,3300.0
2929,4300.0
2930,1000.0
2931,1700.0
2932,5500.0
2933,3000.0
2934,4200.0
2935,2600.0
2936,3200.0
2937,2800.0
2938,3300.0
2939,3700.0
2940,3200.0
2941,1600.0
2942,3700.0
2943,2300.0
2944,2400.0
2945,2200.0
2946,1800.0
2947,3100.0
2948,2500.0
2949,2200.0
2950,2700.0
2951,2200.0
2952,3400.0
2953,1700.0
2954,1900.0
2955,1600.0
2956,3800.0
2957,1600.0
2958,4400.0
2959,4500.0
2960,2000.0
2961,4400.0
2962,3600.0
2963,600.0
2964,2200.0
2965,2300.0
2966,5600.0
2967,2700.0
2968,3400.0
2969,2700.0
2970,1900.0
2971,2000.0
2972,3900.0
2973,4100.0
2974,3300.0
2975,4200.0
2976,3200.0
2977,2000.0
2978,5100.0
2979,2000.0
2980,900.0
2981,2700.0
2982,3100.0
2983,2100.0
2984,4600.0
2985,2300.0
2986,6300.0
2987,3100.0
2988,4700.0
2989,5200.0
2990,3400.0
2991,1700.0
2992,1500.0
2993,2500.0
2994,2100.0
2995,2000.0
2996,4400.0
2997,2400.0
2998,2800.0
2999,4700.0
3000,3100.0
3001,2000.0
3002,4600.0
3003,3500.0
3004,3100.0
3005,1500.0
3006,2400.0
3007,3200.0
3008,2700.0
3009,2700.0
3010,1400.0
3011,4300.0
3012,1000.0
3013,4400.0
3014,2200.0
3015,1900.0
3016,4700.0
3017,4200.0
3018,3200.0
3019,3700.0
3020,1800.0
3021,2400.0
3022,3200.0
3023,2800.0
3024,3900.0
3025,2000.0
3026,2900.0
3027,3700.0
3028,4000.0
3029,2800.0
3030,3500.0
3031,2000.0
3032,3700.0
3033,2400.0
3034,2800.0
3035,3000.0
3036,2300.0
3037,4400.0
3038,2100.0
3039,4500.0
3040,3700.0
3041,1900.0
3042,2200.0
3043,2100.0
3044,4300.0
3045,6100.0
3046,3100.0
3047,3400.0
3048,5000.0
3049,1900.0
3050,4000.0
3051,4900.0
3052,3000.0
3053,3100.0
3054,3800.0
3055,3900.0
3056,2700.0
3057,2200.0
3058,2100.0
3059,1500.0
3060,1700.0
3061,3400.0
3062,4200.0
3063,2000.0
3064,4800.0
3065,3500.0
3066,3800.0
3067,3300.0
3068,1600.0
3069,3900.0
3070,2300.0
3071,3000.0
3072,4200.0
3073,2000.0
3074,3500.0
3075,1500.0
3076,3800.0
3077,4900.0
3078,3300.0
3079,4400.0
3080,3000.0
3081,800.0
3082,2000.0
3083,2700.0
3084,2600.0
3085,2400.0
3086,3000.0
3087,5000.0
3088,3600.0
3089,2400.0
3090,3500.0
3091,3500.0
3092,2300.0
3093,4300.0
3094,2300.0
3095,2300.0
3096,3000.0
3097,4200.0
3098,4700.0
3099,1000.0
3100,600.0
3101,3100.0
3102,900.0
3103,2600.0
3104,4200.0
3105,4200.0
3106,3800.0
3107,2200.0
3108,2100.0
3109,2900.0
3110,2100.0
3111,3600.0
3112,4100.0
3113,2600.0
3114,3300.0
3115,3100.0
3116,5500.0
3117,1700.0
3118,5400.0
3119,3000.0
3120,1900.0
3121,1400.0
3122,3200.0
3123,4500.0
3124,1500.0
3125,1800.0
3126,2900.0
3127,3800.0
3128,1800.0
3129,1900.0
3130,3700.0
3131,2000.0
3132,1200.0
3133,4300.0
3134,4800.0
3135,3800.0
3136,5700.0
3137,3200.0
3138,4600.0
3139,2600.0
3140,3900.0
3141,2700.0
3142,3100.0
3143,4200.0
3144,3000.0
3145,2700.0
3146,3500.0
3147,1600.0
3148,2000.0
3149,4500.0
3150,2000.0
3151,3200.0
3152,1700.0
3153,4100.0
3154,1400.0
3155,3600.0
3156,3100.0
3157,4100.0
3158,1700.0
3159,1400.0
3160,3600.0
3161,2400.0
3162,3000.0
3163,2800.0
3164,2200.0
3165,4100.0
3166,3100.0
3167,4100.0
3168,2200.0
3169,3400.0
3170,3400.0
3171,1700.0
3172,4300.0
3173,4900.0
3174,2600.0
3175,3400.0
3176,4000.0
3177,2400.0
3178,3000.0
3179,4400.0
3180,2300.0
3181,3900.0
3182,3200.0
3183,3300.0
3184,2500.0
3185,2900.0
3186,5800.0
3187,4000.0
3188,2200.0
3189,3600.0
3190,2100.0
3191,3600.0
3192,4400.0
3193,4000.0
3194,3100.0
3195,3200.0
3196,2100.0
3197,2000.0
3198,3100.0
3199,4100.0
3200,3700.0
3201,2000.0
3202,5900.0
3203,3600.0
3204,3700.0
3205,4600.0
3206,4400.0
3207,3000.0
3208,4300.0
3209,1600.0
3210,1100.0
3211,2300.0
3212,3500.0
3213,3600.0
3214,3900.0
3215,3100.0
3216,1800.0
3217,2500.0
3218,3300.0
3219,1600.0
3220,4400.0
3221,4700.0
3222,2700.0
3223,2100.0
3224,4100.0
3225,3100.0
3226,2400.0
3227,5000.0
3228,3400.0
3229,3500.0
3230,3200.0
3231,3800.0
3232,2900.0
3233,2400.0
3234,2000.0
3235,2100.0
3236,2200.0
3237,2800.0
3238,3400.0
3239,2000.0
3240,3900.0
3241,4100.0
3242,4900.0
3243,4200.0
3244,1800.0
3245,2500.0
3246,2700.0
3247,2800.0
3248,2000.0
3249,2400.0
3250,3900.0
3251,2300.0
3252,2200.0
3253,1300.0
3254,3600.0
3255,3100.0
3256,4700.0
3257,3300.0
3258,4900.0
3259,1700.0
3260,3000.0
3261,2800.0
3262,2500.0
3263,4100.0
3264,3200.0
3265,3900.0
3266,1900.0
3267,3300.0
3268,4000.0
3269,2100.0
3270,2000.0
3271,4100.0
3272,2100.0
3273,2000.0
3274,5000.0
3275,2800.0
3276,1800.0
3277,5400.0
3278,3800.0
3279,3800.0
3280,2000.0
3281,1900.0
3282,1800.0
3283,3600.0
3284,4200.0
3285,3400.0
3286,3600.0
3287,4500.0
3288,3000.0
3289,1800.0
3290,1000.0
3291,1800.0
3292,4400.0
3293,1500.0
3294,1700.0
3295,2700.0
3296,3200.0
3297,2600.0
3298,4700.0
3299,1500.0
3300,1500.0
3301,3400.0
3302,2500.0
3303,1300.0
3304,4000.0
3305,4300.0
3306,3200.0
3307,2400.0
3308,1800.0
3309,1800.0
3310,1700.0
3311,2500.0
3312,2700.0
3313,1600.0
3314,2800.0
3315,2200.0
3316,2700.0
3317,2000.0
3318,2100.0
3319,1900.0
3320,1500.0
3321,5300.0
3322,3500.0
3323,2600.0
3324,2500.0
3325,2700.0
3326,1000.0
3327,5300.0
3328,4100.0
3329,1800.0
3330,1700.0
3331,2500.0
3332,1900.0
3333,1100.0
3334,4900.0
3335,4100.0
3336,4800.0
3337,5100.0
3338,1500.0
3339,2800.0
3340,2000.0
3341,4200.0
3342,4800.0
3343,3300.0
3344,2100.0
3345,3400.0
3346,2500.0
3347,4100.0
3348,4000.0
3349,4500.0
3350,4000.0
3351,3900.0
3352,1700.0
3353,3100.0
3354,1400.0
3355,2200.0
3356,3800.0
3357,2200.0
3358,2700.0
3359,4400.0
3360,3000.0
3361,2300.0
3362,5200.0
3363,1900.0
3364,2700.0
3365,2800.0
3366,3000.0
3367,3900.0
3368,4100.0
3369,3900.0
3370,3200.0
3371,3600.0
3372,3400.0
3373,2900.0
3374,1900.0
3375,2300.0
3376,2000.0
3377,4100.0
3378,1900.0
3379,3600.0
3380,2700.0
3381,5700.0
3382,3600.0
3383,3300.0
3384,4000.0
3385,2200.0
3386,2800.0
3387,3200.0
3388,4400.0
3389,2600.0
3390,1800.0
3391,2000.0
3392,2400.0
3393,4400.0
3394,3400.0
3395,1700.0
3396,2100.0
3397,4600.0
3398,5400.0
3399,3900.0
3400,2800.0
3401,2200.0
3402,3200.0
3403,1700.0
3404,3200.0
3405,3300.0
3406,1900.0
3407,3900.0
3408,2000.0
3409,5200.0
3410,3000.0
3411,4100.0
3412,3200.0
3413,2100.0
3414,3900.0
3415,4500.0
3416,2400.0
3417,2900.0
3418,2300.0
3419,4900.0
3420,3900.0
3421,3600.0
3422,6600.0
3423,4400.0
3424,1400.0
3425,4200.0
3426,1900.0
3427,2300.0
3428,5600.0
3429,4400.0
3430,3900.0
3431,2400.0
3432,1800.0
3433,4200.0
3434,3300.0
3435,2400.0
3436,2600.0
3437,2100.0
3438,3200.0
3439,5000.0
3440,5100.0
3441,1600.0
3442,2800.0
3443,4900.0
3444,2100.0
3445,2700.0
3446,3900.0
3447,2600.0
3448,2500.0
3449,3800.0
3450,2900.0
3451,2000.0
3452,2900.0
3453,2000.0
3454,3900.0
3455,3200.0
3456,4700.0
3457,2300.0
3458,3500.0
3459,4400.0
3460,4000.0
3461,4000.0
3462,2300.0
3463,3500.0
3464,2500.0
3465,2400.0
3466,3200.0
3467,3300.0
3468,2800.0
3469,2900.0
3470,4000.0
3471,2800.0
3472,1700.0
3473,3600.0
3474,3000.0
3475,3600.0
3476,2800.0
3477,2300.0
3478,3600.0
3479,2900.0
3480,4800.0
3481,3500.0
3482,3600.0
3483,4400.0
3484,2700.0
3485,4400.0
3486,3000.0
3487,3400.0
3488,1800.0
3489,1500.0
3490,2600.0
3491,3100.0
3492,3100.0
3493,1800.0
3494,3800.0
3495,3300.0
3496,2900.0
3497,2900.0
3498,1900.0
3499,2500.0
3500,1800.0
3501,3500.0
3502,3500.0
3503,3500.0
3504,1700.0
3505,4000.0
3506,3000.0
3507,2600.0
3508,3700.0
3509,2600.0
3510,3100.0
3511,3000.0
3512,4500.0
3513,1700.0
3514,4100.0
3515,3600.0
3516,4200.0
3517,5000.0
3518,4700.0
3519,6100.0
3520,3600.0
3521,2300.0
3522,1600.0
3523,4800.0
3524,3100.0
3525,2500.0
3526,5000.0
3527,3600.0
3528,5800.0
3529,4600.0
3530,1900.0
3531,1900.0
3532,2400.0
3533,2200.0
3534,3300.0
3535,5400.0
3536,2300.0
3537,2100.0
3538,4000.0
3539,3500.0
3540,2700.0
3541,2300.0
3542,2600.0
3543,1500.0
3544,3400.0
3545,2400.0
3546,3500.0
3547,2000.0
3548,1600.0
3549,1200.0
3550,5300.0
3551,3100.0
3552,3500.0
3553,4100.0
3554,3900.0
3555,3800.0
3556,2600.0
3557,3900.0
3558,2100.0
3559,1500.0
3560,4500.0
3561,4600.0
3562,3000.0
3563,1700.0
3564,3400.0
3565,2400.0
3566,3700.0
3567,2300.0
3568,3300.0
3569,1000.0
3570,2000.0
3571,4400.0
3572,2100.0
3573,2500.0
3574,4100.0
3575,4300.0
3576,3400.0
3577,4000.0
3578,4800.0
3579,3400.0
3580,1900.0
3581,2000.0
3582,2700.0
3583,4300.0
3584,4000.0
3585,2900.0
3586,1500.0
3587,4200.0
3588,4000.0
3589,3800.0
3590,3500.0
3591,1900.0
3592,2300.0
3593,2300.0
3594,5100.0
3595,3900.0
3596,2900.0
3597,4700.0
3598,3000.0
3599,3300.0
3600,3600.0
3601,3300.0
3602,1600.0
3603,5600.0
3604,2600.0
3605,2500.0
3606,2800.0
3607,1500.0
3608,4100.0
3609,2000.0
3610,3800.0
3611,4100.0
3612,2900.0
3613,2700.0
3614,3100.0
3615,2500.0
3616,2000.0
3617,3700.0
3618,1900.0
3619,2400.0
3620,1700.0
3621,3000.0
3622,3100.0
3623,3800.0
3624,1200.0
3625,3100.0
3626,1900.0
3627,2500.0
3628,3300.0
3629,2700.0
3630,4200.0
3631,2300.0
3632,2200.0
3633,2000.0
3634,3000.0
3635,3800.0
3636,4800.0
3637,3500.0
3638,1700.0
3639,2000.0
3640,3200.0
3641,3300.0
3642,2600.0
3643,2200.0
3644,3300.0
3645,4200.0
3646,3200.0
3647,3200.0
3648,4100.0
3649,4100.0
3650,1500.0
3651,3600.0
3652,3500.0
3653,4700.0
3654,3100.0
3655,2300.0
3656,3300.0
3657,1900.0
3658,4000.0
3659,2500.0
3660,4000.0
3661,4500.0
3662,3900.0
3663,2300.0
3664,1200.0
3665,4200.0
3666,1800.0
3667,3800.0
3668,2700.0
3669,4200.0
3670,3100.0
3671,3400.0
3672,4200.0
3673,3800.0
3674,1900.0
3675,1600.0
3676,4200.0
3677,3500.0
3678,3600.0
3679,3100.0
3680,2300.0
3681,1800.0
3682,4300.0
3683,3700.0
3684,2300.0
3685,1500.0
3686,3800.0
3687,2900.0
3688,1400.0
3689,2400.0
3690,3900.0
3691,2600.0
3692,1400.0
3693,3900.0
3694,1500.0
3695,1800.0
3696,3100.0
3697,3800.0
3698,3800.0
3699,4200.0
3700,5500.0
3701,3900.0
3702,3600.0
3703,4100.0
3704,2500.0
3705,5200.0
3706,2600.0
3707,3000.0
3708,2900.0
3709,2200.0
3710,2400.0
3711,2700.0
3712,2600.0
3713,2700.0
3714,500.0
3715,5500.0
3716,2900.0
3717,3200.0
3718,4200.0
3719,1600.0
3720,5100.0
3721,5100.0
3722,2700.0
3723,3500.0
3724,2300.0
3725,2300.0
3726,2300.0
3727,3500.0
3728,2400.0
3729,4300.0
3730,1800.0
3731,6300.0
3732,3100.0
3733,1200.0
3734,3800.0
3735,4500.0
3736,500.0
3737,700.0
3738,2800.0
3739,3000.0
3740,3600.0
3741,2300.0
3742,2700.0
3743,2500.0
3744,3700.0
3745,3100.0
3746,3200.0
3747,3600.0
3748,3400.0
3749,3200.0
3750,3000.0
3751,1900.0
3752,2500.0
3753,3700.0
3754,2800.0
3755,2100.0
3756,4900.0
3757,2400.0
3758,3700.0
3759,4800.0
3760,5700.0
3761,1800.0
3762,2900.0
3763,2300.0
3764,3400.0
3765,4500.0
3766,1700.0
3767,2400.0
3768,3400.0
3769,4700.0
3770,1000.0
3771,4200.0
3772,2600.0
3773,2000.0
3774,3400.0
3775,3900.0
3776,2500.0
3777,3800.0
3778,1100.0
3779,3000.0
3780,4200.0
3781,2900.0
3782,2100.0
3783,2300.0
3784,3400.0
3785,3000.0
3786,4500.0
3787,3600.0
3788,4800.0
3789,4300.0
3790,1600.0
3791,3200.0
3792,1200.0
3793,2600.0
3794,2900.0
3795,2900.0
3796,2100.0
3797,2900.0
3798,4800.0
3799,1500.0
3800,3600.0
3801,2500.0
3802,4900.0
3803,2200.0
3804,3200.0
3805,4200.0
3806,3200.0
3807,1700.0
3808,2900.0
3809,2600.0
3810,3300.0
3811,4000.0
3812,2800.0
3813,2900.0
3814,2000.0
3815,3700.0
3816,5300.0
3817,3300.0
3818,4100.0
3819,3200.0
3820,1800.0
3821,2400.0
3822,3800.0
3823,2300.0
3824,3400.0
3825,5000.0
3826,3200.0
3827,2700.0
3828,2000.0
3829,1800.0
3830,5100.0
3831,1800.0
3832,4200.0
3833,5600.0
3834,1200.0
3835,5700.0
3836,2000.0
3837,3600.0
3838,1700.0
3839,4800.0
3840,2400.0
3841,2000.0
3842,3400.0
3843,4300.0
3844,4100.0
3845,2000.0
3846,2200.0
3847,2200.0
3848,4000.0
3849,1700.0
3850,1900.0
3851,1600.0
3852,2600.0
3853,3000.0
3854,2600.0
3855,3800.0
3856,4700.0
3857,6300.0
3858,2300.0
3859,3400.0
3860,3900.0
3861,3200.0
3862,2300.0
3863,1400.0
3864,1800.0
3865,4400.0
3866,1700.0
3867,4700.0
3868,2300.0
3869,2400.0
3870,1900.0
3871,3300.0
3872,2500.0
3873,1900.0
3874,1800.0
3875,2200.0
3876,1900.0
3877,3900.0
3878,3800.0
3879,5900.0
3880,3100.0
3881,3000.0
3882,3700.0
3883,4300.0
3884,1900.0
3885,3100.0
3886,3900.0
3887,2000.0
3888,2800.0
3889,2300.0
3890,4100.0
3891,4000.0
3892,3900.0
3893,3200.0
3894,2400.0
3895,3200.0
3896,4200.0
3897,4200.0
3898,4900.0
3899,2200.0
3900,3100.0
3901,1300.0
3902,1600.0
3903,3600.0
3904,4000.0
3905,3200.0
3906,2200.0
3907,1700.0
3908,3500.0
3909,3200.0
3910,3400.0
3911,4600.0
3912,2900.0
3913,2700.0
3914,3400.0
3915,2400.0
3916,2300.0
3917,3100.0
3918,3300.0
3919,1100.0
3920,2900.0
3921,3700.0
3922,2600.0
3923,4000.0
3924,4800.0
3925,2000.0
3926,6000.0
3927,3800.0
3928,3100.0
3929,3100.0
3930,3100.0
3931,1500.0
3932,4100.0
3933,5400.0
3934,1000.0
3935,3500.0
3936,3400.0
3937,3900.0
3938,3100.0
3939,2400.0
3940,2400.0
3941,3500.0
3942,2500.0
3943,3200.0
3944,4300.0
3945,3400.0
3946,3400.0
3947,2200.0
3948,2300.0
3949,3200.0
3950,6100.0
3951,2300.0
3952,2500.0
3953,3500.0
3954,3000.0
3955,1900.0
3956,2500.0
3957,2900.0
3958,1300.0
3959,1700.0
3960,1900.0
3961,2200.0
3962,2300.0
3963,1900.0
3964,3100.0
3965,3500.0
3966,1800.0
3967,2600.0
3968,2400.0
3969,4500.0
3970,3700.0
3971,1800.0
3972,1500.0
3973,3000.0
3974,3300.0
3975,3700.0
3976,900.0
3977,2100.0
3978,4500.0
3979,3300.0
3980,4400.0
3981,5300.0
3982,1500.0
3983,1800.0
3984,3600.0
3985,3000.0
3986,900.0
3987,4900.0
3988,3600.0
3989,3900.0
3990,5500.0
3991,3300.0
3992,2000.0
3993,4300.0
3994,2400.0
3995,1500.0
3996,2000.0
3997,2000.0
3998,3600.0
3999,4000.0
4000,3900.0
4001,4200.0
4002,1900.0
4003,3500.0
4004,3100.0
4005,2700.0
4006,3300.0
4007,3500.0
4008,2700.0
4009,4200.0
4010,3200.0
4011,3100.0
4012,3000.0
4013,2200.0
4014,2000.0
4015,2000.0
4016,4000.0
4017,2600.0
4018,2800.0
4019,2400.0
4020,2000.0
4021,2800.0
4022,1700.0
4023,3000.0
4024,1200.0
4025,4200.0
4026,1700.0
4027,4100.0
4028,2700.0
4029,3000.0
4030,3300.0
4031,1700.0
4032,2800.0
4033,3200.0
4034,3800.0
4035,2000.0
4036,4000.0
4037,3000.0
4038,1600.0
4039,2500.0
4040,2300.0
4041,1500.0
4042,1500.0
4043,3000.0
4044,3800.0
4045,3100.0
4046,2300.0
4047,4700.0
4048,2700.0
4049,2800.0
4050,3400.0
4051,1600.0
4052,6500.0
4053,3000.0
4054,3600.0
4055,2000.0
4056,4600.0
4057,1800.0
4058,1900.0
4059,3800.0
4060,2500.0
4061,4500.0
4062,3800.0
4063,4700.0
4064,3100.0
4065,3100.0
4066,4000.0
4067,3400.0
4068,4000.0
4069,5100.0
4070,2400.0
4071,2300.0
4072,4800.0
4073,4700.0
4074,2400.0
4075,4700.0
4076,3900.0
4077,3400.0
4078,1800.0
4079,2400.0
4080,2200.0
4081,1400.0
4082,4200.0
4083,1900.0
4084,2900.0
4085,2300.0
4086,1200.0
4087,1800.0
4088,2400.0
4089,1800.0
4090,2200.0
4091,1900.0
4092,2900.0
4093,3300.0
4094,4100.0
4095,5200.0
4096,3100.0
4097,2600.0
4098,4300.0
4099,2100.0
4100,4000.0
4101,3900.0
4102,4300.0
4103,4200.0
4104,4000.0
4105,3000.0
4106,2600.0
4107,1900.0
4108,3700.0
4109,4100.0
4110,4200.0
4111,2700.0
4112,2300.0
4113,3300.0
4114,2500.0
4115,4100.0
4116,2600.0
4117,2000.0
4118,3400.0
4119,1800.0
4120,4000.0
4121,2000.0
4122,2300.0
4123,3300.0
4124,2200.0
4125,1800.0
4126,2500.0
4127,2900.0
4128,3200.0
4129,700.0
4130,3600.0
4131,4100.0
4132,2200.0
4133,4800.0
4134,2800.0
4135,4000.0
4136,2000.0
4137,3800.0
4138,2700.0
4139,2500.0
4140,2800.0
4141,2500.0
4142,2600.0
4143,4000.0
4144,2400.0
4145,2000.0
4146,4700.0
4147,6200.0
4148,3800.0
4149,2400.0
4150,4300.0
4151,2400.0
4152,5400.0
4153,2100.0
4154,2100.0
4155,2000.0
4156,1900.0
4157,4300.0
4158,3000.0
4159,1600.0
4160,2500.0
4161,3200.0
4162,3800.0
4163,4400.0
4164,5400.0
4165,5700.0
4166,3700.0
4167,3500.0
4168,1200.0
4169,5100.0
4170,2200.0
4171,1800.0
4172,2600.0
4173,1900.0
4174,1900.0
4175,1800.0
4176,4700.0
4177,2800.0
4178,2100.0
4179,3200.0
4180,2900.0
4181,4000.0
4182,3100.0
4183,4000.0
4184,2000.0
4185,5200.0
4186,1600.0
4187,2400.0
4188,2300.0
4189,2100.0
4190,1500.0
4191,2700.0
4192,3200.0
4193,3700.0
4194,3700.0
4195,3800.0
4196,3800.0
4197,2300.0
4198,2600.0
4199,2400.0
4200,1400.0
4201,4300.0
4202,3600.0
4203,6400.0
4204,3300.0
4205,1500.0
4206,2700.0
4207,2900.0
4208,1900.0
4209,2800.0
4210,1300.0
4211,2300.0
4212,1600.0
4213,2300.0
4214,3900.0
4215,1300.0
4216,3700.0
4217,2900.0
4218,3800.0
4219,3500.0
4220,2900.0
4221,1700.0
4222,2000.0
4223,2900.0
4224,3700.0
4225,5400.0
4226,3000.0
4227,4000.0
4228,2400.0
4229,3300.0
4230,3000.0
4231,3900.0
4232,3200.0
4233,3100.0
4234,2700.0
4235,2800.0
4236,2000.0
4237,2400.0
4238,4100.0
4239,4200.0
4240,3000.0
4241,3700.0
4242,3200.0
4243,2900.0
4244,2000.0
4245,4200.0
4246,2100.0
4247,2000.0
4248,4500.0
4249,2300.0
4250,4800.0
4251,3800.0
4252,1400.0
4253,7400.0
4254,4000.0
4255,4000.0
4256,2400.0
4257,4800.0
4258,1700.0
4259,4700.0
4260,4400.0
4261,4000.0
4262,4000.0
4263,3100.0
4264,2800.0
4265,3900.0
4266,2000.0
4267,3700.0
4268,2200.0
4269,3500.0
4270,5400.0
4271,5900.0
4272,1200.0
4273,3800.0
4274,1200.0
4275,3700.0
4276,2600.0
4277,4700.0
4278,1800.0
4279,3500.0
4280,1900.0
4281,1800.0
4282,3000.0
4283,4100.0
4284,2900.0
4285,3000.0
4286,3000.0
4287,2400.0
4288,1600.0
4289,2900.0
4290,2700.0
4291,1800.0
4292,3800.0
4293,4000.0
4294,3600.0
4295,4300.0
4296,2300.0
4297,2500.0
4298,2100.0
4299,3200.0
4300,4000.0
4301,1600.0
4302,3600.0
4303,1900.0
4304,4600.0
4305,3300.0
4306,4600.0
4307,2500.0
4308,2900.0
4309,5100.0
4310,2900.0
4311,3600.0
4312,3500.0
4313,5900.0
4314,2900.0
4315,2800.0
4316,4200.0
4317,3400.0
4318,2600.0
4319,3200.0
4320,2100.0
4321,1500.0
4322,3500.0
4323,2800.0
4324,3800.0
4325,3100.0
4326,3000.0
4327,3800.0
4328,3000.0
4329,2600.0
4330,4100.0
4331,1700.0
4332,6100.0
4333,3500.0
4334,2200.0
4335,4100.0
4336,2400.0
4337,1800.0
4338,2100.0
4339,3200.0
4340,4400.0
4341,3100.0
4342,3500.0
4343,4300.0
4344,5200.0
4345,3100.0
4346,2200.0
4347,4300.0
4348,4100.0
4349,1500.0
4350,4700.0
4351,2000.0
4352,3800.0
4353,1300.0
4354,2400.0
4355,2500.0
4356,4200.0
4357,3100.0
4358,4200.0
4359,3900.0
4360,1100.0
4361,4300.0
4362,2200.0
4363,3600.0
4364,2400.0
4365,2200.0
4366,2900.0
4367,8100.0
4368,3400.0
4369,3800.0
4370,1800.0
4371,3600.0
4372,1600.0
4373,2900.0
4374,5200.0
4375,2300.0
4376,3300.0
4377,2100.0
4378,1200.0
4379,5300.0
4380,3100.0
4381,3700.0
4382,2400.0
4383,1900.0
4384,1800.0
4385,2700.0
4386,1800.0
4387,4900.0
4388,1800.0
4389,1000.0
4390,4500.0
4391,3400.0
4392,3100.0
4393,2200.0
4394,1200.0
4395,2200.0
4396,5600.0
4397,4100.0
4398,5200.0
4399,4600.0
4400,5600.0
4401,2900.0
4402,2000.0
4403,2600.0
4404,3300.0
4405,3600.0
4406,3300.0
4407,3500.0
4408,3700.0
4409,4100.0
4410,3300.0
4411,1300.0
4412,1600.0
4413,3900.0
4414,3300.0
4415,3400.0
4416,2300.0
4417,2700.0
4418,2500.0
4419,4700.0
4420,4400.0
4421,2300.0
4422,3800.0
4423,3100.0
4424,3300.0
4425,2900.0
4426,7300.0
4427,2500.0
4428,2400.0
4429,3600.0
4430,3300.0
4431,1700.0
4432,3400.0
4433,1800.0
4434,3700.0
4435,2100.0
4436,3100.0
4437,2500.0
4438,2300.0
4439,1800.0
4440,3100.0
4441,4100.0
4442,4300.0
4443,3400.0
4444,3500.0
4445,4900.0
4446,2300.0
4447,4900.0
4448,2500.0
4449,3700.0
4450,4400.0
4451,4900.0
4452,2000.0
4453,2600.0
4454,2900.0
4455,3500.0
4456,4100.0
4457,4700.0
4458,3600.0
4459,4200.0
4460,3900.0
4461,4100.0
4462,3200.0
4463,800.0
4464,3500.0
4465,2200.0
4466,3300.0
4467,4200.0
4468,1800.0
4469,2600.0
4470,3500.0
4471,2800.0
4472,300.0
4473,3100.0
4474,2200.0
4475,1900.0
4476,3200.0
4477,2800.0
4478,4200.0
4479,4700.0
4480,4100.0
4481,2500.0
4482,4400.0
4483,2300.0
4484,2800.0
4485,4700.0
4486,5600.0
4487,2400.0
4488,2700.0
4489,3100.0
4490,3800.0
4491,2300.0
4492,4300.0
4493,2100.0
4494,3200.0
4495,2200.0
4496,2900.0
4497,3700.0
4498,1900.0
4499,2200.0
4500,3500.0
4501,2000.0
4502,6200.0
4503,1800.0
4504,3100.0
4505,2000.0
4506,3200.0
4507,2900.0
4508,4800.0
4509,3500.0
4510,2800.0
4511,5200.0
4512,2300.0
4513,1600.0
4514,4400.0
4515,1800.0
4516,2300.0
4517,2800.0
4518,4300.0
4519,3700.0
4520,2700.0
4521,4700.0
4522,3700.0
4523,1500.0
4524,2000.0
4525,1300.0
4526,1900.0
4527,3200.0
4528,2900.0
4529,4200.0
4530,4200.0
4531,3300.0
4532,2400.0
4533,3500.0
4534,6300.0
4535,3300.0
4536,4400.0
4537,2300.0
4538,3600.0
4539,4600.0
4540,2400.0
4541,4500.0
4542,3400.0
4543,1700.0
4544,2700.0
4545,1900.0
4546,3300.0
4547,4700.0
4548,3700.0
4549,6000.0
4550,2000.0
4551,3800.0
4552,4600.0
4553,2700.0
4554,3900.0
4555,5400.0
4556,5000.0
4557,3400.0
4558,2500.0
4559,3200.0
4560,3900.0
4561,2300.0
4562,1900.0
4563,2100.0
4564,3700.0
4565,2200.0
4566,4400.0
4567,2400.0
4568,2600.0
4569,4300.0
4570,3500.0
4571,4900.0
4572,3800.0
4573,5100.0
4574,2000.0
4575,2300.0
4576,2200.0
4577,4400.0
4578,3000.0
4579,2800.0
4580,4000.0
4581,2400.0
4582,3200.0
4583,2500.0
4584,2500.0
4585,3700.0
4586,3000.0
4587,2900.0
4588,3300.0
4589,2200.0
4590,4600.0
4591,2000.0
4592,4100.0
4593,1500.0
4594,3500.0
4595,2100.0
4596,4900.0
4597,2400.0
4598,2400.0
4599,2900.0
4600,2400.0
4601,3200.0
4602,3400.0
4603,4600.0
4604,3700.0
4605,2500.0
4606,4400.0
4607,5200.0
4608,4900.0
4609,2200.0
4610,5100.0
4611,1900.0
4612,4000.0
4613,1800.0
4614,2200.0
4615,3300.0
4616,3900.0
4617,4600.0
4618,1700.0
4619,3200.0
4620,4500.0
4621,4300.0
4622,1900.0
4623,4000.0
4624,1600.0
4625,2300.0
4626,3200.0
4627,1800.0
4628,4900.0
4629,4300.0
4630,3400.0
4631,3400.0
4632,1900.0
4633,3700.0
4634,2900.0
4635,3600.0
4636,4700.0
4637,3700.0
4638,2800.0
4639,2200.0
4640,4500.0
4641,2700.0
4642,3900.0
4643,4400.0
4644,2000.0
4645,3600.0
4646,2900.0
4647,3200.0
4648,3900.0
4649,3300.0
4650,4000.0
4651,1900.0
4652,1700.0
4653,2900.0
4654,1400.0
4655,4100.0
4656,2500.0
4657,1800.0
4658,4200.0
4659,1700.0
4660,4200.0
4661,2900.0
4662,1600.0
4663,3300.0
4664,3200.0
4665,3800.0
4666,2400.0
4667,4900.0
4668,1700.0
4669,1700.0
4670,2900.0
4671,4100.0
4672,4700.0
4673,2200.0
4674,3500.0
4675,4500.0
4676,3600.0
4677,4100.0
4678,5500.0
4679,1900.0
4680,5800.0
4681,4300.0
4682,3100.0
4683,2400.0
4684,2100.0
4685,2400.0
4686,3000.0
4687,4000.0
4688,1900.0
4689,3000.0
4690,4500.0
4691,3900.0
4692,1500.0
4693,5300.0
4694,3200.0
4695,2900.0
4696,4600.0
4697,4200.0
4698,3800.0
4699,3000.0
4700,4600.0
4701,3700.0
4702,1700.0
4703,2400.0
4704,2000.0
4705,1900.0
4706,1700.0
4707,5000.0
4708,1600.0
4709,3700.0
4710,2200.0
4711,4100.0
4712,5200.0
4713,3500.0
4714,2900.0
4715,4100.0
4716,3500.0
4717,1500.0
4718,4700.0
4719,3900.0
4720,4300.0
4721,4300.0
4722,4400.0
4723,3100.0
4724,3500.0
4725,3400.0
4726,1600.0
4727,3600.0
4728,3100.0
4729,1800.0
4730,4500.0
4731,4600.0
4732,2700.0
4733,5800.0
4734,2000.0
4735,2500.0
4736,4500.0
4737,1700.0
4738,3000.0
4739,1800.0
4740,3200.0
4741,3800.0
4742,6000.0
4743,4500.0
4744,1700.0
4745,4400.0
4746,3400.0
4747,2100.0
4748,3100.0
4749,1800.0
4750,3800.0
4751,1400.0
4752,3700.0
4753,3900.0
4754,2200.0
4755,3800.0
4756,2700.0
4757,4500.0
4758,4200.0
4759,4600.0
4760,3600.0
4761,2400.0
4762,3500.0
4763,4900.0
4764,2700.0
4765,4000.0
4766,3400.0
4767,1800.0
4768,1700.0
4769,4700.0
4770,6500.0
4771,2500.0
4772,4400.0
4773,1800.0
4774,1800.0
4775,4700.0
4776,3000.0
4777,2200.0
4778,3800.0
4779,3200.0
4780,3700.0
4781,2500.0
4782,4600.0
4783,2300.0
4784,2300.0
4785,4900.0
4786,2200.0
4787,3300.0
4788,2900.0
4789,1600.0
4790,4300.0
4791,4600.0
4792,3400.0
4793,2100.0
4794,3600.0
4795,2500.0
4796,3000.0
4797,4100.0
4798,2000.0
4799,3600.0
4800,2300.0
4801,2400.0
4802,4000.0
4803,3900.0
4804,1400.0
4805,2300.0
4806,6100.0
4807,2900.0
4808,4800.0
4809,3300.0
4810,1500.0
4811,2500.0
4812,3500.0
4813,4500.0
4814,4100.0
4815,1700.0
4816,4600.0
4817,1800.0
4818,2000.0
4819,3500.0
4820,4300.0
4821,2000.0
4822,2400.0
4823,3100.0
4824,2000.0
4825,2100.0
4826,5200.0
4827,2900.0
4828,2400.0
4829,2600.0
4830,2100.0
4831,4700.0
4832,2800.0
4833,3900.0
4834,1300.0
4835,2500.0
4836,1200.0
4837,2200.0
4838,5000.0
4839,1600.0
4840,1700.0
4841,3100.0
4842,3800.0
4843,5200.0
4844,2600.0
4845,3200.0
4846,1600.0
4847,3500.0
4848,2600.0
4849,2200.0
4850,3100.0
4851,2700.0
4852,3500.0
4853,2800.0
4854,3300.0
4855,3600.0
4856,2400.0
4857,2100.0
4858,2200.0
4859,2000.0
4860,6000.0
4861,3700.0
4862,2500.0
4863,2400.0
4864,1700.0
4865,4500.0
4866,1800.0
4867,2900.0
4868,3600.0
4869,2700.0
4870,3000.0
4871,3700.0
4872,2000.0
4873,1800.0
4874,2200.0
4875,4600.0
4876,3800.0
4877,3200.0
4878,2000.0
4879,5200.0
4880,3900.0
4881,3100.0
4882,3400.0
4883,2200.0
4884,2800.0
4885,4300.0
4886,2800.0
4887,3500.0
4888,4100.0
4889,3400.0
4890,3200.0
4891,2200.0
4892,4000.0
4893,2400.0
4894,3000.0
4895,5300.0
4896,2600.0
4897,1800.0
4898,6500.0
4899,2500.0
4900,2200.0
4901,3200.0
4902,4500.0
4903,2500.0
4904,2900.0
4905,3500.0
4906,2000.0
4907,2500.0
4908,3000.0
4909,6200.0
4910,2100.0
4911,2600.0
4912,4700.0
4913,3400.0
4914,1800.0
4915,4100.0
4916,2700.0
4917,3800.0
4918,2400.0
4919,3800.0
4920,3100.0
4921,2700.0
4922,2200.0
4923,3300.0
4924,3800.0
4925,3200.0
4926,4600.0
4927,1100.0
4928,2800.0
4929,2900.0
4930,1500.0
4931,3000.0
4932,2200.0
4933,3400.0
4934,4100.0
4935,3800.0
4936,2300.0
4937,4400.0
4938,1400.0
4939,2000.0
4940,2500.0
4941,3700.0
4942,4800.0
4943,3900.0
4944,1900.0
4945,5300.0
4946,1700.0
4947,3100.0
4948,2700.0
4949,4900.0
4950,4000.0
4951,3800.0
4952,4900.0
4953,1800.0
4954,3700.0
4955,1600.0
4956,5300.0
4957,2600.0
4958,1200.0
4959,2800.0
4960,6200.0
4961,2800.0
4962,2300.0
4963,4300.0
4964,4200.0
4965,2100.0
4966,2600.0
4967,5100.0
4968,3000.0
4969,4700.0
4970,3800.0
4971,3000.0
4972,3500.0
4973,4300.0
4974,1500.0
4975,3600.0
4976,2000.0
4977,3300.0
4978,2800.0
4979,4100.0
4980,1800.0
4981,2400.0
4982,3000.0
4983,4000.0
4984,5800.0
4985,2000.0
4986,4100.0
4987,2400.0
4988,3800.0
4989,2600.0
4990,2400.0
4991,3000.0
4992,3500.0
4993,2300.0
4994,2500.0
4995,2400.0
4996,3200.0
4997,3300.0
4998,5200.0
4999,4800.0
5000,4200.0
5001,4300.0
5002,2000.0
5003,1400.0
5004,2300.0
5005,2600.0
5006,2000.0
5007,3000.0
5008,1700.0
5009,2100.0
5010,4600.0
5011,2600.0
5012,4100.0
5013,5200.0
5014,4900.0
5015,3500.0
5016,2400.0
5017,1900.0
5018,6800.0
5019,4000.0
5020,2300.0
5021,2500.0
5022,3800.0
5023,2400.0
5024,2500.0
5025,1800.0
5026,2900.0
5027,2800.0
5028,1700.0
5029,3600.0
5030,2600.0
5031,1400.0
5032,2500.0
5033,4900.0
5034,2400.0
5035,3000.0
5036,2800.0
5037,3100.0
5038,2100.0
5039,3500.0
5040,4800.0
5041,3000.0
5042,2000.0
5043,2500.0
5044,2900.0
5045,3200.0
5046,1700.0
5047,5100.0
5048,2400.0
5049,2300.0
5050,1600.0
5051,2100.0
5052,1700.0
5053,2600.0
5054,4200.0
5055,1900.0
5056,3400.0
5057,1300.0
5058,3100.0
5059,4100.0
5060,2700.0
5061,2600.0
5062,3900.0
5063,1300.0
5064,2800.0
5065,3900.0
5066,1800.0
5067,3500.0
5068,5700.0
5069,2200.0
5070,1600.0
5071,1900.0
5072,3300.0
5073,3300.0
5074,3800.0
5075,3100.0
5076,2500.0
5077,4000.0
5078,1800.0
5079,3300.0
5080,3300.0
5081,4000.0
5082,2600.0
5083,1600.0
5084,3600.0
5085,1700.0
5086,4600.0
5087,2700.0
5088,2200.0
5089,3900.0
5090,1500.0
5091,4300.0
5092,2200.0
5093,2700.0
5094,3500.0
5095,3300.0
5096,2600.0
5097,2500.0
5098,2600.0
5099,1100.0
5100,4700.0
5101,2400.0
5102,3200.0
5103,2500.0
5104,2000.0
5105,2600.0
5106,4600.0
5107,2700.0
5108,4300.0
5109,2100.0
5110,3200.0
5111,3600.0
5112,2800.0
5113,3600.0
5114,2200.0
5115,3400.0
5116,4800.0
5117,5100.0
5118,2200.0
5119,3400.0
5120,2200.0
5121,2300.0
5122,2600.0
5123,3000.0
5124,2200.0
5125,1300.0
5126,2000.0
5127,2900.0
5128,2400.0
5129,2300.0
5130,3600.0
5131,2900.0
5132,5000.0
5133,2800.0
5134,4400.0
5135,5800.0
5136,2300.0
5137,2100.0
5138,1700.0
5139,5400.0
5140,3400.0
5141,3000.0
5142,3800.0
5143,4200.0
5144,3600.0
5145,3600.0
5146,3500.0
5147,4800.0
5148,4100.0
5149,3800.0
5150,1900.0
5151,5000.0
5152,3000.0
5153,4100.0
5154,5500.0
5155,6000.0
5156,3500.0
5157,4800.0
5158,900.0
5159,2600.0
5160,4200.0
5161,3700.0
5162,2700.0
5163,4600.0
5164,3200.0
5165,3100.0
5166,1500.0
5167,3400.0
5168,4300.0
5169,4300.0
5170,4400.0
5171,4200.0
5172,2600.0
5173,1900.0
5174,2200.0
5175,2900.0
5176,1900.0
5177,5100.0
5178,2200.0
5179,5600.0
5180,3300.0
5181,3600.0
5182,2900.0
5183,2300.0
5184,1400.0
5185,1900.0
5186,4600.0
5187,4100.0
5188,2400.0
5189,4000.0
5190,2900.0
5191,4800.0
5192,4300.0
5193,5600.0
5194,4400.0
5195,3000.0
5196,3200.0
5197,2800.0
5198,2300.0
5199,3100.0
5200,4200.0
5201,2800.0
5202,1600.0
5203,3800.0
5204,2100.0
5205,2200.0
5206,3400.0
5207,1800.0
5208,2000.0
5209,4500.0
5210,4200.0
5211,1800.0
5212,2100.0
5213,4000.0
5214,5300.0
5215,3000.0
5216,5400.0
5217,3600.0
5218,2300.0
5219,3700.0
5220,3800.0
5221,3400.0
5222,2200.0
5223,1900.0
5224,3100.0
5225,2500.0
5226,1700.0
5227,3300.0
5228,3200.0
5229,2600.0
5230,3300.0
5231,1600.0
5232,5900.0
5233,4300.0
5234,4400.0
5235,2100.0
5236,2600.0
5237,1900.0
5238,5200.0
5239,3800.0
5240,4600.0
5241,5100.0
5242,1600.0
5243,1500.0
5244,3200.0
5245,3800.0
5246,2200.0
5247,2300.0
5248,2900.0
5249,4400.0
5250,3600.0
5251,2100.0
5252,4400.0
5253,3100.0
5254,3800.0
5255,1100.0
5256,3400.0
5257,500.0
5258,4100.0
5259,2600.0
5260,3000.0
5261,2400.0
5262,3000.0
5263,2400.0
5264,2100.0
5265,3000.0
5266,2500.0
5267,3400.0
5268,3700.0
5269,3700.0
5270,2400.0
5271,3800.0
5272,1600.0
5273,3500.0
5274,1400.0
5275,3600.0
5276,5700.0
5277,4000.0
5278,4100.0
5279,3100.0
5280,1900.0
5281,3200.0
5282,1900.0
5283,1000.0
5284,2700.0
5285,3600.0
5286,2500.0
5287,5200.0
5288,2200.0
5289,4100.0
5290,2700.0
5291,4400.0
5292,1400.0
5293,3500.0
5294,2800.0
5295,3100.0
5296,3000.0
5297,1900.0
5298,5200.0
5299,3700.0
5300,2800.0
5301,2700.0
5302,3200.0
5303,4000.0
5304,2100.0
5305,1200.0
5306,1700.0
5307,4100.0
5308,2900.0
5309,3200.0
5310,3500.0
5311,2100.0
5312,2300.0
5313,2300.0
5314,1500.0
5315,2700.0
5316,4000.0
5317,1200.0
5318,4800.0
5319,3500.0
5320,4200.0
5321,4400.0
5322,3600.0
5323,7000.0
5324,1500.0
5325,4200.0
5326,1700.0
5327,2000.0
5328,2000.0
5329,3500.0
5330,3500.0
5331,2700.0
5332,2400.0
5333,3200.0
5334,5000.0
5335,2700.0
5336,2900.0
5337,2500.0
5338,1100.0
5339,3500.0
5340,2400.0
5341,2300.0
5342,1600.0
5343,3000.0
5344,4400.0
5345,5300.0
5346,2300.0
5347,2100.0
5348,4700.0
5349,3700.0
5350,6400.0
5351,900.0
5352,5400.0
5353,3500.0
5354,1600.0
5355,1600.0
5356,4400.0
5357,2300.0
5358,2900.0
5359,3100.0
5360,2200.0
5361,2700.0
5362,2800.0
5363,3300.0
5364,3100.0
5365,4300.0
5366,2700.0
5367,2600.0
5368,3400.0
5369,3900.0
5370,5100.0
5371,4200.0
5372,2600.0
5373,1600.0
5374,5900.0
5375,4200.0
5376,2200.0
5377,4200.0
5378,6000.0
5379,3600.0
5380,1900.0
5381,3300.0
5382,1900.0
5383,1800.0
5384,2300.0
5385,1400.0
5386,3300.0
5387,2700.0
5388,3200.0
5389,1600.0
5390,1700.0
5391,4100.0
5392,1900.0
5393,1900.0
5394,3600.0
5395,1600.0
5396,1400.0
5397,3200.0
5398,3400.0
5399,3700.0
5400,3800.0
5401,3700.0
5402,1100.0
5403,2800.0
5404,1100.0
5405,4900.0
5406,1400.0
5407,3300.0
5408,4100.0
5409,3600.0
5410,4400.0
5411,2500.0
5412,4800.0
5413,2300.0
5414,3400.0
5415,3600.0
5416,1200.0
5417,3000.0
5418,1600.0
5419,5000.0
5420,2700.0
5421,3600.0
5422,3800.0
5423,5600.0
5424,5100.0
5425,3800.0
5426,2000.0
5427,2700.0
5428,2400.0
5429,3200.0
5430,2600.0
5431,3600.0
5432,2500.0
5433,2900.0
5434,1800.0
5435,3900.0
5436,2800.0
5437,4700.0
5438,3000.0
5439,1800.0
5440,2700.0
5441,7800.0
5442,4600.0
5443,7200.0
5444,2300.0
5445,3700.0
5446,3900.0
5447,2800.0
5448,3900.0
5449,4400.0
5450,2600.0
5451,4300.0
5452,1500.0
5453,5000.0
5454,3600.0
5455,2900.0
5456,2500.0
5457,2600.0
5458,2400.0
5459,1500.0
5460,2700.0
5461,2700.0
5462,5000.0
5463,2100.0
5464,4900.0
5465,4000.0
5466,3300.0
5467,1500.0
5468,4100.0
5469,4300.0
5470,2000.0
5471,3600.0
5472,3000.0
5473,1100.0
5474,3700.0
5475,2400.0
5476,2500.0
5477,3200.0
5478,3900.0
5479,4800.0
5480,4600.0
5481,1900.0
5482,3400.0
5483,4200.0
5484,3500.0
5485,4300.0
5486,4500.0
5487,3200.0
5488,1600.0
5489,3500.0
5490,5600.0
5491,4600.0
5492,2500.0
5493,3200.0
5494,2400.0
5495,3100.0
5496,2400.0
5497,1500.0
5498,2500.0
5499,5700.0
5500,2600.0
5501,2000.0
5502,1200.0
5503,5000.0
5504,3000.0
5505,4100.0
5506,3200.0
5507,2200.0
5508,2500.0
5509,3700.0
5510,4500.0
5511,2500.0
5512,2200.0
5513,3000.0
5514,2400.0
5515,3100.0
5516,1900.0
5517,2400.0
5518,2900.0
5519,3600.0
5520,3000.0
5521,3800.0
5522,1400.0
5523,1800.0
5524,3200.0
5525,1700.0
5526,4000.0
5527,3600.0
5528,2900.0
5529,3300.0
5530,1800.0
5531,3100.0
5532,2200.0
5533,2800.0
5534,2600.0
5535,2600.0
5536,4600.0
5537,2800.0
5538,3900.0
5539,3500.0
5540,1300.0
5541,3900.0
5542,5900.0
5543,5600.0
5544,2400.0
5545,3400.0
5546,4100.0
5547,2500.0
5548,1500.0
5549,2100.0
5550,1800.0
5551,4300.0
5552,2800.0
5553,3200.0
5554,3600.0
5555,4000.0
5556,2800.0
5557,2200.0
5558,3900.0
5559,1900.0
5560,4100.0
5561,3300.0
5562,3800.0
5563,3300.0
5564,4400.0
5565,2300.0
5566,3600.0
5567,4500.0
5568,4300.0
5569,3600.0
5570,2800.0
5571,3400.0
5572,3400.0
5573,2600.0
5574,2000.0
5575,2100.0
5576,1700.0
5577,5700.0
5578,3200.0
5579,1900.0
5580,4000.0
5581,2200.0
5582,1100.0
5583,2600.0
5584,2800.0
5585,4200.0
5586,2900.0
5587,3000.0
5588,1600.0
5589,3500.0
5590,2000.0
5591,2000.0
5592,3000.0
5593,2400.0
5594,3100.0
5595,5600.0
5596,4200.0
5597,2900.0
5598,4700.0
5599,3700.0
5600,3700.0
5601,3500.0
5602,2500.0
5603,3100.0
5604,2300.0
5605,4000.0
5606,3800.0
5607,3600.0
5608,4700.0
5609,3200.0
5610,2500.0
5611,2300.0
5612,3600.0
5613,2900.0
5614,3700.0
5615,4000.0
5616,2600.0
5617,6100.0
5618,3900.0
5619,2000.0
5620,4400.0
5621,1100.0
5622,3700.0
5623,4700.0
5624,3500.0
5625,4600.0
5626,2300.0
5627,5300.0
5628,4000.0
5629,1600.0
5630,2900.0
5631,4700.0
5632,3300.0
5633,3500.0
5634,2800.0
5635,3700.0
5636,1700.0
5637,1000.0
5638,5400.0
5639,3800.0
5640,3100.0
5641,3500.0
5642,2700.0
5643,1400.0
5644,4600.0
5645,4400.0
5646,1800.0
5647,4600.0
5648,2800.0
5649,4700.0
5650,4000.0
5651,6100.0
5652,2500.0
5653,1900.0
5654,6100.0
5655,2100.0
5656,6200.0
5657,2300.0
5658,1700.0
5659,3200.0
5660,3600.0
5661,3700.0
5662,3300.0
5663,1600.0
5664,3800.0
5665,3800.0
5666,5000.0
5667,2900.0
5668,5100.0
5669,2400.0
5670,3600.0
5671,3900.0
5672,6000.0
5673,2100.0
5674,1500.0
5675,1900.0
5676,2400.0
5677,2200.0
5678,3200.0
5679,2400.0
5680,4300.0
5681,3800.0
5682,3400.0
5683,2600.0
5684,4800.0
5685,2300.0
5686,2600.0
5687,4200.0
5688,1200.0
5689,2500.0
5690,3700.0
5691,3400.0
5692,4800.0
5693,1800.0
5694,1900.0
5695,4100.0
5696,2100.0
5697,3700.0
5698,4400.0
5699,3200.0
5700,2500.0
5701,2900.0
5702,2500.0
5703,5000.0
5704,3200.0
5705,2400.0
5706,1700.0
5707,4700.0
5708,2000.0
5709,2500.0
5710,1800.0
5711,3800.0
5712,3600.0
5713,5000.0
5714,3100.0
5715,1400.0
5716,3500.0
5717,4400.0
5718,6400.0
5719,2700.0
5720,3000.0
5721,3600.0
5722,2000.0
5723,4600.0
5724,1400.0
5725,3700.0
5726,3800.0
5727,3100.0
5728,5000.0
5729,1900.0
5730,4600.0
5731,2800.0
5732,2100.0
5733,2600.0
5734,3700.0
5735,2600.0
5736,2200.0
5737,2900.0
5738,1200.0
5739,2700.0
5740,4400.0
5741,4700.0
5742,4600.0
5743,4600.0
5744,1600.0
5745,2400.0
5746,1900.0
5747,1800.0
5748,5700.0
5749,3600.0
5750,3200.0
5751,1300.0
5752,4700.0
5753,1600.0
5754,3900.0
5755,2000.0
5756,3600.0
5757,2700.0
5758,4000.0
5759,2200.0
5760,1400.0
5761,4300.0
5762,2300.0
5763,4700.0
5764,3000.0
5765,4700.0
5766,5000.0
5767,3500.0
5768,2900.0
5769,2300.0
5770,3400.0
5771,1700.0
5772,5500.0
5773,2300.0
5774,2400.0
5775,4000.0
5776,3400.0
5777,4400.0
5778,3400.0
5779,7300.0
5780,2400.0
5781,5100.0
5782,1900.0
5783,2000.0
5784,3700.0
5785,3500.0
5786,3600.0
5787,2900.0
5788,2000.0
5789,1600.0
5790,2900.0
5791,2800.0
5792,1700.0
5793,3800.0
5794,3000.0
5795,1500.0
5796,3300.0
5797,4100.0
5798,5200.0
5799,3700.0
5800,2500.0
5801,2900.0
5802,2900.0
5803,1400.0
5804,3000.0
5805,4600.0
5806,1800.0
5807,3500.0
5808,3700.0
5809,2900.0
5810,4400.0
5811,4700.0
5812,4700.0
5813,2500.0
5814,2500.0
5815,800.0
5816,3200.0
5817,4900.0
5818,3200.0
5819,2200.0
5820,4400.0
5821,4500.0
5822,2500.0
5823,3800.0
5824,4600.0
5825,3900.0
5826,1800.0
5827,4400.0
5828,2100.0
5829,1400.0
5830,1800.0
5831,3800.0
5832,2400.0
5833,2600.0
5834,2700.0
5835,2600.0
5836,2200.0
5837,2600.0
5838,4400.0
5839,2800.0
5840,3300.0
5841,2100.0
5842,1500.0
5843,2500.0
5844,1800.0
5845,4000.0
5846,4100.0
5847,2300.0
5848,1400.0
5849,3800.0
5850,4300.0
5851,2600.0
5852,4100.0
5853,2300.0
5854,2200.0
5855,2200.0
5856,3900.0
5857,2000.0
5858,2200.0
5859,4400.0
5860,3000.0
5861,5600.0
5862,3400.0
5863,2600.0
5864,1200.0
5865,1800.0
5866,4400.0
5867,1600.0
5868,3400.0
5869,3900.0
5870,3200.0
5871,2000.0
5872,5500.0
5873,3000.0
5874,3200.0
5875,1500.0
5876,1800.0
5877,5500.0
5878,4000.0
5879,3900.0
5880,4700.0
5881,2700.0
5882,4300.0
5883,4200.0
5884,2800.0
5885,1800.0
5886,3900.0
5887,3500.0
5888,2400.0
5889,2300.0
5890,2900.0
5891,4800.0
5892,1900.0
5893,4800.0
5894,4800.0
5895,2700.0
5896,3900.0
5897,5300.0
5898,2000.0
5899,2000.0
5900,4800.0
5901,4400.0
5902,3800.0
5903,2200.0
5904,3400.0
5905,3200.0
5906,2800.0
5907,2000.0
5908,4600.0
5909,3000.0
5910,4600.0
5911,4100.0
5912,2300.0
5913,3700.0
5914,1900.0
5915,5300.0
5916,5100.0
5917,3000.0
5918,3800.0
5919,3000.0
5920,4300.0
5921,4000.0
5922,3700.0
5923,4100.0
5924,1900.0
5925,2600.0
5926,3100.0
5927,3500.0
5928,2600.0
5929,2000.0
5930,4200.0
5931,3900.0
5932,1800.0
5933,5600.0
5934,4000.0
5935,4200.0
5936,3900.0
5937,4000.0
5938,2700.0
5939,2200.0
5940,4200.0
5941,6000.0
5942,4600.0
5943,2900.0
5944,3900.0
5945,2700.0
5946,2600.0
5947,3000.0
5948,2400.0
5949,1700.0
5950,4400.0
5951,4200.0
5952,1500.0
5953,1900.0
5954,2500.0
5955,3500.0
5956,1500.0
5957,5100.0
5958,4000.0
5959,3700.0
5960,2900.0
5961,2000.0
5962,4700.0
5963,2600.0
5964,1800.0
5965,3300.0
5966,3000.0
5967,4000.0
5968,1800.0
5969,3700.0
5970,3700.0
5971,2000.0
5972,1800.0
5973,6900.0
5974,1900.0
5975,2000.0
5976,3000.0
5977,5800.0
5978,3200.0
5979,3900.0
5980,1400.0
5981,3600.0
5982,1500.0
5983,3800.0
5984,4800.0
5985,1800.0
5986,2500.0
5987,2100.0
5988,1900.0
5989,2000.0
5990,2500.0
5991,2900.0
5992,1700.0
5993,3400.0
5994,4700.0
5995,3500.0
5996,3400.0
5997,2800.0
5998,4700.0
5999,2700.0
6000,1300.0
6001,1900.0
6002,1100.0
6003,4400.0
6004,3300.0
6005,1800.0
6006,3800.0
6007,2400.0
6008,2000.0
6009,2100.0
6010,1700.0
6011,1600.0
6012,1800.0
6013,4300.0
6014,1600.0
6015,1400.0
6016,2300.0
6017,2500.0
6018,3000.0
6019,3400.0
6020,2100.0
6021,3200.0
6022,2500.0
6023,2000.0
6024,2600.0
6025,3100.0
6026,2200.0
6027,2700.0
6028,2700.0
6029,3200.0
6030,2400.0
6031,1600.0
6032,2800.0
6033,3800.0
6034,2600.0
6035,3600.0
6036,5600.0
6037,3200.0
6038,2800.0
6039,2000.0
6040,2400.0
6041,2800.0
6042,1300.0
6043,4000.0
6044,3800.0
6045,5100.0
6046,2000.0
6047,3700.0
6048,4400.0
6049,5400.0
6050,1700.0
6051,5000.0
6052,1200.0
6053,3000.0
6054,4000.0
6055,2300.0
6056,4200.0
6057,3400.0
6058,3100.0
6059,1400.0
6060,1600.0
6061,2300.0
6062,1400.0
6063,3500.0
6064,1600.0
6065,4000.0
6066,2300.0
6067,3800.0
6068,1700.0
6069,3800.0
6070,4200.0
6071,4300.0
6072,5000.0
6073,3100.0
6074,4300.0
6075,2300.0
6076,3100.0
6077,5000.0
6078,2500.0
6079,2200.0
6080,1800.0
6081,4500.0
6082,2400.0
6083,1800.0
6084,5200.0
6085,6300.0
6086,1500.0
6087,4000.0
6088,1600.0
6089,4300.0
6090,2100.0
6091,1700.0
6092,2800.0
6093,2300.0
6094,1700.0
6095,2900.0
6096,4400.0
6097,5200.0
6098,3300.0
6099,3400.0
6100,1500.0
6101,3700.0
6102,3900.0
6103,1900.0
6104,3900.0
6105,2400.0
6106,3800.0
6107,1500.0
6108,3600.0
6109,4000.0
6110,5600.0
6111,2700.0
6112,4800.0
6113,1800.0
6114,2400.0
6115,4100.0
6116,3600.0
6117,2800.0
6118,2300.0
6119,3600.0
6120,3200.0
6121,3200.0
6122,2400.0
6123,6700.0
6124,1700.0
6125,1700.0
6126,3600.0
6127,4200.0
6128,2700.0
6129,1700.0
6130,4100.0
6131,2100.0
6132,2900.0
6133,2800.0
6134,4700.0
6135,3300.0
6136,3200.0
6137,3500.0
6138,3300.0
6139,4700.0
6140,2400.0
6141,2100.0
6142,2100.0
6143,5000.0
6144,2500.0
6145,2800.0
6146,3600.0
6147,3100.0
6148,2000.0
6149,2400.0
6150,2800.0
6151,2800.0
6152,4300.0
6153,3500.0
6154,4400.0
6155,2200.0
6156,4600.0
6157,3800.0
6158,2000.0
6159,4400.0
6160,2800.0
6161,5700.0
6162,3000.0
6163,1900.0
6164,3900.0
6165,4100.0
6166,3400.0
6167,1800.0
6168,4100.0
6169,3200.0
6170,4600.0
6171,2300.0
6172,3600.0
6173,2300.0
6174,2700.0
6175,5200.0
6176,3200.0
6177,4200.0
6178,2300.0
6179,1900.0
6180,2300.0
6181,2400.0
6182,2900.0
6183,3100.0
6184,3500.0
6185,3700.0
6186,5000.0
6187,1900.0
6188,1700.0
6189,3600.0
6190,3300.0
6191,2600.0
6192,2500.0
6193,3800.0
6194,3500.0
6195,2200.0
6196,4600.0
6197,3000.0
6198,3800.0
6199,2300.0
6200,1900.0
6201,2800.0
6202,2200.0
6203,5600.0
6204,4900.0
6205,2600.0
6206,4000.0
6207,1800.0
6208,3500.0
6209,4600.0
6210,2500.0
6211,3000.0
6212,2300.0
6213,4700.0
6214,2100.0
6215,3800.0
6216,2600.0
6217,2000.0
6218,2100.0
6219,2400.0
6220,2500.0
6221,4000.0
6222,4700.0
6223,2200.0
6224,2300.0
6225,3900.0
6226,2200.0
6227,3700.0
6228,2600.0
6229,2800.0
6230,3500.0
6231,2700.0
6232,4400.0
6233,2300.0
6234,2900.0
6235,2500.0
6236,2400.0
6237,3100.0
6238,2700.0
6239,2100.0
6240,2400.0
6241,2500.0
6242,3100.0
6243,3100.0
6244,1500.0
6245,2800.0
6246,5100.0
6247,2000.0
6248,2200.0
6249,3800.0
6250,3300.0
6251,3000.0
6252,4100.0
6253,2900.0
6254,2000.0
6255,4100.0
6256,4000.0
6257,1700.0
6258,3000.0
6259,4400.0
6260,3600.0
6261,4300.0
6262,2100.0
6263,2800.0
6264,2800.0
6265,2700.0
6266,3700.0
6267,2400.0
6268,2300.0
6269,3200.0
6270,3500.0
6271,2200.0
6272,2200.0
6273,2100.0
6274,2200.0
6275,1500.0
6276,3500.0
6277,2400.0
6278,1900.0
6279,700.0
6280,3300.0
6281,5800.0
6282,2100.0
6283,2700.0
6284,2800.0
6285,4300.0
6286,5700.0
6287,2800.0
6288,2700.0
6289,4400.0
6290,2400.0
6291,1900.0
6292,5500.0
6293,1700.0
6294,3200.0
6295,1900.0
6296,4700.0
6297,2600.0
6298,2100.0
6299,2900.0
6300,2900.0
6301,3600.0
6302,2200.0
6303,3600.0
6304,6500.0
6305,3600.0
6306,3300.0
6307,4300.0
6308,3300.0
6309,1100.0
6310,1500.0
6311,2400.0
6312,2000.0
6313,3800.0
6314,1600.0
6315,5100.0
6316,1800.0
6317,1300.0
6318,3200.0
6319,2700.0
6320,1400.0
6321,4800.0
6322,1200.0
6323,900.0
6324,5400.0
6325,1700.0
6326,3400.0
6327,2200.0
6328,2900.0
6329,1600.0
6330,4000.0
6331,4000.0
6332,3600.0
6333,4200.0
6334,4700.0
6335,5200.0
6336,4200.0
6337,3100.0
6338,4200.0
6339,2600.0
6340,3600.0
6341,500.0
6342,2300.0
6343,1500.0
6344,2100.0
6345,2200.0
6346,5300.0
6347,2800.0
6348,3500.0
6349,2800.0
6350,4300.0
6351,4100.0
6352,1200.0
6353,4600.0
6354,2300.0
6355,3900.0
6356,6100.0
6357,2400.0
6358,2500.0
6359,1200.0
6360,2800.0
6361,3300.0
6362,2400.0
6363,5300.0
6364,2900.0
6365,3300.0
6366,1700.0
6367,5700.0
6368,2000.0
6369,3100.0
6370,3300.0
6371,2000.0
6372,4100.0
6373,2500.0
6374,1900.0
6375,2900.0
6376,3400.0
6377,3400.0
6378,2600.0
6379,4200.0
6380,4700.0
6381,1400.0
6382,2900.0
6383,3700.0
6384,1500.0
6385,2400.0
6386,4600.0
6387,4600.0
6388,2300.0
6389,1800.0
6390,3400.0
6391,3000.0
6392,3800.0
6393,4600.0
6394,3400.0
6395,2100.0
6396,4100.0
6397,5000.0
6398,3600.0
6399,2600.0
6400,4000.0
6401,3400.0
6402,4300.0
6403,3200.0
6404,1900.0
6405,4100.0
6406,2600.0
6407,2700.0
6408,1600.0
6409,3300.0
6410,1900.0
6411,3600.0
6412,3700.0
6413,2500.0
6414,1900.0
6415,1700.0
6416,1000.0
6417,4700.0
6418,2200.0
6419,1300.0
6420,1800.0
6421,4400.0
6422,2200.0
6423,4100.0
6424,1900.0
6425,2700.0
6426,1400.0
6427,4400.0
6428,2500.0
6429,4800.0
6430,2700.0
6431,4000.0
6432,2600.0
6433,2200.0
6434,4400.0
6435,4800.0
6436,3600.0
6437,4600.0
6438,2000.0
6439,4100.0
6440,5800.0
6441,2400.0
6442,2600.0
6443,2300.0
6444,2200.0
6445,1400.0
6446,2700.0
6447,3400.0
6448,2200.0
6449,7200.0
6450,2100.0
6451,3700.0
6452,3200.0
6453,4100.0
6454,2200.0
6455,4600.0
6456,5000.0
6457,3700.0
6458,4200.0
6459,2000.0
6460,2000.0
6461,4600.0
6462,4400.0
6463,1900.0
6464,2200.0
6465,4300.0
6466,2400.0
6467,2000.0
6468,1700.0
6469,2400.0
6470,2200.0
6471,2900.0
6472,3400.0
6473,3300.0
6474,4900.0
6475,1700.0
6476,3000.0
6477,4500.0
6478,4600.0
6479,5100.0
6480,3500.0
6481,2600.0
6482,2400.0
6483,3300.0
6484,2100.0
6485,5400.0
6486,4300.0
6487,3400.0
6488,3000.0
6489,3500.0
6490,3200.0
6491,3000.0
6492,1700.0
6493,3100.0
6494,2900.0
6495,1400.0
6496,5500.0
6497,2700.0
6498,3600.0
6499,1800.0
6500,3300.0
6501,2100.0
6502,4900.0
6503,3300.0
6504,3500.0
6505,5300.0
6506,4400.0
6507,700.0
6508,1800.0
6509,3500.0
6510,2400.0
6511,4400.0
6512,4900.0
6513,3700.0
6514,2800.0
6515,3300.0
6516,4400.0
6517,4800.0
6518,3700.0
6519,2700.0
6520,5100.0
6521,2000.0
6522,4100.0
6523,2200.0
6524,3200.0
6525,2300.0
6526,4200.0
6527,3700.0
6528,3400.0
6529,2000.0
6530,4200.0
6531,2800.0
6532,2200.0
6533,4300.0
6534,5000.0
6535,1400.0
6536,1200.0
6537,3600.0
6538,2800.0
6539,2100.0
6540,2800.0
6541,2700.0
6542,2600.0
6543,4600.0
6544,3600.0
6545,4300.0
6546,2800.0
6547,3700.0
6548,2200.0
6549,2100.0
6550,1700.0
6551,4900.0
6552,2100.0
6553,3200.0
6554,2000.0
6555,1900.0
6556,2800.0
6557,3700.0
6558,4500.0
6559,4500.0
6560,3100.0
6561,4300.0
6562,3900.0
6563,2800.0
6564,4000.0
6565,4800.0
6566,3800.0
6567,2300.0
6568,4700.0
6569,2200.0
6570,2700.0
6571,2300.0
6572,4700.0
6573,2500.0
6574,2000.0
6575,2000.0
6576,2700.0
6577,4800.0
6578,1900.0
6579,2800.0
6580,2100.0
6581,4600.0
6582,5000.0
6583,3600.0
6584,3700.0
6585,1800.0
6586,2700.0
6587,3200.0
6588,2500.0
6589,2100.0
6590,3200.0
6591,4900.0
6592,3100.0
6593,2400.0
6594,2800.0
6595,1200.0
6596,2100.0
6597,2800.0
6598,5900.0
6599,3000.0
6600,5600.0
6601,4700.0
6602,3500.0
6603,2000.0
6604,3100.0
6605,1900.0
6606,1700.0
6607,4100.0
6608,4200.0
6609,1800.0
6610,1800.0
6611,2500.0
6612,1300.0
6613,3300.0
6614,2600.0
6615,3900.0
6616,3500.0
6617,4100.0
6618,2300.0
6619,4100.0
6620,2400.0
6621,5000.0
6622,3000.0
6623,3700.0
6624,1900.0
6625,3300.0
6626,5500.0
6627,4200.0
6628,1500.0
6629,2000.0
6630,4500.0
6631,4400.0
6632,4200.0
6633,3100.0
6634,2700.0
6635,3200.0
6636,3500.0
6637,2100.0
6638,2200.0
6639,3300.0
6640,2300.0
6641,3400.0
6642,6300.0
6643,2600.0
6644,300.0
6645,3800.0
6646,2500.0
6647,3000.0
6648,3100.0
6649,2100.0
6650,3900.0
6651,6200.0
6652,2200.0
6653,4000.0
6654,1700.0
6655,3800.0
6656,4500.0
6657,3100.0
6658,3900.0
6659,3600.0
6660,4100.0
6661,2800.0
6662,2800.0
6663,4900.0
6664,3700.0
6665,1700.0
6666,2500.0
6667,2700.0
6668,3700.0
6669,2400.0
6670,3700.0
6671,2300.0
6672,4800.0
6673,1600.0
6674,3700.0
6675,4600.0
6676,3000.0
6677,2500.0
6678,1400.0
6679,4300.0
6680,3300.0
6681,2100.0
6682,1600.0
6683,2400.0
6684,1600.0
6685,3100.0
6686,4200.0
6687,1400.0
6688,1600.0
6689,3000.0
6690,4600.0
6691,2900.0
6692,4600.0
6693,3700.0
6694,2800.0
6695,1800.0
6696,2700.0
6697,7000.0
6698,2400.0
6699,2400.0
6700,3700.0
6701,2300.0
6702,2900.0
6703,4300.0
6704,2100.0
6705,2500.0
6706,2000.0
6707,2000.0
6708,4400.0
6709,2700.0
6710,2400.0
6711,2600.0
6712,1400.0
6713,2600.0
6714,1600.0
6715,2400.0
6716,1700.0
6717,3300.0
6718,3200.0
6719,3200.0
6720,2500.0
6721,1600.0
6722,2800.0
6723,2400.0
6724,2100.0
6725,3100.0
6726,3800.0
6727,2100.0
6728,1700.0
6729,2700.0
6730,2500.0
6731,5600.0
6732,2200.0
6733,3400.0
6734,1600.0
6735,3700.0
6736,4400.0
6737,2600.0
6738,4200.0
6739,1900.0
6740,3700.0
6741,2800.0
6742,4600.0
6743,2400.0
6744,4300.0
6745,1900.0
6746,2300.0
6747,3700.0
6748,2200.0
6749,3800.0
6750,2500.0
6751,4700.0
6752,2300.0
6753,3600.0
6754,1700.0
6755,2100.0
6756,2100.0
6757,2400.0
6758,3900.0
6759,3100.0
6760,2600.0
6761,3300.0
6762,2700.0
6763,1800.0
6764,3500.0
6765,3500.0
6766,4400.0
6767,2000.0
6768,2000.0
6769,1500.0
6770,2800.0
6771,5100.0
6772,2900.0
6773,2400.0
6774,3500.0
6775,2300.0
6776,1400.0
6777,4100.0
6778,2000.0
6779,4000.0
6780,4100.0
6781,4900.0
6782,6600.0
6783,5300.0
6784,5100.0
6785,2500.0
6786,3000.0
6787,2800.0
6788,1800.0
6789,3000.0
6790,2400.0
6791,3300.0
6792,4200.0
6793,4100.0
6794,2700.0
6795,5500.0
6796,2600.0
6797,2800.0
6798,2700.0
6799,4500.0
6800,4700.0
6801,3500.0
6802,1300.0
6803,1800.0
6804,3200.0
6805,3300.0
6806,2200.0
6807,1400.0
6808,3700.0
6809,5200.0
6810,4100.0
6811,3200.0
6812,3900.0
6813,6200.0
6814,4300.0
6815,4700.0
6816,1800.0
6817,2800.0
6818,2900.0
6819,3600.0
6820,1100.0
6821,4600.0
6822,1800.0
6823,4700.0
6824,2500.0
6825,4900.0
6826,2500.0
6827,1400.0
6828,2300.0
6829,3000.0
6830,3900.0
6831,4500.0
6832,2400.0
6833,4100.0
6834,1900.0
6835,1400.0
6836,5100.0
6837,4200.0
6838,1900.0
6839,3200.0
6840,5200.0
6841,4300.0
6842,2400.0
6843,2200.0
6844,5700.0
6845,1800.0
6846,4300.0
6847,2900.0
6848,2000.0
6849,4100.0
6850,4400.0
6851,3800.0
6852,3600.0
6853,1800.0
6854,3600.0
6855,4100.0
6856,3200.0
6857,3200.0
6858,2400.0
6859,2500.0
6860,2200.0
6861,900.0
6862,4300.0
6863,3300.0
6864,3200.0
6865,3000.0
6866,4500.0
6867,1000.0
6868,4700.0
6869,4600.0
6870,3600.0
6871,3000.0
6872,5100.0
6873,2300.0
6874,2000.0
6875,2400.0
6876,2800.0
6877,1300.0
6878,3500.0
6879,2900.0
6880,2800.0
6881,2200.0
6882,3700.0
6883,2200.0
6884,2900.0
6885,3600.0
6886,2000.0
6887,2300.0
6888,3600.0
6889,3100.0
6890,3700.0
6891,2600.0
6892,5900.0
6893,1200.0
6894,3500.0
6895,2700.0
6896,2300.0
6897,1100.0
6898,5500.0
6899,5100.0
6900,5400.0
6901,3400.0
6902,4100.0
6903,4300.0
6904,4400.0
6905,2300.0
6906,2300.0
6907,2400.0
6908,1700.0
6909,3200.0
6910,2100.0
6911,4200.0
6912,3900.0
6913,2500.0
6914,1400.0
6915,3500.0
6916,3500.0
6917,2800.0
6918,3500.0
6919,3300.0
6920,4700.0
6921,4400.0
6922,3600.0
6923,3100.0
6924,1800.0
6925,4100.0
6926,4700.0
6927,3100.0
6928,6000.0
6929,2000.0
6930,2200.0
6931,3900.0
6932,2500.0
6933,2200.0
6934,3300.0
6935,3100.0
6936,3600.0
6937,3500.0
6938,3500.0
6939,3000.0
6940,2400.0
6941,1900.0
6942,1000.0
6943,2000.0
6944,4200.0
6945,3900.0
6946,3600.0
6947,6300.0
6948,4400.0
6949,4300.0
6950,3500.0
6951,2000.0
6952,2600.0
6953,2000.0
6954,2500.0
6955,4300.0
6956,2200.0
6957,2600.0
6958,4400.0
6959,4300.0
6960,6100.0
6961,3700.0
6962,5500.0
6963,3700.0
6964,4700.0
6965,5200.0
6966,3400.0
6967,1200.0
6968,2300.0
6969,1900.0
6970,2500.0
6971,3300.0
6972,2600.0
6973,3300.0
6974,3900.0
6975,4100.0
6976,6900.0
6977,4300.0
6978,2200.0
6979,4700.0
6980,2400.0
6981,2800.0
6982,1400.0
6983,2500.0
6984,3800.0
6985,5000.0
6986,2100.0
6987,2000.0
6988,5800.0
6989,2400.0
6990,2500.0
6991,2100.0
6992,4800.0
6993,3700.0
6994,5000.0
6995,3200.0
6996,3700.0
6997,2200.0
6998,5000.0
6999,3200.0
7000,2800.0
7001,4500.0
7002,4100.0
7003,3200.0
7004,3200.0
7005,3000.0
7006,2900.0
7007,2000.0
7008,3000.0
7009,2300.0
7010,3300.0
7011,5600.0
7012,2000.0
7013,4800.0
7014,1800.0
7015,3200.0
7016,2500.0
7017,2400.0
7018,5100.0
7019,2700.0
7020,3800.0
7021,4400.0
7022,2000.0
7023,4400.0
7024,2300.0
7025,3100.0
7026,2000.0
7027,2800.0
7028,3100.0
7029,3300.0
7030,2800.0
7031,3200.0
7032,3200.0
7033,1800.0
7034,4300.0
7035,2200.0
7036,1700.0
7037,2800.0
7038,4800.0
7039,2200.0
7040,3700.0
7041,2600.0
7042,2300.0
7043,4400.0
7044,4700.0
7045,2600.0
7046,2200.0
7047,2500.0
7048,4000.0
7049,4100.0
7050,2400.0
7051,3400.0
7052,1400.0
7053,5100.0
7054,2100.0
7055,1700.0
7056,2800.0
7057,4700.0
7058,4100.0
7059,2000.0
7060,5400.0
7061,6400.0
7062,2500.0
7063,2000.0
7064,5300.0
7065,2300.0
7066,600.0
7067,3100.0
7068,5100.0
7069,1400.0
7070,2700.0
7071,2400.0
7072,4800.0
7073,2900.0
7074,3700.0
7075,3800.0
7076,2500.0
7077,2300.0
7078,3900.0
7079,3300.0
7080,2200.0
7081,1800.0
7082,1900.0
7083,5100.0
7084,3300.0
7085,3200.0
7086,2500.0
7087,1600.0
7088,2700.0
7089,1700.0
7090,3300.0
7091,4500.0
7092,3500.0
7093,4500.0
7094,1600.0
7095,1700.0
7096,2800.0
7097,2700.0
7098,2300.0
7099,1600.0
7100,2800.0
7101,1300.0
7102,4700.0
7103,1500.0
7104,2000.0
7105,4800.0
7106,4500.0
7107,3300.0
7108,1900.0
7109,2000.0
7110,4100.0
7111,2500.0
7112,2000.0
7113,5100.0
7114,2000.0
7115,1800.0
7116,3100.0
7117,3800.0
7118,3400.0
7119,4500.0
7120,1900.0
7121,4300.0
7122,2200.0
7123,2000.0
7124,5400.0
7125,1600.0
7126,3400.0
7127,3200.0
7128,1900.0
7129,3000.0
7130,1700.0
7131,1800.0
7132,2600.0
7133,3700.0
7134,3900.0
7135,2300.0
7136,3400.0
7137,1600.0
7138,3800.0
7139,2700.0
7140,2700.0
7141,2900.0
7142,2800.0
7143,4000.0
7144,2400.0
7145,2300.0
7146,3900.0
7147,3800.0
7148,5000.0
7149,3800.0
7150,2900.0
7151,3300.0
7152,3100.0
7153,3700.0
7154,2200.0
7155,4000.0
7156,1600.0
7157,1500.0
7158,2700.0
7159,900.0
7160,4200.0
7161,4000.0
7162,2800.0
7163,2900.0
7164,4000.0
7165,3800.0
7166,6200.0
7167,3700.0
7168,3300.0
7169,3500.0
7170,4500.0
7171,4900.0
7172,3700.0
7173,3600.0
7174,4400.0
7175,4600.0
7176,1600.0
7177,4100.0
7178,5300.0
7179,2600.0
7180,5800.0
7181,3300.0
7182,3200.0
7183,2700.0
7184,2000.0
7185,2900.0
7186,4500.0
7187,2700.0
7188,2000.0
7189,2600.0
7190,5900.0
7191,3100.0
7192,4300.0
7193,2000.0
7194,3500.0
7195,3800.0
7196,5100.0
7197,4500.0
7198,4600.0
7199,5000.0
7200,1600.0
7201,2200.0
7202,2600.0
7203,2800.0
7204,3300.0
7205,3000.0
7206,2300.0
7207,2000.0
7208,2700.0
7209,3400.0
7210,1800.0
7211,2300.0
7212,2200.0
7213,1700.0
7214,4600.0
7215,1800.0
7216,3100.0
7217,2500.0
7218,4300.0
7219,2800.0
7220,3200.0
7221,1600.0
7222,3900.0
7223,2200.0
7224,3400.0
7225,2500.0
7226,1600.0
7227,3000.0
7228,4200.0
7229,3600.0
7230,4700.0
7231,3400.0
7232,3900.0
7233,1900.0
7234,2200.0
7235,3300.0
7236,3500.0
7237,4900.0
7238,3100.0
7239,4200.0
7240,3600.0
7241,2100.0
7242,5100.0
7243,4500.0
7244,4300.0
7245,3400.0
7246,1400.0
7247,2000.0
7248,2000.0
7249,2700.0
7250,3800.0
7251,4000.0
7252,3500.0
7253,2500.0
7254,1000.0
7255,1600.0
7256,2400.0
7257,1600.0
7258,3800.0
7259,3200.0
7260,3400.0
7261,3000.0
7262,3400.0
7263,2500.0
7264,2700.0
7265,2300.0
7266,2500.0
7267,3100.0
7268,2900.0
7269,5500.0
7270,3600.0
7271,3500.0
7272,3500.0
7273,4100.0
7274,2600.0
7275,1600.0
7276,3600.0
7277,4900.0
7278,2700.0
7279,4100.0
7280,3900.0
7281,5300.0
7282,2600.0
7283,4100.0
7284,2900.0
7285,2600.0
7286,5800.0
7287,1900.0
7288,1500.0
7289,2200.0
7290,3900.0
7291,3500.0
7292,4400.0
7293,4000.0
7294,4500.0
7295,3700.0
7296,2400.0
7297,2400.0
7298,3600.0
7299,2600.0
7300,1400.0
7301,4100.0
7302,1800.0
7303,3800.0
7304,2600.0
7305,3600.0
7306,2900.0
7307,5300.0
7308,5100.0
7309,3200.0
7310,2100.0
7311,4000.0
7312,2300.0
7313,1700.0
7314,3000.0
7315,3700.0
7316,3800.0
7317,4300.0
7318,3100.0
7319,5900.0
7320,5200.0
7321,4600.0
7322,3300.0
7323,2900.0
7324,1700.0
7325,3400.0
7326,2600.0
7327,2500.0
7328,2100.0
7329,4700.0
7330,3000.0
7331,1700.0
7332,4300.0
7333,3600.0
7334,4800.0
7335,3500.0
7336,5100.0
7337,3700.0
7338,3300.0
7339,4700.0
7340,3500.0
7341,2500.0
7342,2900.0
7343,2200.0
7344,3100.0
7345,3500.0
7346,2000.0
7347,5200.0
7348,2900.0
7349,1700.0
7350,1700.0
7351,4300.0
7352,3800.0
7353,4100.0
7354,2300.0
7355,600.0
7356,3200.0
7357,5900.0
7358,5700.0
7359,4700.0
7360,2200.0
7361,4500.0
7362,2700.0
7363,3500.0
7364,3400.0
7365,4300.0
7366,3800.0
7367,3500.0
7368,3700.0
7369,3400.0
7370,2400.0
7371,7700.0
7372,3900.0
7373,4300.0
7374,6100.0
7375,2500.0
7376,3300.0
7377,4200.0
7378,900.0
7379,2600.0
7380,2900.0
7381,2000.0
7382,4300.0
7383,3100.0
7384,4700.0
7385,1800.0
7386,4000.0
7387,1600.0
7388,1100.0
7389,4700.0
7390,3600.0
7391,2300.0
7392,3700.0
7393,2000.0
7394,2300.0
7395,3500.0
7396,3800.0
7397,2400.0
7398,2000.0
7399,3600.0
7400,2800.0
7401,3000.0
7402,2200.0
7403,4800.0
7404,4100.0
7405,3200.0
7406,2400.0
7407,3700.0
7408,2200.0
7409,2500.0
7410,2400.0
7411,2700.0
7412,3700.0
7413,3900.0
7414,2500.0
7415,3900.0
7416,3000.0
7417,2000.0
7418,2200.0
7419,3100.0
7420,2100.0
7421,4700.0
7422,3500.0
7423,3900.0
7424,3200.0
7425,5400.0
7426,1700.0
7427,1600.0
7428,4100.0
7429,2500.0
7430,4300.0
7431,4000.0
7432,3200.0
7433,2100.0
7434,3300.0
7435,2400.0
7436,1900.0
7437,4600.0
7438,5200.0
7439,2200.0
7440,1500.0
7441,4600.0
7442,2600.0
7443,2800.0
7444,4000.0
7445,4700.0
7446,4400.0
7447,2800.0
7448,3300.0
7449,1900.0
7450,3300.0
7451,5100.0
7452,1700.0
7453,3900.0
7454,2600.0
7455,2900.0
7456,2600.0
7457,5000.0
7458,3400.0
7459,4100.0
7460,3700.0
7461,4200.0
7462,3700.0
7463,5300.0
7464,3600.0
7465,2500.0
7466,4700.0
7467,2200.0
7468,4700.0
7469,4000.0
7470,2200.0
7471,2200.0
7472,2800.0
7473,4400.0
7474,3000.0
7475,2900.0
7476,2500.0
7477,2500.0
7478,2800.0
7479,3000.0
7480,2400.0
7481,3500.0
7482,3700.0
7483,2600.0
7484,3500.0
7485,600.0
7486,4400.0
7487,3500.0
7488,1400.0
7489,3600.0
7490,3600.0
7491,5100.0
7492,2900.0
7493,2000.0
7494,1800.0
7495,5600.0
7496,4600.0
7497,4500.0
7498,3700.0
7499,2400.0
7500,3400.0
7501,1500.0
7502,3500.0
7503,2400.0
7504,3200.0
7505,2100.0
7506,3900.0
7507,3500.0
7508,2200.0
7509,2500.0
7510,4300.0
7511,4500.0
7512,3400.0
7513,4800.0
7514,3700.0
7515,3800.0
7516,2600.0
7517,2000.0
7518,3900.0
7519,1700.0
7520,1500.0
7521,3100.0
7522,3900.0
7523,4300.0
7524,5400.0
7525,2700.0
7526,2900.0
7527,4900.0
7528,2900.0
7529,3400.0
7530,2300.0
7531,5500.0
7532,5900.0
7533,2900.0
7534,1600.0
7535,3500.0
7536,3600.0
7537,4400.0
7538,2300.0
7539,3800.0
7540,2500.0
7541,2800.0
7542,4400.0
7543,2300.0
7544,3100.0
7545,3200.0
7546,3700.0
7547,5000.0
7548,2000.0
7549,2100.0
7550,3000.0
7551,2300.0
7552,2400.0
7553,2400.0
7554,2100.0
7555,4200.0
7556,2000.0
7557,4900.0
7558,2800.0
7559,2700.0
7560,2400.0
7561,5500.0
7562,4600.0
7563,2800.0
7564,2600.0
7565,3400.0
7566,3100.0
7567,2900.0
7568,3400.0
7569,1900.0
7570,1500.0
7571,3300.0
7572,3600.0
7573,3700.0
7574,4100.0
7575,2000.0
7576,4400.0
7577,4200.0
7578,3000.0
7579,1500.0
7580,2900.0
7581,5500.0
7582,3100.0
7583,4600.0
7584,3000.0
7585,3600.0
7586,5000.0
7587,2700.0
7588,3300.0
7589,2400.0
7590,4800.0
7591,2200.0
7592,3400.0
7593,1900.0
7594,2600.0
7595,4800.0
7596,3500.0
7597,2000.0
7598,1800.0
7599,3600.0
7600,1900.0
7601,3200.0
7602,5500.0
7603,1700.0
7604,1900.0
7605,4100.0
7606,5300.0
7607,6600.0
7608,2700.0
7609,6100.0
7610,2400.0
7611,2700.0
7612,4800.0
7613,2600.0
7614,3800.0
7615,3000.0
7616,2900.0
7617,1900.0
7618,1000.0
7619,4200.0
7620,2800.0
7621,4100.0
7622,2600.0
7623,2800.0
7624,2000.0
7625,4100.0
7626,2500.0
7627,2300.0
7628,3200.0
7629,3500.0
7630,4900.0
7631,3700.0
7632,1600.0
7633,2800.0
7634,4200.0
7635,2200.0
7636,1900.0
7637,6200.0
7638,5000.0
7639,3400.0
7640,1400.0
7641,3100.0
7642,3900.0
7643,3400.0
7644,3700.0
7645,4400.0
7646,2600.0
7647,3100.0
7648,3400.0
7649,2200.0
7650,3500.0
7651,3100.0
7652,4000.0
7653,2300.0
7654,4000.0
7655,2100.0
7656,4500.0
7657,3600.0
7658,2300.0
7659,3600.0
7660,3500.0
7661,3400.0
7662,2500.0
7663,5100.0
7664,3200.0
7665,3100.0
7666,4500.0
7667,3600.0
7668,2800.0
7669,2000.0
7670,3200.0
7671,6000.0
7672,2900.0
7673,2100.0
7674,2800.0
7675,3100.0
7676,2800.0
7677,3700.0
7678,2000.0
7679,2300.0
7680,3100.0
7681,4300.0
7682,2900.0
7683,3900.0
7684,2100.0
7685,3800.0
7686,1400.0
7687,2900.0
7688,1800.0
7689,4900.0
7690,1800.0
7691,4600.0
7692,1900.0
7693,2000.0
7694,1400.0
7695,5500.0
7696,4500.0
7697,1700.0
7698,2000.0
7699,4800.0
7700,1700.0
7701,5600.0
7702,3000.0
7703,2600.0
7704,5000.0
7705,2600.0
7706,2200.0
7707,4000.0
7708,5400.0
7709,3600.0
7710,3400.0
7711,4800.0
7712,4200.0
7713,1500.0
7714,3900.0
7715,5100.0
7716,2300.0
7717,2000.0
7718,1800.0
7719,2500.0
7720,2400.0
7721,3500.0
7722,3400.0
7723,4500.0
7724,2000.0
7725,2900.0
7726,3100.0
7727,2200.0
7728,4100.0
7729,3800.0
7730,4100.0
7731,2800.0
7732,2400.0
7733,3100.0
7734,2800.0
7735,4300.0
7736,2300.0
7737,2800.0
7738,4700.0
7739,3300.0
7740,3300.0
7741,1600.0
7742,2500.0
7743,2100.0
7744,1500.0
7745,2300.0
7746,2300.0
7747,4100.0
7748,3600.0
7749,3200.0
7750,4700.0
7751,2200.0
7752,1200.0
7753,3100.0
7754,4600.0
7755,4800.0
7756,3700.0
7757,2900.0
7758,1900.0
7759,5300.0
7760,5100.0
7761,5200.0
7762,3000.0
7763,2500.0
7764,3000.0
7765,2000.0
7766,3600.0
7767,3100.0
7768,3200.0
7769,4200.0
7770,1800.0
7771,2100.0
7772,1800.0
7773,2500.0
7774,2500.0
7775,3900.0
7776,2900.0
7777,2800.0
7778,2300.0
7779,3400.0
7780,3400.0
7781,5000.0
7782,4800.0
7783,3500.0
7784,2600.0
7785,2100.0
7786,2400.0
7787,2900.0
7788,4300.0
7789,4000.0
7790,3300.0
7791,5100.0
7792,4600.0
7793,4000.0
7794,3200.0
7795,2200.0
7796,3800.0
7797,3000.0
7798,1300.0
7799,4300.0
7800,2800.0
7801,4100.0
7802,2800.0
7803,1300.0
7804,2700.0
7805,2300.0
7806,2600.0
7807,4600.0
7808,3400.0
7809,3500.0
7810,2500.0
7811,3300.0
7812,2800.0
7813,2700.0
7814,1000.0
7815,5800.0
7816,3700.0
7817,4900.0
7818,2000.0
7819,2000.0
7820,1800.0
7821,2900.0
7822,4800.0
7823,3000.0
7824,3800.0
7825,5700.0
7826,2800.0
7827,2100.0
7828,1900.0
7829,3300.0
7830,3400.0
7831,3100.0
7832,3100.0
7833,2200.0
7834,3900.0
7835,3400.0
7836,2100.0
7837,1900.0
7838,3700.0
7839,1600.0
7840,4200.0
7841,2300.0
7842,3200.0
7843,2100.0
7844,1600.0
7845,1700.0
7846,1400.0
7847,3100.0
7848,2600.0
7849,2200.0
7850,2800.0
7851,2100.0
7852,4700.0
7853,2000.0
7854,1300.0
7855,3000.0
7856,2500.0
7857,2900.0
7858,2500.0
7859,1100.0
7860,1200.0
7861,1800.0
7862,2300.0
7863,2600.0
7864,2300.0
7865,3200.0
7866,1300.0
7867,2600.0
7868,2600.0
7869,3700.0
7870,2200.0
7871,2600.0
7872,1600.0
7873,2400.0
7874,1400.0
7875,4000.0
7876,1700.0
7877,5400.0
7878,4000.0
7879,3600.0
7880,1600.0
7881,4800.0
7882,3500.0
7883,2400.0
7884,1400.0
7885,2400.0
7886,4600.0
7887,3800.0
7888,5600.0
7889,1900.0
7890,2200.0
7891,3800.0
7892,2300.0
7893,1900.0
7894,3700.0
7895,1600.0
7896,3900.0
7897,1400.0
7898,1800.0
7899,1900.0
7900,3000.0
7901,5400.0
7902,1700.0
7903,4300.0
7904,4000.0
7905,1100.0
7906,2500.0
7907,3700.0
7908,4200.0
7909,2300.0
7910,2900.0
7911,3600.0
7912,3500.0
7913,2000.0
7914,4400.0
7915,5800.0
7916,2500.0
7917,2200.0
7918,4100.0
7919,3800.0
7920,1100.0
7921,1900.0
7922,1500.0
7923,2800.0
7924,2600.0
7925,3000.0
7926,3200.0
7927,2600.0
7928,4200.0
7929,2500.0
7930,4100.0
7931,2600.0
7932,1200.0
7933,1800.0
7934,2200.0
7935,3100.0
7936,1100.0
7937,4500.0
7938,2200.0
7939,3000.0
7940,2200.0
7941,3000.0
7942,1400.0
7943,3000.0
7944,2500.0
7945,3400.0
7946,2000.0
7947,2700.0
7948,2000.0
7949,3000.0
7950,6100.0
7951,3200.0
7952,4400.0
7953,3800.0
7954,2400.0
7955,3000.0
7956,2700.0
7957,4300.0
7958,3200.0
7959,2400.0
7960,2300.0
7961,2500.0
7962,2700.0
7963,3200.0
7964,1800.0
7965,5100.0
7966,3400.0
7967,4000.0
7968,2700.0
7969,4000.0
7970,2200.0
7971,3600.0
7972,4000.0
7973,2200.0
7974,4000.0
7975,1500.0
7976,2700.0
7977,3600.0
7978,2500.0
7979,4100.0
7980,4800.0
7981,2700.0
7982,2100.0
7983,1900.0
7984,4400.0
7985,5800.0
7986,2600.0
7987,2800.0
7988,2700.0
7989,1800.0
7990,4100.0
7991,3600.0
7992,3500.0
7993,1400.0
7994,3700.0
7995,3400.0
7996,5300.0
7997,3700.0
7998,2000.0
7999,4100.0
8000,2000.0
8001,1900.0
8002,6200.0
8003,4000.0
8004,3600.0
8005,2200.0
8006,3300.0
8007,5000.0
8008,1600.0
8009,3600.0
8010,1500.0
8011,3100.0
8012,4800.0
8013,4200.0
8014,2800.0
8015,2100.0
8016,3500.0
8017,4300.0
8018,2500.0
8019,2700.0
8020,4100.0
8021,1600.0
8022,2700.0
8023,2800.0
8024,2900.0
8025,2200.0
8026,4800.0
8027,2700.0
8028,800.0
8029,6400.0
8030,2000.0
8031,3100.0
8032,1300.0
8033,4700.0
8034,2400.0
8035,4300.0
8036,4800.0
8037,4800.0
8038,3900.0
8039,1300.0
8040,2000.0
8041,3100.0
8042,5100.0
8043,4500.0
8044,3900.0
8045,1800.0
8046,2200.0
8047,2500.0
8048,2500.0
8049,2400.0
8050,4100.0
8051,2200.0
8052,1600.0
8053,2100.0
8054,3300.0
8055,5200.0
8056,3600.0
8057,3800.0
8058,2500.0
8059,2600.0
8060,3200.0
8061,1300.0
8062,1700.0
8063,2900.0
8064,2900.0
8065,2400.0
8066,6400.0
8067,1000.0
8068,6100.0
8069,3300.0
8070,5800.0
8071,1100.0
8072,2000.0
8073,2100.0
8074,2200.0
8075,4200.0
8076,2100.0
8077,2100.0
8078,5300.0
8079,4200.0
8080,5000.0
8081,2900.0
8082,3500.0
8083,1900.0
8084,1700.0
8085,2400.0
8086,3700.0
8087,2800.0
8088,6200.0
8089,1000.0
8090,3800.0
8091,2300.0
8092,3600.0
8093,2600.0
8094,4200.0
8095,3900.0
8096,4700.0
8097,1800.0
8098,2100.0
8099,3500.0
8100,2300.0
8101,4000.0
8102,2300.0
8103,3400.0
8104,5300.0
8105,2100.0
8106,3800.0
8107,4300.0
8108,4300.0
8109,4100.0
8110,5500.0
8111,3100.0
8112,2600.0
8113,2400.0
8114,2200.0
8115,3100.0
8116,2600.0
8117,5200.0
8118,3000.0
8119,2300.0
8120,3500.0
8121,4300.0
8122,2800.0
8123,1600.0
8124,2100.0
8125,1600.0
8126,1400.0
8127,5300.0
8128,3800.0
8129,4600.0
8130,2800.0
8131,1900.0
8132,2700.0
8133,2500.0
8134,5500.0
8135,2500.0
8136,1800.0
8137,3100.0
8138,2600.0
8139,4100.0
8140,3100.0
8141,4100.0
8142,2500.0
8143,4100.0
8144,2300.0
8145,3200.0
8146,3300.0
8147,1500.0
8148,2700.0
8149,1500.0
8150,2700.0
8151,4400.0
8152,2500.0
8153,2200.0
8154,4000.0
8155,2700.0
8156,3800.0
8157,2900.0
8158,4700.0
8159,2800.0
8160,3500.0
8161,4000.0
8162,2900.0
8163,5000.0
8164,3700.0
8165,1300.0
8166,2800.0
8167,4100.0
8168,4600.0
8169,1200.0
8170,2500.0
8171,3800.0
8172,3400.0
8173,3700.0
8174,2500.0
8175,2600.0
8176,7300.0
8177,3000.0
8178,6700.0
8179,2800.0
8180,3100.0
8181,2000.0
8182,2100.0
8183,3700.0
8184,3900.0
8185,4900.0
8186,3500.0
8187,4400.0
8188,5400.0
8189,1300.0
8190,2900.0
8191,3200.0
8192,4300.0
8193,3400.0
8194,2300.0
8195,2600.0
8196,3800.0
8197,3300.0
8198,6000.0
8199,3500.0
8200,3600.0
8201,2500.0
8202,5000.0
8203,3600.0
8204,2100.0
8205,3500.0
8206,2000.0
8207,1600.0
8208,4100.0
8209,4800.0
8210,2900.0
8211,4900.0
8212,2400.0
8213,2900.0
8214,2700.0
8215,2700.0
8216,5400.0
8217,3900.0
8218,3600.0
8219,3300.0
8220,4000.0
8221,3000.0
8222,3600.0
8223,2700.0
8224,2600.0
8225,2100.0
8226,3500.0
8227,4500.0
8228,3600.0
8229,6000.0
8230,4500.0
8231,2800.0
8232,1900.0
8233,1300.0
8234,2300.0
8235,2200.0
8236,4500.0
8237,2400.0
8238,2200.0
8239,4400.0
8240,2200.0
8241,2800.0
8242,3500.0
8243,2200.0
8244,3800.0
8245,3700.0
8246,2700.0
8247,5200.0
8248,3200.0
8249,3000.0
8250,2300.0
8251,2300.0
8252,2000.0
8253,3100.0
8254,3000.0
8255,2000.0
8256,3400.0
8257,3400.0
8258,2900.0
8259,1900.0
8260,3800.0
8261,3100.0
8262,3200.0
8263,4200.0
8264,3000.0
8265,1700.0
8266,2300.0
8267,3100.0
8268,3300.0
8269,1800.0
8270,3000.0
8271,1400.0
8272,1700.0
8273,4200.0
8274,3800.0
8275,3600.0
8276,2500.0
8277,4800.0
8278,3500.0
8279,2200.0
8280,1800.0
8281,4700.0
8282,4500.0
8283,2300.0
8284,3200.0
8285,5000.0
8286,2200.0
8287,3400.0
8288,1700.0
8289,2500.0
8290,2900.0
8291,3400.0
8292,2200.0
8293,6100.0
8294,4300.0
8295,3000.0
8296,1800.0
8297,2700.0
8298,4200.0
8299,3400.0
8300,5000.0
8301,1800.0
8302,2600.0
8303,3200.0
8304,2100.0
8305,5800.0
8306,2300.0
8307,4100.0
8308,2000.0
8309,3800.0
8310,3500.0
8311,4000.0
8312,2400.0
8313,3700.0
8314,3900.0
8315,2400.0
8316,3800.0
8317,2300.0
8318,4100.0
8319,2100.0
8320,2200.0
8321,3100.0
8322,2200.0
8323,2900.0
8324,3500.0
8325,4900.0
8326,2600.0
8327,5000.0
8328,1900.0
8329,4500.0
8330,3400.0
8331,900.0
8332,2500.0
8333,2700.0
8334,3800.0
8335,3100.0
8336,3900.0
8337,3100.0
8338,3800.0
8339,2400.0
8340,2600.0
8341,3900.0
8342,4400.0
8343,5000.0
8344,2700.0
8345,3700.0
8346,3000.0
8347,3000.0
8348,3700.0
8349,4600.0
8350,4900.0
8351,4000.0
8352,4800.0
8353,2000.0
8354,3600.0
8355,1900.0
8356,3900.0
8357,3200.0
8358,2500.0
8359,3500.0
8360,2300.0
8361,3200.0
8362,1500.0
8363,2400.0
8364,2700.0
8365,1300.0
8366,3700.0
8367,3200.0
8368,5200.0
8369,1700.0
8370,2200.0
8371,3500.0
8372,3300.0
8373,3500.0
8374,4200.0
8375,4900.0
8376,1600.0
8377,2500.0
8378,2300.0
8379,3100.0
8380,2100.0
8381,2700.0
8382,4100.0
8383,1600.0
8384,4000.0
8385,2100.0
8386,5800.0
8387,2600.0
8388,3900.0
8389,4700.0
8390,3400.0
8391,3100.0
8392,1900.0
8393,3400.0
8394,1300.0
8395,2600.0
8396,3700.0
8397,3700.0
8398,2100.0
8399,6000.0
8400,2600.0
8401,2200.0
8402,4700.0
8403,3300.0
8404,5600.0
8405,3300.0
8406,2300.0
8407,1800.0
8408,5100.0
8409,3400.0
8410,2000.0
8411,2100.0
8412,2100.0
8413,3600.0
8414,3800.0
8415,2600.0
8416,4600.0
8417,2500.0
8418,4900.0
8419,3200.0
8420,2400.0
8421,4200.0
8422,4100.0
8423,3000.0
8424,2000.0
8425,2500.0
8426,2900.0
8427,3800.0
8428,5800.0
8429,3700.0
8430,4700.0
8431,1900.0
8432,2600.0
8433,2800.0
8434,2400.0
8435,3400.0
8436,1500.0
8437,3400.0
8438,2700.0
8439,2600.0
8440,4100.0
8441,2400.0
8442,4000.0
8443,3300.0
8444,4300.0
8445,3100.0
8446,3600.0
8447,2600.0
8448,2500.0
8449,3200.0
8450,3000.0
8451,2200.0
8452,3000.0
8453,3400.0
8454,2700.0
8455,3700.0
8456,3500.0
8457,1700.0
8458,1700.0
8459,3500.0
8460,2800.0
8461,1500.0
8462,2600.0
8463,1200.0
8464,3400.0
8465,3100.0
8466,3000.0
8467,3200.0
8468,4000.0
8469,5600.0
8470,2000.0
8471,4300.0
8472,3500.0
8473,3700.0
8474,1400.0
8475,2700.0
8476,2500.0
8477,3700.0
8478,4600.0
8479,4900.0
8480,5500.0
8481,2200.0
8482,1000.0
8483,3400.0
8484,4800.0
8485,2000.0
8486,1600.0
8487,1500.0
8488,2500.0
8489,1800.0
8490,1400.0
8491,5200.0
8492,4300.0
8493,5400.0
8494,5100.0
8495,2100.0
8496,3600.0
8497,4300.0
8498,3900.0
8499,3000.0
8500,5500.0
8501,1700.0
8502,3000.0
8503,2700.0
8504,3600.0
8505,2500.0
8506,2300.0
8507,3300.0
8508,1900.0
8509,5100.0
8510,4800.0
8511,3000.0
8512,2800.0
8513,5100.0
8514,1700.0
8515,4500.0
8516,4900.0
8517,3700.0
8518,2700.0
8519,4100.0
8520,4500.0
8521,5400.0
8522,3100.0
8523,2100.0
8524,1600.0
8525,2200.0
8526,3800.0
8527,1300.0
8528,1800.0
8529,4500.0
8530,2200.0
8531,2900.0
8532,1500.0
8533,3500.0
8534,3100.0
8535,2300.0
8536,3900.0
8537,1700.0
8538,4100.0
8539,4300.0
8540,3800.0
8541,2300.0
8542,2600.0
8543,2000.0
8544,2400.0
8545,3000.0
8546,4100.0
8547,1800.0
8548,4000.0
8549,2700.0
8550,2700.0
8551,4200.0
8552,2800.0
8553,4000.0
8554,3000.0
8555,1400.0
8556,2800.0
8557,2400.0
8558,3500.0
8559,3000.0
8560,4100.0
8561,1700.0
8562,1900.0
8563,1500.0
8564,2400.0
8565,2700.0
8566,4000.0
8567,4300.0
8568,2200.0
8569,4300.0
8570,4200.0
8571,3300.0
8572,3500.0
8573,4500.0
8574,3300.0
8575,5600.0
8576,3400.0
8577,1200.0
8578,3600.0
8579,4400.0
8580,4100.0
8581,3700.0
8582,1600.0
8583,4800.0
8584,4500.0
8585,4500.0
8586,2200.0
8587,2000.0
8588,1400.0
8589,3500.0
8590,3100.0
8591,2200.0
8592,2200.0
8593,3100.0
8594,5300.0
8595,3200.0
8596,3000.0
8597,5400.0
8598,3200.0
8599,2900.0
8600,1200.0
8601,1800.0
8602,5300.0
8603,2100.0
8604,4400.0
8605,3400.0
8606,1700.0
8607,2500.0
8608,3700.0
8609,3100.0
8610,1100.0
8611,3500.0
8612,3700.0
8613,2300.0
8614,3000.0
8615,3500.0
8616,4800.0
8617,2300.0
8618,2200.0
8619,4100.0
8620,4600.0
8621,3400.0
8622,4000.0
8623,2200.0
8624,2100.0
8625,4200.0
8626,2200.0
8627,1600.0
8628,2600.0
8629,1800.0
8630,3600.0
8631,2300.0
8632,3900.0
8633,3700.0
8634,2600.0
8635,1300.0
8636,3000.0
8637,5100.0
8638,6300.0
8639,5100.0
8640,6200.0
8641,4200.0
8642,3800.0
8643,3100.0
8644,4600.0
8645,3000.0
8646,2300.0
8647,1400.0
8648,1900.0
8649,3400.0
8650,2100.0
8651,7200.0
8652,3700.0
8653,3300.0
8654,2100.0
8655,3500.0
8656,3500.0
8657,3800.0
8658,2900.0
8659,4700.0
8660,4200.0
8661,5300.0
8662,2800.0
8663,3100.0
8664,3400.0
8665,3100.0
8666,3300.0
8667,1700.0
8668,4700.0
8669,1900.0
8670,3200.0
8671,4100.0
8672,3200.0
8673,4100.0
8674,4200.0
8675,2300.0
8676,3600.0
8677,2600.0
8678,2800.0
8679,3600.0
8680,3800.0
8681,5600.0
8682,3600.0
8683,2500.0
8684,900.0
8685,1700.0
8686,3000.0
8687,3600.0
8688,2900.0
8689,2900.0
8690,2200.0
8691,5000.0
8692,4900.0
8693,5600.0
8694,4900.0
8695,2800.0
8696,2000.0
8697,4100.0
8698,1900.0
8699,4000.0
8700,4000.0
8701,2400.0
8702,2000.0
8703,3400.0
8704,3400.0
8705,3100.0
8706,3300.0
8707,2800.0
8708,1300.0
8709,1300.0
8710,3800.0
8711,2800.0
8712,2000.0
8713,5100.0
8714,3000.0
8715,3500.0
8716,2400.0
8717,4500.0
8718,2900.0
8719,2500.0
8720,4900.0
8721,2200.0
8722,4500.0
8723,4900.0
8724,3200.0
8725,3500.0
8726,4700.0
8727,3200.0
8728,3200.0
8729,4900.0
8730,2500.0
8731,2600.0
8732,1600.0
8733,1800.0
8734,2700.0
8735,4300.0
8736,7000.0
8737,2600.0
8738,4300.0
8739,3300.0
8740,2300.0
8741,3900.0
8742,3400.0
8743,3700.0
8744,3900.0
8745,2300.0
8746,500.0
8747,2000.0
8748,4600.0
8749,3300.0
8750,2600.0
8751,1600.0
8752,3500.0
8753,2500.0
8754,4000.0
8755,2400.0
8756,3100.0
8757,2700.0
8758,2100.0
8759,4600.0
8760,1800.0
8761,4200.0
8762,2900.0
8763,2000.0
8764,4400.0
8765,2800.0
8766,3900.0
8767,1400.0
8768,1700.0
8769,2100.0
8770,1100.0
8771,2100.0
8772,2600.0
8773,1500.0
8774,3600.0
8775,3200.0
8776,4500.0
8777,1900.0
8778,5500.0
8779,3100.0
8780,2600.0
8781,3200.0
8782,2300.0
8783,2000.0
8784,2400.0
8785,4400.0
8786,3400.0
8787,3300.0
8788,3500.0
8789,5200.0
8790,2300.0
8791,3800.0
8792,1700.0
8793,4100.0
8794,2900.0
8795,2700.0
8796,1500.0
8797,4500.0
8798,4300.0
8799,4100.0
8800,4100.0
8801,800.0
8802,2300.0
8803,3900.0
8804,1800.0
8805,1200.0
8806,4800.0
8807,1900.0
8808,1500.0
8809,4100.0
8810,2100.0
8811,2400.0
8812,1400.0
8813,4600.0
8814,2600.0
8815,4700.0
8816,1700.0
8817,4700.0
8818,2400.0
8819,2100.0
8820,3900.0
8821,5100.0
8822,4900.0
8823,2500.0
8824,3300.0
8825,3000.0
8826,2300.0
8827,2700.0
8828,4100.0
8829,3000.0
8830,4800.0
8831,2200.0
8832,4500.0
8833,6500.0
8834,2200.0
8835,3500.0
8836,3900.0
8837,2600.0
8838,4700.0
8839,4500.0
8840,3500.0
8841,4200.0
8842,6400.0
8843,1800.0
8844,1300.0
8845,1300.0
8846,3300.0
8847,2900.0
8848,2400.0
8849,3200.0
8850,3800.0
8851,3200.0
8852,2200.0
8853,4500.0
8854,2200.0
8855,1600.0
8856,5400.0
8857,3700.0
8858,3000.0
8859,4000.0
8860,2400.0
8861,4300.0
8862,3800.0
8863,1900.0
8864,2100.0
8865,4400.0
8866,2600.0
8867,3400.0
8868,3400.0
8869,5000.0
8870,4700.0
8871,1500.0
8872,3500.0
8873,1900.0
8874,3400.0
8875,2500.0
8876,2800.0
8877,2500.0
8878,3900.0
8879,4600.0
8880,3700.0
8881,1600.0
8882,4000.0
8883,2000.0
8884,3300.0
8885,3300.0
8886,4300.0
8887,4900.0
8888,2700.0
8889,3400.0
8890,2200.0
8891,3700.0
8892,4200.0
8893,4300.0
8894,1800.0
8895,5300.0
8896,1300.0
8897,2600.0
8898,2300.0
8899,4900.0
8900,3900.0
8901,2200.0
8902,3100.0
8903,4400.0
8904,3000.0
8905,4500.0
8906,2200.0
8907,1600.0
8908,5000.0
8909,2200.0
8910,3400.0
8911,5100.0
8912,5100.0
8913,4600.0
8914,2900.0
8915,3400.0
8916,3300.0
8917,1700.0
8918,2400.0
8919,4000.0
8920,3500.0
8921,2500.0
8922,3100.0
8923,2600.0
8924,4400.0
8925,5200.0
8926,3100.0
8927,2900.0
8928,2200.0
8929,2900.0
8930,2100.0
8931,2100.0
8932,2900.0
8933,2300.0
8934,3100.0
8935,4200.0
8936,2000.0
8937,3800.0
8938,1700.0
8939,1700.0
8940,2100.0
8941,3200.0
8942,2000.0
8943,2500.0
8944,3400.0
8945,1200.0
8946,2400.0
8947,2900.0
8948,2800.0
8949,2300.0
8950,3900.0
8951,2600.0
8952,3300.0
8953,3900.0
8954,3800.0
8955,2900.0
8956,3800.0
8957,5400.0
8958,4200.0
8959,3500.0
8960,2200.0
8961,4500.0
8962,3300.0
8963,5400.0
8964,2600.0
8965,2500.0
8966,2400.0
8967,2800.0
8968,3200.0
8969,4100.0
8970,2500.0
8971,5700.0
8972,3600.0
8973,1000.0
8974,2500.0
8975,4800.0
8976,3000.0
8977,3700.0
8978,2600.0
8979,4300.0
8980,3500.0
8981,3400.0
8982,4000.0
8983,5100.0
8984,3400.0
8985,2600.0
8986,5400.0
8987,5200.0
8988,2600.0
8989,4900.0
8990,4300.0
8991,3600.0
8992,2900.0
8993,1200.0
8994,3500.0
8995,2100.0
8996,2400.0
8997,5200.0
8998,3700.0
8999,3300.0
9000,4300.0
9001,3600.0
9002,4400.0
9003,1700.0
9004,3600.0
9005,4600.0
9006,4700.0
9007,1200.0
9008,1800.0
9009,1400.0
9010,2000.0
9011,2500.0
9012,1900.0
9013,1400.0
9014,4000.0
9015,1800.0
9016,3200.0
9017,2900.0
9018,3400.0
9019,4000.0
9020,3600.0
9021,4100.0
9022,3000.0
9023,2000.0
9024,3000.0
9025,900.0
9026,3700.0
9027,3400.0
9028,2100.0
9029,1700.0
9030,2700.0
9031,2100.0
9032,3400.0
9033,4400.0
9034,1800.0
9035,1900.0
9036,1300.0
9037,2700.0
9038,2500.0
9039,4200.0
9040,3100.0
9041,2000.0
9042,3900.0
9043,2400.0
9044,3400.0
9045,3000.0
9046,2700.0
9047,3600.0
9048,2000.0
9049,1400.0
9050,2600.0
9051,4400.0
9052,4000.0
9053,2600.0
9054,3000.0
9055,2600.0
9056,3000.0
9057,3600.0
9058,3700.0
9059,5400.0
9060,2900.0
9061,4100.0
9062,7000.0
9063,4200.0
9064,4000.0
9065,2700.0
9066,1900.0
9067,2700.0
9068,3100.0
9069,1700.0
9070,3700.0
9071,2600.0
9072,3500.0
9073,2000.0
9074,2800.0
9075,2500.0
9076,4300.0
9077,3200.0
9078,3500.0
9079,3700.0
9080,1500.0
9081,4600.0
9082,3600.0
9083,2800.0
9084,1700.0
9085,1200.0
9086,1200.0
9087,3300.0
9088,1600.0
9089,3400.0
9090,3700.0
9091,2400.0
9092,3500.0
9093,2200.0
9094,2800.0
9095,2900.0
9096,3400.0
9097,3400.0
9098,1500.0
9099,1700.0
9100,4200.0
9101,2600.0
9102,2000.0
9103,3500.0
9104,2300.0
9105,2900.0
9106,1800.0
9107,4400.0
9108,3900.0
9109,4200.0
9110,4100.0
9111,4000.0
9112,900.0
9113,3700.0
9114,3100.0
9115,3100.0
9116,3300.0
9117,2400.0
9118,1400.0
9119,3900.0
9120,3600.0
9121,4000.0
9122,3800.0
9123,2800.0
9124,1600.0
9125,2200.0
9126,4500.0
9127,2900.0
9128,4600.0
9129,3900.0
9130,3400.0
9131,3300.0
9132,4000.0
9133,2800.0
9134,3000.0
9135,3800.0
9136,3500.0
9137,4300.0
9138,2500.0
9139,5100.0
9140,3800.0
9141,2700.0
9142,4800.0
9143,4200.0
9144,3400.0
9145,3500.0
9146,2800.0
9147,2600.0
9148,1900.0
9149,3500.0
9150,4300.0
9151,2800.0
9152,1800.0
9153,4700.0
9154,2800.0
9155,3200.0
9156,2800.0
9157,2700.0
9158,2300.0
9159,1700.0
9160,4700.0
9161,5500.0
9162,5200.0
9163,4200.0
9164,5400.0
9165,2300.0
9166,2800.0
9167,3600.0
9168,2600.0
9169,2600.0
9170,4900.0
9171,4200.0
9172,4100.0
9173,3100.0
9174,2300.0
9175,2200.0
9176,3200.0
9177,4200.0
9178,2300.0
9179,4400.0
9180,3300.0
9181,4200.0
9182,1800.0
9183,2700.0
9184,2100.0
9185,2300.0
9186,4400.0
9187,1600.0
9188,1200.0
9189,1500.0
9190,5100.0
9191,5000.0
9192,2900.0
9193,2300.0
9194,1800.0
9195,2800.0
9196,4600.0
9197,1900.0
9198,3100.0
9199,2300.0
9200,2700.0
9201,4700.0
9202,1500.0
9203,2200.0
9204,2100.0
9205,2100.0
9206,4000.0
9207,2900.0
9208,2500.0
9209,2600.0
9210,2800.0
9211,4000.0
9212,2100.0
9213,1200.0
9214,2300.0
9215,3000.0
9216,3000.0
9217,2600.0
9218,4400.0
9219,2300.0
9220,2900.0
9221,2900.0
9222,3600.0
9223,4500.0
9224,3400.0
9225,2200.0
9226,3800.0
9227,2500.0
9228,2800.0
9229,4500.0
9230,3900.0
9231,2100.0
9232,1000.0
9233,2700.0
9234,1800.0
9235,1600.0
9236,5600.0
9237,2100.0
9238,2600.0
9239,3200.0
9240,2400.0
9241,2800.0
9242,3200.0
9243,4600.0
9244,5000.0
9245,1800.0
9246,4800.0
9247,1900.0
9248,3500.0
9249,1400.0
9250,4200.0
9251,3000.0
9252,1700.0
9253,3400.0
9254,2200.0
9255,5100.0
9256,3000.0
9257,2900.0
9258,3700.0
9259,3200.0
9260,1900.0
9261,3000.0
9262,5500.0
9263,2300.0
9264,5400.0
9265,2400.0
9266,4400.0
9267,4300.0
9268,3800.0
9269,3200.0
9270,1700.0
9271,2300.0
9272,2000.0
9273,5000.0
9274,3000.0
9275,3500.0
9276,1500.0
9277,700.0
9278,4000.0
9279,4000.0
9280,2400.0
9281,5500.0
9282,2200.0
9283,4400.0
9284,3600.0
9285,1600.0
9286,2600.0
9287,2100.0
9288,3200.0
9289,3200.0
9290,1800.0
9291,4400.0
9292,1900.0
9293,4300.0
9294,1500.0
9295,1100.0
9296,2100.0
9297,2300.0
9298,1900.0
9299,1800.0
9300,3600.0
9301,4500.0
9302,3800.0
9303,1800.0
9304,3600.0
9305,3700.0
9306,4400.0
9307,3700.0
9308,2400.0
9309,4200.0
9310,1500.0
9311,3200.0
9312,3900.0
9313,4000.0
9314,2400.0
9315,2300.0
9316,2600.0
9317,2500.0
9318,3500.0
9319,4900.0
9320,1300.0
9321,3200.0
9322,4300.0
9323,4200.0
9324,5100.0
9325,3900.0
9326,2000.0
9327,2300.0
9328,2400.0
9329,4100.0
9330,2000.0
9331,4800.0
9332,2000.0
9333,2100.0
9334,3600.0
9335,4400.0
9336,4800.0
9337,2200.0
9338,2800.0
9339,2100.0
9340,4400.0
9341,2000.0
9342,4000.0
9343,3800.0
9344,3900.0
9345,2800.0
9346,4500.0
9347,4200.0
9348,2400.0
9349,3500.0
9350,1000.0
9351,3400.0
9352,1700.0
9353,3400.0
9354,3300.0
9355,4600.0
9356,3300.0
9357,3000.0
9358,2400.0
9359,2500.0
9360,3400.0
9361,4000.0
9362,2200.0
9363,2200.0
9364,3900.0
9365,3600.0
9366,2400.0
9367,2300.0
9368,4600.0
9369,1700.0
9370,2400.0
9371,4400.0
9372,1500.0
9373,2100.0
9374,4100.0
9375,1600.0
9376,2500.0
9377,3300.0
9378,4800.0
9379,4700.0
9380,2600.0
9381,3300.0
9382,3200.0
9383,2200.0
9384,2500.0
9385,2100.0
9386,2300.0
9387,2400.0
9388,3700.0
9389,3600.0
9390,4000.0
9391,4800.0
9392,1300.0
9393,3000.0
9394,1100.0
9395,2400.0
9396,2000.0
9397,2200.0
9398,1900.0
9399,1500.0
9400,3800.0
9401,2400.0
9402,4700.0
9403,5700.0
9404,1400.0
9405,4600.0
9406,2800.0
9407,3800.0
9408,2100.0
9409,1700.0
9410,3100.0
9411,2000.0
9412,3800.0
9413,3300.0
9414,2900.0
9415,3700.0
9416,5500.0
9417,3400.0
9418,4800.0
9419,3700.0
9420,4000.0
9421,6000.0
9422,2000.0
9423,4200.0
9424,3700.0
9425,3300.0
9426,4100.0
9427,2700.0
9428,5600.0
9429,4900.0
9430,3100.0
9431,2300.0
9432,2100.0
9433,4800.0
9434,3200.0
9435,4400.0
9436,3500.0
9437,3600.0
9438,2000.0
9439,1300.0
9440,3900.0
9441,3700.0
9442,3800.0
9443,2600.0
9444,3300.0
9445,4400.0
9446,2600.0
9447,3300.0
9448,2100.0
9449,2900.0
9450,1800.0
9451,1900.0
9452,5300.0
9453,4000.0
9454,4100.0
9455,3700.0
9456,2500.0
9457,4300.0
9458,3800.0
9459,1600.0
9460,2200.0
9461,1800.0
9462,2900.0
9463,2600.0
9464,2800.0
9465,2500.0
9466,1500.0
9467,2800.0
9468,1300.0
9469,2400.0
9470,3800.0
9471,4700.0
9472,3200.0
9473,2100.0
9474,4500.0
9475,1900.0
9476,3500.0
9477,2900.0
9478,2900.0
9479,4200.0
9480,3800.0
9481,4600.0
9482,2000.0
9483,4700.0
9484,2800.0
9485,2100.0
9486,2100.0
9487,3000.0
9488,3200.0
9489,2000.0
9490,3200.0
9491,2500.0
9492,3100.0
9493,5200.0
9494,3800.0
9495,4700.0
9496,2700.0
9497,4500.0
9498,2800.0
9499,3400.0
9500,3600.0
9501,4100.0
9502,700.0
9503,4300.0
9504,1800.0
9505,2500.0
9506,1800.0
9507,3900.0
9508,2600.0
9509,4400.0
9510,4300.0
9511,1200.0
9512,2000.0
9513,5300.0
9514,1600.0
9515,2000.0
9516,2000.0
9517,2300.0
9518,3600.0
9519,3000.0
9520,2400.0
9521,5500.0
9522,2000.0
9523,3700.0
9524,2500.0
9525,1400.0
9526,5800.0
9527,2100.0
9528,1900.0
9529,2600.0
9530,4000.0
9531,1600.0
9532,4200.0
9533,4100.0
9534,3900.0
9535,2600.0
9536,1900.0
9537,4500.0
9538,3600.0
9539,5300.0
9540,1800.0
9541,1900.0
9542,1200.0
9543,2800.0
9544,2200.0
9545,3100.0
9546,4500.0
9547,2600.0
9548,2200.0
9549,3000.0
9550,2900.0
9551,2400.0
9552,1800.0
9553,3800.0
9554,3200.0
9555,5800.0
9556,2700.0
9557,4600.0
9558,2300.0
9559,2000.0
9560,2300.0
9561,2600.0
9562,2300.0
9563,4200.0
9564,3600.0
9565,3000.0
9566,3200.0
9567,2800.0
9568,4200.0
9569,1200.0
9570,3400.0
9571,2600.0
9572,2400.0
9573,7700.0
9574,3500.0
9575,3900.0
9576,2000.0
9577,3800.0
9578,3700.0
9579,4900.0
9580,2300.0
9581,2100.0
9582,4100.0
9583,5700.0
9584,3000.0
9585,2500.0
9586,3800.0
9587,2500.0
9588,4500.0
9589,3900.0
9590,4100.0
9591,1600.0
9592,1800.0
9593,1900.0
9594,3200.0
9595,1600.0
9596,3900.0
9597,3800.0
9598,2400.0
9599,2700.0
9600,1700.0
9601,3200.0
9602,2100.0
9603,2200.0
9604,4100.0
9605,3700.0
9606,1500.0
9607,2700.0
9608,3300.0
9609,5400.0
9610,3000.0
9611,1900.0
9612,3900.0
9613,1800.0
9614,2100.0
9615,2000.0
9616,1900.0
9617,3500.0
9618,4000.0
9619,1900.0
9620,4200.0
9621,6200.0
9622,2300.0
9623,6400.0
9624,2100.0
9625,3400.0
9626,3800.0
9627,4600.0
9628,3100.0
9629,3600.0
9630,4100.0
9631,2600.0
9632,1200.0
9633,4300.0
9634,1600.0
9635,3100.0
9636,2100.0
9637,1700.0
9638,3000.0
9639,2100.0
9640,3700.0
9641,3600.0
9642,4200.0
9643,2200.0
9644,3600.0
9645,1200.0
9646,2800.0
9647,2400.0
9648,2700.0
9649,4000.0
9650,2000.0
9651,5600.0
9652,4700.0
9653,4400.0
9654,1400.0
9655,2700.0
9656,3000.0
9657,3700.0
9658,1900.0
9659,4100.0
9660,6400.0
9661,3600.0
9662,2900.0
9663,4300.0
9664,6600.0
9665,2100.0
9666,5000.0
9667,3200.0
9668,4400.0
9669,2000.0
9670,5400.0
9671,1700.0
9672,4000.0
9673,1700.0
9674,2000.0
9675,1500.0
9676,2900.0
9677,4800.0
9678,4500.0
9679,2000.0
9680,4900.0
9681,2300.0
9682,2500.0
9683,3100.0
9684,2100.0
9685,4400.0
9686,1900.0
9687,4000.0
9688,4100.0
9689,1400.0
9690,2700.0
9691,4200.0
9692,2100.0
9693,2300.0
9694,2900.0
9695,3200.0
9696,2900.0
9697,3800.0
9698,4000.0
9699,4200.0
9700,2600.0
9701,4600.0
9702,1700.0
9703,3100.0
9704,5600.0
9705,3600.0
9706,2800.0
9707,5200.0
9708,2600.0
9709,3800.0
9710,2500.0
9711,2400.0
9712,4700.0
9713,2100.0
9714,4300.0
9715,2900.0
9716,2600.0
9717,3800.0
9718,3800.0
9719,2900.0
9720,4700.0
9721,2300.0
9722,1300.0
9723,2700.0
9724,4400.0
9725,1800.0
9726,3400.0
9727,4300.0
9728,2600.0
9729,4700.0
9730,2400.0
9731,5800.0
9732,2800.0
9733,3000.0
9734,3800.0
9735,3000.0
9736,2000.0
9737,3500.0
9738,2500.0
9739,5400.0
9740,1700.0
9741,2800.0
9742,5100.0
9743,2600.0
9744,3100.0
9745,5500.0
9746,3200.0
9747,3800.0
9748,1600.0
9749,4100.0
9750,2500.0
9751,2000.0
9752,2700.0
9753,2600.0
9754,3200.0
9755,4200.0
9756,2100.0
9757,4600.0
9758,2200.0
9759,3000.0
9760,5700.0
9761,2000.0
9762,2400.0
9763,3500.0
9764,3000.0
9765,1700.0
9766,2200.0
9767,3400.0
9768,1500.0
9769,2800.0
9770,2300.0
9771,3200.0
9772,3300.0
9773,3000.0
9774,2100.0
9775,5700.0
9776,2400.0
9777,2000.0
9778,1800.0
9779,4600.0
9780,4600.0
9781,2600.0
9782,5200.0
9783,3700.0
9784,2900.0
9785,2800.0
9786,2300.0
9787,4000.0
9788,3400.0
9789,2900.0
9790,2200.0
9791,5500.0
9792,2800.0
9793,2600.0
9794,2000.0
9795,3100.0
9796,4300.0
9797,3900.0
9798,1500.0
9799,2200.0
9800,2500.0
9801,1300.0
9802,3000.0
9803,5300.0
9804,4000.0
9805,1400.0
9806,2700.0
9807,1300.0
9808,4000.0
9809,4700.0
9810,5200.0
9811,5300.0
9812,3800.0
9813,3000.0
9814,1900.0
9815,4200.0
9816,1400.0
9817,1800.0
9818,4600.0
9819,1700.0
9820,1400.0
9821,3000.0
9822,4100.0
9823,2000.0
9824,3100.0
9825,2200.0
9826,1700.0
9827,3100.0
9828,600.0
9829,5100.0
9830,2100.0
9831,3800.0
9832,1900.0
9833,3500.0
9834,5400.0
9835,3500.0
9836,4700.0
9837,3600.0
9838,3000.0
9839,4200.0
9840,3900.0
9841,3800.0
9842,3000.0
9843,2600.0
9844,5600.0
9845,3800.0
9846,1800.0
9847,2200.0
9848,3200.0
9849,1700.0
9850,2600.0
9851,2500.0
9852,3700.0
9853,3300.0
9854,2800.0
9855,2100.0
9856,3300.0
9857,2800.0
9858,4500.0
9859,7000.0
9860,3000.0
9861,3100.0
9862,4400.0
9863,4300.0
9864,2000.0
9865,3000.0
9866,3500.0
9867,3000.0
9868,3200.0
9869,5400.0
9870,2600.0
9871,3700.0
9872,4600.0
9873,4900.0
9874,5400.0
9875,2000.0
9876,2400.0
9877,3400.0
9878,3400.0
9879,2700.0
9880,1200.0
9881,1700.0
9882,3100.0
9883,1900.0
9884,4100.0
9885,4100.0
9886,1900.0
9887,1700.0
9888,3400.0
9889,3100.0
9890,2100.0
9891,1800.0
9892,1800.0
9893,2700.0
9894,2400.0
9895,3700.0
9896,4200.0
9897,2300.0
9898,3700.0
9899,2400.0
9900,2300.0
9901,2000.0
9902,3600.0
9903,6400.0
9904,3200.0
9905,1600.0
9906,2900.0
9907,1500.0
9908,2000.0
9909,1800.0
9910,3400.0
9911,3500.0
9912,3000.0
9913,2800.0
9914,2900.0
9915,3700.0
9916,3700.0
9917,4300.0
9918,1800.0
9919,3300.0
9920,4300.0
9921,4500.0
9922,5000.0
9923,4500.0
9924,3300.0
9925,4700.0
9926,3100.0
9927,2600.0
9928,2400.0
9929,3200.0
9930,2800.0
9931,4600.0
9932,5000.0
9933,3400.0
9934,4300.0
9935,4200.0
9936,2100.0
9937,5000.0
9938,2400.0
9939,4100.0
9940,2200.0
9941,1700.0
9942,1200.0
9943,2600.0
9944,5700.0
9945,3200.0
9946,3400.0
9947,1700.0
9948,2100.0
9949,5000.0
9950,3800.0
9951,2600.0
9952,2500.0
9953,2600.0
9954,2000.0
9955,3500.0
9956,2300.0
9957,4400.0
9958,4300.0
9959,1800.0
9960,6200.0
9961,3000.0
9962,3800.0
9963,5100.0
9964,2600.0
9965,4000.0
9966,1100.0
9967,2100.0
9968,2300.0
9969,2600.0
9970,4400.0
9971,3700.0
9972,3500.0
9973,4000.0
9974,2400.0
9975,2900.0
9976,3900.0
9977,2700.0
9978,2800.0
9979,2900.0
9980,3200.0
9981,2100.0
9982,4100.0
9983,3200.0
9984,4100.0
9985,2300.0
9986,4200.0
9987,2700.0
9988,2400.0
9989,2300.0
9990,1900.0
9991,2600.0
9992,3100.0
9993,5700.0
9994,1800.0
9995,2300.0
9996,1500.0
9997,3200.0
9998,2400.0
9999,1800.0
10000,3000.0
10001,3300.0
10002,3900.0
10003,4100.0
10004,4900.0
10005,4500.0
10006,2600.0
10007,3800.0
10008,2900.0
10009,2800.0
10010,2800.0
10011,3700.0
10012,3800.0
10013,3100.0
10014,2800.0
10015,3600.0
10016,1800.0
10017,5700.0
10018,4300.0
10019,1900.0
10020,4100.0
10021,4400.0
10022,1500.0
10023,3900.0
10024,2400.0
10025,4400.0
10026,3700.0
10027,3100.0
10028,3800.0
10029,4600.0
10030,2700.0
10031,1500.0
10032,3000.0
10033,6100.0
10034,5000.0
10035,4200.0
10036,2400.0
10037,2100.0
10038,1700.0
10039,3100.0
10040,3800.0
10041,4600.0
10042,2100.0
10043,1500.0
10044,3100.0
10045,1900.0
10046,3000.0
10047,3300.0
10048,4700.0
10049,4500.0
10050,3200.0
10051,3600.0
10052,2100.0
10053,3600.0
10054,1800.0
10055,2800.0
10056,3800.0
10057,4200.0
10058,3400.0
10059,2500.0
10060,2000.0
10061,2500.0
10062,3700.0
10063,3100.0
10064,3000.0
10065,2800.0
10066,3500.0
10067,3900.0
10068,3600.0
10069,2800.0
10070,2700.0
10071,3100.0
10072,2500.0
10073,1700.0
10074,4100.0
10075,3500.0
10076,1500.0
10077,2400.0
10078,3600.0
10079,3300.0
10080,3000.0
10081,2400.0
10082,2000.0
10083,3700.0
10084,1900.0
10085,5900.0
10086,4500.0
10087,2000.0
10088,4200.0
10089,3800.0
10090,2700.0
10091,4100.0
10092,3900.0
10093,2100.0
10094,3600.0
10095,3900.0
10096,3800.0
10097,2300.0
10098,1500.0
10099,1400.0
10100,3100.0
10101,4000.0
10102,1800.0
10103,2500.0
10104,4800.0
10105,2300.0
10106,3600.0
10107,4600.0
10108,3800.0
10109,2400.0
10110,2400.0
10111,3600.0
10112,5200.0
10113,3300.0
10114,3500.0
10115,4200.0
10116,2300.0
10117,1900.0
10118,1700.0
10119,3500.0
10120,2100.0
10121,3000.0
10122,3200.0
10123,2600.0
10124,3800.0
10125,4000.0
10126,2100.0
10127,2200.0
10128,4600.0
10129,3300.0
10130,1400.0
10131,3700.0
10132,2600.0
10133,1800.0
10134,3000.0
10135,2700.0
10136,3200.0
10137,2200.0
10138,1400.0
10139,6600.0
10140,4500.0
10141,4000.0
10142,3500.0
10143,5000.0
10144,3400.0
10145,2700.0
10146,500.0
10147,4300.0
10148,1800.0
10149,2200.0
10150,3900.0
10151,3600.0
10152,6700.0
10153,3500.0
10154,2900.0
10155,1900.0
10156,2700.0
10157,4200.0
10158,2900.0
10159,5500.0
10160,3400.0
10161,5000.0
10162,2400.0
10163,2800.0
10164,3800.0
10165,3200.0
10166,2300.0
10167,5300.0
10168,4100.0
10169,2000.0
10170,2600.0
10171,1700.0
10172,1400.0
10173,1600.0
10174,4200.0
10175,2900.0
10176,4300.0
10177,4000.0
10178,2500.0
10179,1700.0
10180,2100.0
10181,3200.0
10182,4800.0
10183,1900.0
10184,4900.0
10185,2900.0
10186,2800.0
10187,1400.0
10188,4200.0
10189,1300.0
10190,3900.0
10191,3100.0
10192,2500.0
10193,3700.0
10194,3400.0
10195,3900.0
10196,4200.0
10197,2000.0
10198,3500.0
10199,3000.0
10200,3200.0
10201,2600.0
10202,3300.0
10203,2700.0
10204,3300.0
10205,5100.0
10206,3500.0
10207,3400.0
10208,3500.0
10209,2900.0
10210,6100.0
10211,2700.0
10212,3800.0
10213,4300.0
10214,2600.0
10215,4200.0
10216,3800.0
10217,700.0
10218,700.0
10219,1500.0
10220,3700.0
10221,2100.0
10222,5300.0
10223,3200.0
10224,4800.0
10225,4000.0
10226,3300.0
10227,2700.0
10228,3800.0
10229,3900.0
10230,3200.0
10231,2600.0
10232,5200.0
10233,2500.0
10234,3200.0
10235,6000.0
10236,3600.0
10237,2500.0
10238,3100.0
10239,2400.0
10240,4300.0
10241,2100.0
10242,1200.0
10243,4900.0
10244,2200.0
10245,2400.0
10246,2300.0
10247,2000.0
10248,2900.0
10249,4400.0
10250,4400.0
10251,800.0
10252,3500.0
10253,2800.0
10254,4100.0
10255,2500.0
10256,500.0
10257,1700.0
10258,5400.0
10259,5600.0
10260,2100.0
10261,3000.0
10262,1600.0
10263,2600.0
10264,4900.0
10265,3000.0
10266,4400.0
10267,1400.0
10268,4800.0
10269,1800.0
10270,4100.0
10271,2800.0
10272,3800.0
10273,4000.0
10274,4200.0
10275,4700.0
10276,6200.0
10277,4100.0
10278,1200.0
10279,3200.0
10280,5600.0
10281,2200.0
10282,2000.0
10283,1700.0
10284,5700.0
10285,3900.0
10286,3100.0
10287,3700.0
10288,1300.0
10289,5500.0
10290,3400.0
10291,4600.0
10292,3000.0
10293,3100.0
10294,3000.0
10295,3400.0
10296,1300.0
10297,2100.0
10298,2900.0
10299,5500.0
10300,3200.0
10301,1500.0
10302,2900.0
10303,3200.0
10304,4400.0
10305,1400.0
10306,4300.0
10307,3800.0
10308,3700.0
10309,3000.0
10310,4100.0
10311,4600.0
10312,3800.0
10313,4200.0
10314,4800.0
10315,4300.0
10316,5900.0
10317,4200.0
10318,2300.0
10319,2800.0
10320,2500.0
10321,3600.0
10322,2000.0
10323,1800.0
10324,5600.0
10325,1900.0
10326,2800.0
10327,2100.0
10328,3700.0
10329,1800.0
10330,4500.0
10331,6400.0
10332,4400.0
10333,3600.0
10334,4100.0
10335,2700.0
10336,3000.0
10337,5000.0
10338,3500.0
10339,3200.0
10340,2400.0
10341,2800.0
10342,2500.0
10343,4400.0
10344,2100.0
10345,1900.0
10346,2100.0
10347,2300.0
10348,2100.0
10349,4300.0
10350,1900.0
10351,3600.0
10352,3000.0
10353,2800.0
10354,3200.0
10355,1900.0
10356,2700.0
10357,3600.0
10358,3100.0
10359,3200.0
10360,2400.0
10361,3700.0
10362,3800.0
10363,2400.0
10364,2500.0
10365,3800.0
10366,1500.0
10367,2200.0
10368,2200.0
10369,4200.0
10370,3000.0
10371,4200.0
10372,3300.0
10373,3700.0
10374,3900.0
10375,4000.0
10376,2200.0
10377,4900.0
10378,1500.0
10379,3400.0
10380,2400.0
10381,4200.0
10382,3500.0
10383,3800.0
10384,1300.0
10385,2000.0
10386,6300.0
10387,4800.0
10388,1700.0
10389,5300.0
10390,4400.0
10391,2800.0
10392,2200.0
10393,3700.0
10394,3100.0
10395,6400.0
10396,2300.0
10397,1900.0
10398,2500.0
10399,3400.0
10400,1800.0
10401,200.0
10402,4900.0
10403,1600.0
10404,4400.0
10405,2600.0
10406,3300.0
10407,4800.0
10408,1800.0
10409,2700.0
10410,3700.0
10411,2300.0
10412,2300.0
10413,1600.0
10414,4600.0
10415,2000.0
10416,2600.0
10417,4000.0
10418,2200.0
10419,1400.0
10420,2000.0
10421,5000.0
10422,4800.0
10423,1800.0
10424,3300.0
10425,3200.0
10426,4000.0
10427,5700.0
10428,5500.0
10429,2600.0
10430,4100.0
10431,3400.0
10432,3300.0
10433,3000.0
10434,3700.0
10435,3900.0
10436,3100.0
10437,3300.0
10438,4300.0
10439,2800.0
10440,2900.0
10441,3100.0
10442,1700.0
10443,3300.0
10444,5500.0
10445,3400.0
10446,4300.0
10447,3900.0
10448,3900.0
10449,2600.0
10450,3100.0
10451,2600.0
10452,2100.0
10453,900.0
10454,3500.0
10455,1900.0
10456,5200.0
10457,2100.0
10458,2800.0
10459,4200.0
10460,3500.0
10461,2800.0
10462,2200.0
10463,2800.0
10464,2100.0
10465,1600.0
10466,4000.0
10467,2300.0
10468,5700.0
10469,2800.0
10470,3200.0
10471,2400.0
10472,3600.0
10473,2700.0
10474,2100.0
10475,2500.0
10476,2700.0
10477,1900.0
10478,3400.0
10479,4800.0
10480,3600.0
10481,4500.0
10482,1800.0
10483,2500.0
10484,3000.0
10485,3600.0
10486,2000.0
10487,2500.0
10488,2300.0
10489,4500.0
10490,2900.0
10491,2400.0
10492,3700.0
10493,1700.0
10494,3800.0
10495,1900.0
10496,1100.0
10497,2300.0
10498,4100.0
10499,1800.0
10500,1500.0
10501,2900.0
10502,4100.0
10503,2400.0
10504,5300.0
10505,2500.0
10506,3800.0
10507,5700.0
10508,4100.0
10509,3100.0
10510,4300.0
10511,3000.0
10512,2100.0
10513,2400.0
10514,2900.0
10515,3300.0
10516,5900.0
10517,3100.0
10518,2400.0
10519,1300.0
10520,2600.0
10521,1600.0
10522,4000.0
10523,1400.0
10524,3500.0
10525,3600.0
10526,5300.0
10527,3400.0
10528,2300.0
10529,2100.0
10530,3000.0
10531,3300.0
10532,4400.0
10533,2600.0
10534,2400.0
10535,1300.0
10536,3600.0
10537,2500.0
10538,4000.0
10539,1400.0
10540,3800.0
10541,3000.0
10542,4100.0
10543,3200.0
10544,5400.0
10545,2900.0
10546,2800.0
10547,2700.0
10548,5200.0
10549,4100.0
10550,4300.0
10551,2200.0
10552,2100.0
10553,4200.0
10554,1600.0
10555,2500.0
10556,4400.0
10557,1600.0
10558,2800.0
10559,2900.0
10560,5000.0
10561,4200.0
10562,3700.0
10563,3900.0
10564,2600.0
10565,3000.0
10566,4300.0
10567,2900.0
10568,3300.0
10569,2100.0
10570,3700.0
10571,1900.0
10572,3400.0
10573,2400.0
10574,4600.0
10575,1600.0
10576,1400.0
10577,2500.0
10578,3400.0
10579,2700.0
10580,2600.0
10581,3400.0
10582,3800.0
10583,4100.0
10584,5100.0
10585,3500.0
10586,4100.0
10587,2000.0
10588,3100.0
10589,1600.0
10590,3900.0
10591,1500.0
10592,3300.0
10593,5000.0
10594,1900.0
10595,3000.0
10596,2200.0
10597,3200.0
10598,2300.0
10599,1300.0
10600,2300.0
10601,4000.0
10602,1800.0
10603,1700.0
10604,5200.0
10605,3700.0
10606,2500.0
10607,2200.0
10608,5900.0
10609,3900.0
10610,1700.0
10611,3500.0
10612,4500.0
10613,3000.0
10614,3700.0
10615,2000.0
10616,1600.0
10617,4300.0
10618,2200.0
10619,2300.0
10620,6800.0
10621,2700.0
10622,2600.0
10623,4600.0
10624,2100.0
10625,1900.0
10626,1700.0
10627,2000.0
10628,3400.0
10629,5400.0
10630,5500.0
10631,3600.0
10632,3400.0
10633,2900.0
10634,4300.0
10635,3000.0
10636,1700.0
10637,1800.0
10638,2900.0
10639,3800.0
10640,3500.0
10641,3000.0
10642,3500.0
10643,3900.0
10644,2200.0
10645,7600.0
10646,2500.0
10647,3700.0
10648,2600.0
10649,2300.0
10650,3400.0
10651,1500.0
10652,3100.0
10653,1600.0
10654,2300.0
10655,8300.0
10656,3100.0
10657,2000.0
10658,800.0
10659,3000.0
10660,3900.0
10661,3800.0
10662,4400.0
10663,3600.0
10664,2300.0
10665,4000.0
10666,3600.0
10667,4100.0
10668,1800.0
10669,3200.0
10670,1500.0
10671,4600.0
10672,4400.0
10673,2100.0
10674,2000.0
10675,3200.0
10676,2400.0
10677,4400.0
10678,2500.0
10679,2800.0
10680,2200.0
10681,2300.0
10682,4100.0
10683,4600.0
10684,2800.0
10685,3900.0
10686,3000.0
10687,5200.0
10688,2000.0
10689,2300.0
10690,1700.0
10691,3800.0
10692,2400.0
10693,2100.0
10694,1800.0
10695,3400.0
10696,4100.0
10697,2900.0
10698,4600.0
10699,4700.0
10700,2500.0
10701,2200.0
10702,3100.0
10703,2800.0
10704,3100.0
10705,4200.0
10706,3900.0
10707,3400.0
10708,2600.0
10709,3400.0
10710,3700.0
10711,3800.0
10712,2000.0
10713,1400.0
10714,2600.0
10715,2800.0
10716,3600.0
10717,5300.0
10718,3300.0
10719,4500.0
10720,2000.0
10721,1100.0
10722,4300.0
10723,3400.0
10724,2800.0
10725,3000.0
10726,1800.0
10727,4400.0
10728,2500.0
10729,3400.0
10730,2300.0
10731,3300.0
10732,2700.0
10733,3700.0
10734,2200.0
10735,3200.0
10736,2700.0
10737,3400.0
10738,4000.0
10739,3900.0
10740,2500.0
10741,4000.0
10742,2500.0
10743,3000.0
10744,3400.0
10745,3100.0
10746,3400.0
10747,2600.0
10748,3500.0
10749,1600.0
10750,3600.0
10751,3700.0
10752,4000.0
10753,2700.0
10754,2700.0
10755,4000.0
10756,5500.0
10757,3000.0
10758,2700.0
10759,2300.0
10760,3300.0
10761,3200.0
10762,3600.0
10763,3100.0
10764,1900.0
10765,6100.0
10766,2400.0
10767,2800.0
10768,2400.0
10769,2200.0
10770,3500.0
10771,900.0
10772,2300.0
10773,2200.0
10774,4000.0
10775,2400.0
10776,3800.0
10777,4700.0
10778,3400.0
10779,4400.0
10780,2200.0
10781,2800.0
10782,2200.0
10783,2400.0
10784,2500.0
10785,3800.0
10786,3100.0
10787,2800.0
10788,3600.0
10789,2900.0
10790,4200.0
10791,5100.0
10792,2100.0
10793,2900.0
10794,4000.0
10795,2000.0
10796,3300.0
10797,4500.0
10798,2400.0
10799,4300.0
10800,1500.0
10801,3300.0
10802,3800.0
10803,4600.0
10804,5700.0
10805,2200.0
10806,2200.0
10807,1500.0
10808,4700.0
10809,5700.0
10810,2500.0
10811,5500.0
10812,2500.0
10813,5400.0
10814,1700.0
10815,2200.0
10816,1900.0
10817,2600.0
10818,3200.0
10819,3700.0
10820,4500.0
10821,2200.0
10822,1500.0
10823,1200.0
10824,1800.0
10825,3000.0
10826,4300.0
10827,6000.0
10828,3800.0
10829,3100.0
10830,4500.0
10831,4900.0
10832,3900.0
10833,4000.0
10834,3000.0
10835,1400.0
10836,5300.0
10837,4100.0
10838,2200.0
10839,4500.0
10840,5900.0
10841,3400.0
10842,4400.0
10843,2800.0
10844,4200.0
10845,2600.0
10846,4200.0
10847,3500.0
10848,1700.0
10849,4800.0
10850,4000.0
10851,4200.0
10852,4300.0
10853,2900.0
10854,2200.0
10855,4800.0
10856,1800.0
10857,4900.0
10858,3500.0
10859,3200.0
10860,3500.0
10861,3200.0
10862,2200.0
10863,3500.0
10864,2000.0
10865,4600.0
10866,3100.0
10867,1700.0
10868,1900.0
10869,3400.0
10870,5400.0
10871,1400.0
10872,4900.0
10873,3300.0
10874,2100.0
10875,5900.0
10876,5200.0
10877,3800.0
10878,1800.0
10879,2400.0
10880,1300.0
10881,2300.0
10882,4300.0
10883,1700.0
10884,5300.0
10885,4000.0
10886,5000.0
10887,2900.0
10888,3400.0
10889,3800.0
10890,4400.0
10891,3300.0
10892,2900.0
10893,3300.0
10894,2900.0
10895,3800.0
10896,1900.0
10897,3800.0
10898,4800.0
10899,3500.0
10900,3600.0
10901,4700.0
10902,4400.0
10903,2700.0
10904,3300.0
10905,3600.0
10906,3600.0
10907,2400.0
10908,2900.0
10909,3400.0
10910,3200.0
10911,3500.0
10912,3900.0
10913,4700.0
10914,3000.0
10915,4800.0
10916,3400.0
10917,6200.0
10918,3100.0
10919,2900.0
10920,2500.0
10921,3800.0
10922,3300.0
10923,4400.0
10924,2600.0
10925,2100.0
10926,2300.0
10927,2700.0
10928,2200.0
10929,2700.0
10930,4500.0
10931,3800.0
10932,3100.0
10933,5400.0
10934,1900.0
10935,2700.0
10936,4000.0
10937,4100.0
10938,2600.0
10939,2100.0
10940,3500.0
10941,3600.0
10942,1900.0
10943,4600.0
10944,2600.0
10945,1700.0
10946,3300.0
10947,2100.0
10948,3300.0
10949,1800.0
10950,5200.0
10951,5500.0
10952,2100.0
10953,2700.0
10954,4400.0
10955,4200.0
10956,3200.0
10957,2100.0
10958,4100.0
10959,2100.0
10960,4800.0
10961,5400.0
10962,3200.0
10963,3600.0
10964,3000.0
10965,6700.0
10966,4200.0
10967,3100.0
10968,2200.0
10969,3100.0
10970,1800.0
10971,4300.0
10972,3700.0
10973,3300.0
10974,2700.0
10975,1500.0
10976,2200.0
10977,3000.0
10978,3400.0
10979,2100.0
10980,1700.0
10981,1900.0
10982,1800.0
10983,2300.0
10984,4200.0
10985,3400.0
10986,4600.0
10987,3800.0
10988,3500.0
10989,3900.0
10990,3100.0
10991,1900.0
10992,4500.0
10993,3500.0
10994,1600.0
10995,2200.0
10996,3300.0
10997,2400.0
10998,5000.0
10999,2100.0
11000,3800.0
11001,3500.0
11002,2500.0
11003,2000.0
11004,3800.0
11005,1700.0
11006,4600.0
11007,1700.0
11008,3000.0
11009,1900.0
11010,3100.0
11011,2500.0
11012,5400.0
11013,3900.0
11014,3300.0
11015,2100.0
11016,2400.0
11017,2600.0
11018,2400.0
11019,2600.0
11020,4200.0
11021,4600.0
11022,4200.0
11023,4000.0
11024,4600.0
11025,5300.0
11026,3200.0
11027,3400.0
11028,2400.0
11029,1400.0
11030,4600.0
11031,2500.0
11032,3800.0
11033,3800.0
11034,3400.0
11035,2200.0
11036,4000.0
11037,2800.0
11038,2200.0
11039,1400.0
11040,6400.0
11041,3200.0
11042,2200.0
11043,2500.0
11044,1500.0
11045,2400.0
11046,1200.0
11047,4200.0
11048,3400.0
11049,5500.0
11050,2300.0
11051,4500.0
11052,5600.0
11053,1900.0
11054,2700.0
11055,4000.0
11056,1800.0
11057,1400.0
11058,2300.0
11059,800.0
11060,1900.0
11061,3300.0
11062,4000.0
11063,2400.0
11064,1600.0
11065,1900.0
11066,4600.0
11067,4700.0
11068,3700.0
11069,4100.0
11070,4200.0
11071,3500.0
11072,2500.0
11073,1900.0
11074,3600.0
11075,3600.0
11076,3400.0
11077,4000.0
11078,3600.0
11079,5200.0
11080,4700.0
11081,5100.0
11082,4400.0
11083,5200.0
11084,4400.0
11085,2400.0
11086,5100.0
11087,3000.0
11088,2900.0
11089,2600.0
11090,2300.0
11091,3700.0
11092,2100.0
11093,2900.0
11094,3800.0
11095,1700.0
11096,2400.0
11097,3600.0
11098,2400.0
11099,3300.0
11100,4300.0
11101,3000.0
11102,2300.0
11103,3400.0
11104,2200.0
11105,6000.0
11106,3900.0
11107,2100.0
11108,3600.0
11109,5100.0
11110,4200.0
11111,2700.0
11112,2500.0
11113,3800.0
11114,4000.0
11115,3200.0
11116,4400.0
11117,3700.0
11118,3700.0
11119,3300.0
11120,2000.0
11121,4100.0
11122,3100.0
11123,2200.0
11124,4300.0
11125,2200.0
11126,2100.0
11127,2100.0
11128,2800.0
11129,2400.0
11130,3200.0
11131,4400.0
11132,2700.0
11133,3800.0
11134,4300.0
11135,2800.0
11136,2600.0
11137,3900.0
11138,3200.0
11139,1900.0
11140,4100.0
11141,2200.0
11142,3800.0
11143,4600.0
11144,3500.0
11145,3200.0
11146,3200.0
11147,1800.0
11148,3000.0
11149,3700.0
11150,4900.0
11151,3700.0
11152,3000.0
11153,2200.0
11154,2300.0
11155,2400.0
11156,3400.0
11157,4600.0
11158,2600.0
11159,5800.0
11160,5700.0
11161,3600.0
11162,2500.0
11163,1800.0
11164,2300.0
11165,4500.0
11166,3200.0
11167,2100.0
11168,2800.0
11169,4000.0
11170,2400.0
11171,1500.0
11172,3100.0
11173,2000.0
11174,2200.0
11175,3100.0
11176,1800.0
11177,3400.0
11178,4800.0
11179,3600.0
11180,3200.0
11181,4400.0
11182,2100.0
11183,1500.0
11184,5400.0
11185,1700.0
11186,4800.0
11187,4100.0
11188,3400.0
11189,2800.0
11190,2500.0
11191,5400.0
11192,3300.0
11193,4500.0
11194,4000.0
11195,5100.0
11196,4700.0
11197,6100.0
11198,4300.0
11199,1900.0
11200,2200.0
11201,1500.0
11202,3900.0
11203,4500.0
11204,5900.0
11205,2400.0
11206,2300.0
11207,4100.0
11208,5200.0
11209,2500.0
11210,3000.0
11211,4600.0
11212,2300.0
11213,3200.0
11214,4100.0
11215,4000.0
11216,3300.0
11217,5400.0
11218,3700.0
11219,4200.0
11220,2100.0
11221,3800.0
11222,2500.0
11223,3500.0
11224,1800.0
11225,2800.0
11226,4200.0
11227,4500.0
11228,2300.0
11229,3000.0
11230,3200.0
11231,1400.0
11232,5900.0
11233,4500.0
11234,2700.0
11235,2000.0
11236,3600.0
11237,2300.0
11238,2100.0
11239,6000.0
11240,4100.0
11241,3900.0
11242,2500.0
11243,5800.0
11244,4100.0
11245,1300.0
11246,4900.0
11247,3300.0
11248,3900.0
11249,2600.0
11250,4600.0
11251,3300.0
11252,2300.0
11253,3800.0
11254,1900.0
11255,1800.0
11256,1600.0
11257,3900.0
11258,1600.0
11259,4100.0
11260,3200.0
11261,3000.0
11262,4000.0
11263,2900.0
11264,1800.0
11265,2800.0
11266,4600.0
11267,3600.0
11268,4200.0
11269,4400.0
11270,2200.0
11271,5300.0
11272,3500.0
11273,3000.0
11274,4500.0
11275,2200.0
11276,1900.0
11277,3300.0
11278,4200.0
11279,4200.0
11280,3000.0
11281,2200.0
11282,4100.0
11283,5900.0
11284,3200.0
11285,2700.0
11286,2300.0
11287,1400.0
11288,2100.0
11289,2700.0
11290,5400.0
11291,2700.0
11292,4200.0
11293,3500.0
11294,2300.0
11295,2300.0
11296,4200.0
11297,5900.0
11298,2700.0
11299,5500.0
11300,3000.0
11301,2300.0
11302,3100.0
11303,4100.0
11304,6100.0
11305,1900.0
11306,2800.0
11307,4100.0
11308,1700.0
11309,2800.0
11310,2000.0
11311,3200.0
11312,3100.0
11313,3300.0
11314,5300.0
11315,2100.0
11316,3700.0
11317,3500.0
11318,2700.0
11319,2300.0
11320,3400.0
11321,1000.0
11322,2000.0
11323,2000.0
11324,3800.0
11325,4600.0
11326,2000.0
11327,1400.0
11328,2500.0
11329,2800.0
11330,3500.0
11331,4400.0
11332,4500.0
11333,2500.0
11334,2700.0
11335,3500.0
11336,5000.0
11337,5300.0
11338,2500.0
11339,4500.0
11340,3800.0
11341,2400.0
11342,4000.0
11343,1700.0
11344,1900.0
11345,1600.0
11346,3000.0
11347,4200.0
11348,1900.0
11349,3400.0
11350,4500.0
11351,4400.0
11352,3900.0
11353,1900.0
11354,2500.0
11355,4700.0
11356,1800.0
11357,2200.0
11358,1900.0
11359,2300.0
11360,4100.0
11361,3100.0
11362,1500.0
11363,4400.0
11364,4400.0
11365,4100.0
11366,3800.0
11367,3200.0
11368,4100.0
11369,2800.0
11370,3200.0
11371,3900.0
11372,5700.0
11373,3600.0
11374,3500.0
11375,2900.0
11376,2900.0
11377,2100.0
11378,3400.0
11379,3200.0
11380,3000.0
11381,5500.0
11382,3000.0
11383,5200.0
11384,4300.0
11385,2800.0
11386,2200.0
11387,3900.0
11388,1900.0
11389,1500.0
11390,4100.0
11391,2500.0
11392,3100.0
11393,1900.0
11394,2900.0
11395,5300.0
11396,2700.0
11397,4400.0
11398,2800.0
11399,3800.0
11400,2800.0
11401,3700.0
11402,3700.0
11403,3100.0
11404,3600.0
11405,2300.0
11406,2700.0
11407,3500.0
11408,3500.0
11409,1700.0
11410,3900.0
11411,4400.0
11412,1700.0
11413,4100.0
11414,3000.0
11415,2600.0
11416,1500.0
11417,2300.0
11418,1300.0
11419,4400.0
11420,2200.0
11421,3400.0
11422,3400.0
11423,4000.0
11424,1400.0
11425,4900.0
11426,3500.0
11427,1600.0
11428,3600.0
11429,3100.0
11430,4000.0
11431,2600.0
11432,3500.0
11433,3500.0
11434,3300.0
11435,2300.0
11436,4000.0
11437,1000.0
11438,4500.0
11439,3800.0
11440,2500.0
11441,3500.0
11442,3900.0
11443,3000.0
11444,1900.0
11445,3900.0
11446,3500.0
11447,2600.0
11448,3500.0
11449,4300.0
11450,2100.0
11451,2000.0
11452,2000.0
11453,4100.0
11454,3900.0
11455,4300.0
11456,4400.0
11457,4600.0
11458,5500.0
11459,5100.0
11460,5200.0
11461,4700.0
11462,3500.0
11463,3200.0
11464,3600.0
11465,4100.0
11466,3900.0
11467,1900.0
11468,5100.0
11469,4000.0
11470,2400.0
11471,3700.0
11472,3000.0
11473,3600.0
11474,3500.0
11475,2700.0
11476,5500.0
11477,1700.0
11478,3200.0
11479,3200.0
11480,3400.0
11481,3200.0
11482,6100.0
11483,4000.0
11484,3100.0
11485,2700.0
11486,4100.0
11487,3900.0
11488,3000.0
11489,1700.0
11490,1500.0
11491,4900.0
11492,3900.0
11493,4600.0
11494,2800.0
11495,3800.0
11496,3300.0
11497,2000.0
11498,3100.0
11499,3400.0
11500,2200.0
11501,3500.0
11502,2700.0
11503,6200.0
11504,1800.0
11505,2800.0
11506,2600.0
11507,3100.0
11508,4500.0
11509,2800.0
11510,1300.0
11511,3400.0
11512,4300.0
11513,4600.0
11514,3300.0
11515,5500.0
11516,2000.0
11517,4300.0
11518,3100.0
11519,2500.0
11520,2500.0
11521,2800.0
11522,3200.0
11523,2800.0
11524,3500.0
11525,3100.0
11526,3300.0
11527,3300.0
11528,3400.0
11529,2500.0
11530,2300.0
11531,2900.0
11532,3000.0
11533,4200.0
11534,3300.0
11535,1400.0
11536,5500.0
11537,3800.0
11538,4200.0
11539,2400.0
11540,2400.0
11541,1500.0
11542,3300.0
11543,2700.0
11544,2500.0
11545,3700.0
11546,4600.0
11547,4600.0
11548,2100.0
11549,3900.0
11550,1600.0
11551,2500.0
11552,2000.0
11553,2000.0
11554,1900.0
11555,4500.0
11556,3000.0
11557,4700.0
11558,3500.0
11559,3100.0
11560,4100.0
11561,1400.0
11562,4700.0
11563,3600.0
11564,2200.0
11565,2300.0
11566,4100.0
11567,4300.0
11568,2100.0
11569,2200.0
11570,1800.0
11571,2600.0
11572,3200.0
11573,2700.0
11574,3200.0
11575,5900.0
11576,2600.0
11577,3900.0
11578,1700.0
11579,3700.0
11580,4200.0
11581,1500.0
11582,4600.0
11583,4300.0
11584,4000.0
11585,4600.0
11586,4300.0
11587,1900.0
11588,3000.0
11589,3400.0
11590,5100.0
11591,5800.0
11592,4400.0
11593,1500.0
11594,2300.0
11595,2700.0
11596,5800.0
11597,3600.0
11598,3700.0
11599,2400.0
11600,3000.0
11601,4700.0
11602,5100.0
11603,2400.0
11604,2400.0
11605,3800.0
11606,1800.0
11607,2900.0
11608,4600.0
11609,2800.0
11610,3100.0
11611,4600.0
11612,2600.0
11613,3000.0
11614,6000.0
11615,3000.0
11616,2600.0
11617,2200.0
11618,4600.0
11619,4100.0
11620,3900.0
11621,3500.0
11622,3200.0
11623,2300.0
11624,3000.0
11625,4200.0
11626,1600.0
11627,4500.0
11628,2000.0
11629,4100.0
11630,3900.0
11631,4600.0
11632,2900.0
11633,1900.0
11634,700.0
11635,1300.0
11636,2600.0
11637,3100.0
11638,3400.0
11639,5000.0
11640,3000.0
11641,1700.0
11642,1700.0
11643,4600.0
11644,2200.0
11645,3700.0
11646,2300.0
11647,5700.0
11648,1600.0
11649,4300.0
11650,3300.0
11651,5400.0
11652,3900.0
11653,2400.0
11654,2900.0
11655,2700.0
11656,2900.0
11657,2600.0
11658,2700.0
11659,2000.0
11660,3300.0
11661,4600.0
11662,1900.0
11663,4100.0
11664,2500.0
11665,3400.0
11666,5500.0
11667,4600.0
11668,2600.0
11669,2300.0
11670,4000.0
11671,2600.0
11672,2900.0
11673,2200.0
11674,3100.0
11675,4000.0
11676,4100.0
11677,2500.0
11678,3000.0
11679,3100.0
11680,3800.0
11681,2400.0
11682,2500.0
11683,4300.0
11684,3900.0
11685,1900.0
11686,1900.0
11687,2000.0
11688,5500.0
11689,4300.0
11690,2400.0
11691,4400.0
11692,2400.0
11693,1800.0
11694,2600.0
11695,2900.0
11696,3700.0
11697,4000.0
11698,4200.0
11699,2000.0
11700,4500.0
11701,2800.0
11702,4100.0
11703,3300.0
11704,4100.0
11705,2000.0
11706,3700.0
11707,2200.0
11708,2200.0
11709,5700.0
11710,3100.0
11711,4200.0
11712,4000.0
11713,1600.0
11714,3100.0
11715,2800.0
11716,2200.0
11717,3400.0
11718,2500.0
11719,4000.0
11720,5000.0
11721,4800.0
11722,1800.0
11723,3600.0
11724,4900.0
11725,6100.0
11726,2600.0
11727,3800.0
11728,5500.0
11729,2700.0
11730,4200.0
11731,2300.0
11732,3700.0
11733,4600.0
11734,4700.0
11735,2300.0
11736,3000.0
11737,3800.0
11738,2300.0
11739,3600.0
11740,2400.0
11741,3100.0
11742,1700.0
11743,5000.0
11744,4700.0
11745,3900.0
11746,4400.0
11747,3600.0
11748,3800.0
11749,1600.0
11750,2300.0
11751,4700.0
11752,2200.0
11753,3700.0
11754,1500.0
11755,4600.0
11756,2100.0
11757,1600.0
11758,900.0
11759,3300.0
11760,4100.0
11761,4600.0
11762,2500.0
11763,3000.0
11764,5000.0
11765,2800.0
11766,1900.0
11767,2200.0
11768,2500.0
11769,4900.0
11770,4600.0
11771,5200.0
11772,4900.0
11773,2800.0
11774,2600.0
11775,1800.0
11776,4300.0
11777,3700.0
11778,2000.0
11779,4300.0
11780,1400.0
11781,3200.0
11782,1600.0
11783,3800.0
11784,4400.0
11785,1700.0
11786,5900.0
11787,6100.0
11788,2500.0
11789,4300.0
11790,1900.0
11791,2200.0
11792,3600.0
11793,2400.0
11794,1700.0
11795,4000.0
11796,3900.0
11797,2000.0
11798,4300.0
11799,3500.0
11800,2500.0
11801,2900.0
11802,4300.0
11803,2500.0
11804,4900.0
11805,3600.0
11806,3300.0
11807,1200.0
11808,3700.0
11809,4600.0
11810,6800.0
11811,1500.0
11812,2400.0
11813,1800.0
11814,4800.0
11815,3900.0
11816,2200.0
11817,3000.0
11818,3300.0
11819,4700.0
11820,6000.0
11821,2300.0
11822,6100.0
11823,3600.0
11824,5200.0
11825,2200.0
11826,3600.0
11827,4500.0
11828,3700.0
11829,2000.0
11830,5200.0
11831,6600.0
11832,2300.0
11833,5000.0
11834,4000.0
11835,2400.0
11836,1500.0
11837,5500.0
11838,4400.0
11839,5300.0
11840,5200.0
11841,7700.0
11842,2500.0
11843,6500.0
11844,3200.0
11845,1400.0
11846,3400.0
11847,3700.0
11848,2400.0
11849,2700.0
11850,4300.0
11851,4200.0
11852,2600.0
11853,3200.0
11854,2100.0
11855,3900.0
11856,4700.0
11857,4400.0
11858,2600.0
11859,4300.0
11860,2600.0
11861,2600.0
11862,2500.0
11863,2700.0
11864,4500.0
11865,5500.0
11866,4100.0
11867,2100.0
11868,3900.0
11869,4800.0
11870,4500.0
11871,2700.0
11872,5000.0
11873,4100.0
11874,3900.0
11875,4100.0
11876,1800.0
11877,2700.0
11878,2100.0
11879,2200.0
11880,2300.0
11881,2900.0
11882,4900.0
11883,2600.0
11884,3000.0
11885,2900.0
11886,2400.0
11887,4100.0
11888,1500.0
11889,2600.0
11890,1200.0
11891,2600.0
11892,1300.0
11893,1800.0
11894,4200.0
11895,2100.0
11896,2400.0
11897,3500.0
11898,2200.0
11899,3600.0
11900,5100.0
11901,3400.0
11902,4200.0
11903,2100.0
11904,3500.0
11905,1700.0
11906,1800.0
11907,3100.0
11908,2800.0
11909,4100.0
11910,2800.0
11911,3800.0
11912,4700.0
11913,2600.0
11914,4800.0
11915,2500.0
11916,2700.0
11917,3700.0
11918,1000.0
11919,2500.0
11920,3000.0
11921,2900.0
11922,1800.0
11923,3800.0
11924,3100.0
11925,3700.0
11926,4100.0
11927,1600.0
11928,2900.0
11929,1900.0
11930,2400.0
11931,4600.0
11932,2100.0
11933,2100.0
11934,3600.0
11935,2400.0
11936,2300.0
11937,2800.0
11938,6600.0
11939,2000.0
11940,5300.0
11941,3400.0
11942,1400.0
11943,1700.0
11944,2700.0
11945,1000.0
11946,4100.0
11947,2600.0
11948,5000.0
11949,3000.0
11950,4600.0
11951,1700.0
11952,4600.0
11953,3200.0
11954,2700.0
11955,3900.0
11956,4200.0
11957,4500.0
11958,3900.0
11959,2000.0
11960,3000.0
11961,5400.0
11962,3700.0
11963,2600.0
11964,3300.0
11965,2500.0
11966,5200.0
11967,2500.0
11968,6600.0
11969,4400.0
11970,2200.0
11971,2300.0
11972,3100.0
11973,2200.0
11974,5100.0
11975,3800.0
11976,2000.0
11977,3000.0
11978,4700.0
11979,3400.0
11980,2800.0
11981,3200.0
11982,4300.0
11983,4500.0
11984,4500.0
11985,2900.0
11986,2700.0
11987,500.0
11988,1600.0
11989,4400.0
11990,4100.0
11991,4300.0
11992,2200.0
11993,3500.0
11994,2000.0
11995,3900.0
11996,2500.0
11997,3200.0
11998,1800.0
11999,1300.0
12000,4400.0
12001,3600.0
12002,2600.0
12003,1600.0
12004,3000.0
12005,4400.0
12006,4200.0
12007,4700.0
12008,3900.0
12009,2100.0
12010,5400.0
12011,1400.0
12012,5000.0
12013,2200.0
12014,5200.0
12015,3900.0
12016,4300.0
12017,1900.0
12018,1700.0
12019,3400.0
12020,4500.0
12021,4400.0
12022,4800.0
12023,1700.0
12024,2200.0
12025,3600.0
12026,3800.0
12027,3800.0
12028,2700.0
12029,2600.0
12030,1400.0
12031,2400.0
12032,7000.0
12033,2900.0
12034,1900.0
12035,1900.0
12036,1600.0
12037,4800.0
12038,2100.0
12039,2600.0
12040,3400.0
12041,3900.0
12042,2400.0
12043,2000.0
12044,4400.0
12045,5000.0
12046,2100.0
12047,3700.0
12048,3500.0
12049,3100.0
12050,1900.0
12051,3100.0
12052,2600.0
12053,2600.0
12054,5500.0
12055,3700.0
12056,5800.0
12057,2400.0
12058,1800.0
12059,3000.0
12060,2700.0
12061,1900.0
12062,4200.0
12063,2800.0
12064,4400.0
12065,3000.0
12066,2700.0
12067,4700.0
12068,5500.0
12069,3200.0
12070,3500.0
12071,1600.0
12072,2300.0
12073,4900.0
12074,6800.0
12075,2300.0
12076,4000.0
12077,4200.0
12078,3300.0
12079,3800.0
12080,1600.0
12081,5000.0
12082,4900.0
12083,6200.0
12084,4600.0
12085,1200.0
12086,3100.0
12087,4900.0
12088,3600.0
12089,2900.0
12090,3300.0
12091,3400.0
12092,3300.0
12093,5300.0
12094,3000.0
12095,1800.0
12096,2400.0
12097,3800.0
12098,3700.0
12099,3200.0
12100,3100.0
12101,5300.0
12102,1600.0
12103,3700.0
12104,2000.0
12105,2000.0
12106,2500.0
12107,2100.0
12108,2500.0
12109,3600.0
12110,4300.0
12111,2500.0
12112,2400.0
12113,3800.0
12114,3400.0
12115,4200.0
12116,3400.0
12117,4200.0
12118,3300.0
12119,2000.0
12120,1400.0
12121,2800.0
12122,4100.0
12123,4200.0
12124,3000.0
12125,1900.0
12126,5000.0
12127,1000.0
12128,4000.0
12129,4300.0
12130,3600.0
12131,4300.0
12132,4900.0
12133,2600.0
12134,2600.0
12135,2800.0
12136,3800.0
12137,2200.0
12138,1900.0
12139,4500.0
12140,4000.0
12141,4600.0
12142,4900.0
12143,3200.0
12144,2900.0
12145,3300.0
12146,3600.0
12147,4500.0
12148,2900.0
12149,3300.0
12150,5300.0
12151,3400.0
12152,3600.0
12153,2500.0
12154,3100.0
12155,2200.0
12156,2800.0
12157,4500.0
12158,2400.0
12159,1600.0
12160,3500.0
12161,3100.0
12162,3000.0
12163,4100.0
12164,4100.0
12165,3900.0
12166,2400.0
12167,4000.0
12168,5800.0
12169,4500.0
12170,2000.0
12171,2600.0
12172,4200.0
12173,2000.0
12174,3000.0
12175,3300.0
12176,2200.0
12177,3600.0
12178,1800.0
12179,4100.0
12180,1600.0
12181,2800.0
12182,1700.0
12183,3200.0
12184,2000.0
12185,3800.0
12186,3100.0
12187,3000.0
12188,3000.0
12189,2300.0
12190,2100.0
12191,3400.0
12192,2300.0
12193,2200.0
12194,1900.0
12195,3700.0
12196,4600.0
12197,5500.0
12198,4300.0
12199,3600.0
12200,3800.0
12201,2600.0
12202,2000.0
12203,1900.0
12204,2900.0
12205,3600.0
12206,5000.0
12207,5400.0
12208,2400.0
12209,2800.0
12210,2200.0
12211,2500.0
12212,3200.0
12213,2000.0
12214,2800.0
12215,2000.0
12216,4500.0
12217,2700.0
12218,4900.0
12219,3100.0
12220,2000.0
12221,1500.0
12222,2500.0
12223,3500.0
12224,2500.0
12225,1400.0
12226,1200.0
12227,5000.0
12228,3600.0
12229,3300.0
12230,2700.0
12231,4900.0
12232,3600.0
12233,2400.0
12234,4200.0
12235,3500.0
12236,6700.0
12237,2300.0
12238,1500.0
12239,4500.0
12240,2900.0
12241,4500.0
12242,2900.0
12243,3900.0
12244,4200.0
12245,3400.0
12246,4200.0
12247,4800.0
12248,2700.0
12249,1600.0
12250,3100.0
12251,1800.0
12252,5900.0
12253,2500.0
12254,2800.0
12255,1900.0
12256,6400.0
12257,5100.0
12258,4200.0
12259,2800.0
12260,3700.0
12261,2000.0
12262,2900.0
12263,2900.0
12264,3300.0
12265,4000.0
12266,4200.0
12267,2300.0
12268,2500.0
12269,4400.0
12270,2800.0
12271,3500.0
12272,3700.0
12273,3800.0
12274,3400.0
12275,3500.0
12276,2700.0
12277,1600.0
12278,3200.0
12279,2700.0
12280,5300.0
12281,1700.0
12282,1800.0
12283,3100.0
12284,4000.0
12285,5000.0
12286,1800.0
12287,2600.0
12288,4400.0
12289,2900.0
12290,1500.0
12291,1600.0
12292,4900.0
12293,4100.0
12294,4700.0
12295,3000.0
12296,2500.0
12297,3000.0
12298,2400.0
12299,1700.0
12300,2000.0
12301,3700.0
12302,1700.0
12303,3200.0
12304,5400.0
12305,4000.0
12306,3700.0
12307,2100.0
12308,2700.0
12309,1700.0
12310,2800.0
12311,3700.0
12312,4000.0
12313,5600.0
12314,1800.0
12315,1200.0
12316,2800.0
12317,4000.0
12318,3200.0
12319,4500.0
12320,2200.0
12321,4000.0
12322,3300.0
12323,5400.0
12324,5800.0
12325,3900.0
12326,3700.0
12327,3300.0
12328,3700.0
12329,1600.0
12330,5600.0
12331,1900.0
12332,3600.0
12333,2100.0
12334,2200.0
12335,3700.0
12336,2100.0
12337,1600.0
12338,3600.0
12339,1800.0
12340,3300.0
12341,2200.0
12342,1600.0
12343,2000.0
12344,3200.0
12345,3900.0
12346,5200.0
12347,4000.0
12348,2700.0
12349,2400.0
12350,1800.0
12351,2600.0
12352,3000.0
12353,1800.0
12354,3900.0
12355,2200.0
12356,3000.0
12357,5100.0
12358,5400.0
12359,2400.0
12360,5300.0
12361,2200.0
12362,1800.0
12363,5100.0
12364,2700.0
12365,2800.0
12366,1900.0
12367,800.0
12368,2000.0
12369,2100.0
12370,2500.0
12371,1100.0
12372,4400.0
12373,2500.0
12374,2700.0
12375,2800.0
12376,2000.0
12377,3900.0
12378,4400.0
12379,3600.0
12380,3300.0
12381,3900.0
12382,4800.0
12383,3000.0
12384,3700.0
12385,4900.0
12386,5600.0
12387,4900.0
12388,2600.0
12389,5400.0
12390,5600.0
12391,2500.0
12392,3600.0
12393,3900.0
12394,2000.0
12395,1200.0
12396,2700.0
12397,2900.0
12398,1400.0
12399,1700.0
12400,1700.0
12401,3500.0
12402,4800.0
12403,5000.0
12404,2300.0
12405,2200.0
12406,4400.0
12407,2900.0
12408,2900.0
12409,6600.0
12410,2600.0
12411,1400.0
12412,5400.0
12413,2400.0
12414,2100.0
12415,3000.0
12416,4200.0
12417,1100.0
12418,4600.0
12419,2200.0
12420,2900.0
12421,3200.0
12422,5300.0
12423,5000.0
12424,2200.0
12425,5700.0
12426,4100.0
12427,4400.0
12428,3800.0
12429,2200.0
12430,2000.0
12431,3500.0
12432,2000.0
12433,2900.0
12434,2000.0
12435,2200.0
12436,4200.0
12437,4900.0
12438,3900.0
12439,2800.0
12440,2200.0
12441,2000.0
12442,3500.0
12443,2900.0
12444,1600.0
12445,2200.0
12446,4300.0
12447,3400.0
12448,3700.0
12449,2700.0
12450,4700.0
12451,2100.0
12452,1700.0
12453,2800.0
12454,2100.0
12455,2600.0
12456,2200.0
12457,1700.0
12458,1400.0
12459,4900.0
12460,3300.0
12461,1600.0
12462,4500.0
12463,4100.0
12464,4300.0
12465,5500.0
12466,4600.0
12467,4700.0
12468,3500.0
12469,3600.0
12470,4300.0
12471,6000.0
12472,6100.0
12473,2500.0
12474,3300.0
12475,3900.0
12476,4700.0
12477,3000.0
12478,1700.0
12479,4300.0
12480,4000.0
12481,2800.0
12482,3500.0
12483,2800.0
12484,4400.0
12485,2200.0
12486,2200.0
12487,4400.0
12488,5700.0
12489,2300.0
12490,2500.0
12491,2000.0
12492,2500.0
12493,1700.0
12494,3400.0
12495,3700.0
12496,2700.0
12497,3800.0
12498,2300.0
12499,3700.0
12500,4700.0
12501,4500.0
12502,5200.0
12503,3900.0
12504,2300.0
12505,1500.0
12506,2600.0
12507,6100.0
12508,3800.0
12509,1300.0
12510,2400.0
12511,2900.0
12512,3200.0
12513,2000.0
12514,3900.0
12515,3400.0
12516,2300.0
12517,2800.0
12518,3300.0
12519,3300.0
12520,1400.0
12521,3400.0
12522,2300.0
12523,4000.0
12524,2200.0
12525,1700.0
12526,3800.0
12527,2300.0
12528,3600.0
12529,5000.0
12530,2100.0
12531,3900.0
12532,3000.0
12533,3500.0
12534,3100.0
12535,4200.0
12536,2000.0
12537,3200.0
12538,4500.0
12539,1700.0
12540,4700.0
12541,1300.0
12542,2900.0
12543,2100.0
12544,4000.0
12545,2500.0
12546,4000.0
12547,2600.0
12548,1600.0
12549,3800.0
12550,3200.0
12551,2700.0
12552,1600.0
12553,2900.0
12554,1500.0
12555,1900.0
12556,6700.0
12557,2000.0
12558,3700.0
12559,4400.0
12560,1700.0
12561,2900.0
12562,2500.0
12563,2400.0
12564,3200.0
12565,2000.0
12566,1800.0
12567,2800.0
12568,1600.0
12569,3300.0
12570,2000.0
12571,2700.0
12572,2800.0
12573,2300.0
12574,3300.0
12575,2400.0
12576,3400.0
12577,3600.0
12578,5800.0
12579,2100.0
12580,3900.0
12581,4700.0
12582,4800.0
12583,3200.0
12584,2600.0
12585,2000.0
12586,3800.0
12587,4100.0
12588,2100.0
12589,2300.0
12590,2000.0
12591,1900.0
12592,3100.0
12593,4600.0
12594,2800.0
12595,2900.0
12596,2300.0
12597,3300.0
12598,3600.0
12599,2500.0
12600,4300.0
12601,1800.0
12602,2800.0
12603,4500.0
12604,4000.0
12605,4600.0
12606,2400.0
12607,5000.0
12608,1700.0
12609,3700.0
12610,1900.0
12611,4500.0
12612,4800.0
12613,2500.0
12614,1600.0
12615,2500.0
12616,4200.0
12617,1900.0
12618,5000.0
12619,1600.0
12620,4800.0
12621,5100.0
12622,3500.0
12623,3100.0
12624,1600.0
12625,3500.0
12626,2400.0
12627,1700.0
12628,2900.0
12629,2100.0
12630,2000.0
12631,4100.0
12632,3600.0
12633,1800.0
12634,3500.0
12635,1600.0
12636,2400.0
12637,4700.0
12638,4200.0
12639,5100.0
12640,3700.0
12641,2200.0
12642,1600.0
12643,3500.0
12644,3700.0
12645,4600.0
12646,4800.0
12647,2700.0
12648,5000.0
12649,4000.0
12650,4400.0
12651,3800.0
12652,1400.0
12653,2200.0
12654,2900.0
12655,3800.0
12656,1100.0
12657,4200.0
12658,2200.0
12659,3900.0
12660,1700.0
12661,2900.0
12662,4300.0
12663,4900.0
12664,3700.0
12665,2900.0
12666,3000.0
12667,5400.0
12668,3700.0
12669,4100.0
12670,4900.0
12671,4600.0
12672,4100.0
12673,2100.0
12674,4000.0
12675,3500.0
12676,5900.0
12677,2200.0
12678,2000.0
12679,4500.0
12680,5000.0
12681,6100.0
12682,1800.0
12683,2800.0
12684,3700.0
12685,2800.0
12686,3000.0
12687,3400.0
12688,3600.0
12689,4400.0
12690,4000.0
12691,2400.0
12692,4000.0
12693,2800.0
12694,4400.0
12695,2700.0
12696,3700.0
12697,900.0
12698,3600.0
12699,5400.0
12700,4100.0
12701,5100.0
12702,3800.0
12703,1800.0
12704,2000.0
12705,4300.0
12706,1700.0
12707,2400.0
12708,5500.0
12709,2200.0
12710,3900.0
12711,2400.0
12712,1700.0
12713,2000.0
12714,4000.0
12715,1700.0
12716,2500.0
12717,2400.0
12718,1800.0
12719,2500.0
12720,2300.0
12721,3200.0
12722,2400.0
12723,1800.0
12724,4800.0
12725,1500.0
12726,2900.0
12727,4400.0
12728,3500.0
12729,3300.0
12730,4600.0
12731,3700.0
12732,5400.0
12733,3800.0
12734,5100.0
12735,2000.0
12736,3600.0
12737,1500.0
12738,1800.0
12739,2300.0
12740,4400.0
12741,2600.0
12742,4800.0
12743,1800.0
12744,5200.0
12745,4700.0
12746,2400.0
12747,4800.0
12748,1400.0
12749,2400.0
12750,1900.0
12751,2900.0
12752,3100.0
12753,3500.0
12754,1900.0
12755,1400.0
12756,4200.0
12757,1800.0
12758,4200.0
12759,2900.0
12760,4600.0
12761,3200.0
12762,3800.0
12763,5000.0
12764,3200.0
12765,3900.0
12766,3500.0
12767,1600.0
12768,3300.0
12769,2400.0
12770,4000.0
12771,2000.0
12772,4600.0
12773,3400.0
12774,2700.0
12775,2900.0
12776,4000.0
12777,1700.0
12778,2100.0
12779,3200.0
12780,4100.0
12781,2600.0
12782,5000.0
12783,5700.0
12784,5000.0
12785,3200.0
12786,4400.0
12787,2100.0
12788,4600.0
12789,4100.0
12790,2900.0
12791,4600.0
12792,3000.0
12793,2800.0
12794,4600.0
12795,5100.0
12796,2500.0
12797,4800.0
12798,4200.0
12799,2500.0
12800,1700.0
12801,3100.0
12802,1900.0
12803,4100.0
12804,3000.0
12805,1800.0
12806,1400.0
12807,1700.0
12808,6300.0
12809,3300.0
12810,4700.0
12811,6000.0
12812,2400.0
12813,2700.0
12814,2000.0
12815,3400.0
12816,4100.0
12817,4200.0
12818,2700.0
12819,3900.0
12820,1700.0
12821,2000.0
12822,4200.0
12823,2500.0
12824,4100.0
12825,1500.0
12826,2200.0
12827,3800.0
12828,4500.0
12829,1800.0
12830,3900.0
12831,3000.0
12832,2600.0
12833,6200.0
12834,4400.0
12835,3100.0
12836,3600.0
12837,4300.0
12838,4000.0
12839,3100.0
12840,2800.0
12841,3400.0
12842,4800.0
12843,2200.0
12844,4900.0
12845,1400.0
12846,2100.0
12847,2900.0
12848,2500.0
12849,2400.0
12850,1900.0
12851,3700.0
12852,4600.0
12853,2300.0
12854,4600.0
12855,1800.0
12856,3800.0
12857,5500.0
12858,2000.0
12859,2200.0
12860,5300.0
12861,1700.0
12862,3200.0
12863,5000.0
12864,2200.0
12865,2300.0
12866,1600.0
12867,2800.0
12868,3900.0
12869,3700.0
12870,2200.0
12871,4000.0
12872,2000.0
12873,2200.0
12874,3400.0
12875,3500.0
12876,3500.0
12877,3200.0
12878,2000.0
12879,1600.0
12880,2600.0
12881,2000.0
12882,3400.0
12883,5300.0
12884,5000.0
12885,1500.0
12886,4200.0
12887,4200.0
12888,3600.0
12889,1300.0
12890,4200.0
12891,5100.0
12892,4200.0
12893,2300.0
12894,4800.0
12895,3600.0
12896,5100.0
12897,1400.0
12898,2400.0
12899,3700.0
12900,4700.0
12901,2600.0
12902,2100.0
12903,5700.0
12904,2000.0
12905,4100.0
12906,4200.0
12907,2600.0
12908,3300.0
12909,2300.0
12910,2200.0
12911,3300.0
12912,3600.0
12913,1900.0
12914,4700.0
12915,1600.0
12916,3300.0
12917,2400.0
12918,1800.0
12919,3100.0
12920,3200.0
12921,3200.0
12922,3900.0
12923,3100.0
12924,3400.0
12925,2400.0
12926,3200.0
12927,2600.0
12928,3300.0
12929,2400.0
12930,3500.0
12931,3000.0
12932,1800.0
12933,2300.0
12934,1800.0
12935,4000.0
12936,1300.0
12937,3900.0
12938,2400.0
12939,3900.0
12940,3600.0
12941,1800.0
12942,3200.0
12943,2600.0
12944,4100.0
12945,2100.0
12946,3800.0
12947,3000.0
12948,4000.0
12949,2300.0
12950,3900.0
12951,3600.0
12952,3900.0
12953,4200.0
12954,4000.0
12955,2400.0
12956,2000.0
12957,4900.0
12958,6000.0
12959,3900.0
12960,4800.0
12961,3200.0
12962,1800.0
12963,1800.0
12964,3500.0
12965,5400.0
12966,2500.0
12967,2800.0
12968,3900.0
12969,2700.0
12970,3400.0
12971,4100.0
12972,1900.0
12973,1900.0
12974,2100.0
12975,2500.0
12976,2200.0
12977,1900.0
12978,3500.0
12979,4400.0
12980,2500.0
12981,2300.0
12982,2500.0
12983,3400.0
12984,3200.0
12985,2600.0
12986,3200.0
12987,1000.0
12988,2600.0
12989,4800.0
12990,5500.0
12991,3500.0
12992,2100.0
12993,5600.0
12994,2000.0
12995,3100.0
12996,2300.0
12997,3200.0
12998,3200.0
12999,3900.0
13000,1600.0
13001,3900.0
13002,2600.0
13003,3100.0
13004,1600.0
13005,3600.0
13006,1200.0
13007,2800.0
13008,2100.0
13009,2400.0
13010,2200.0
13011,3900.0
13012,3000.0
13013,3500.0
13014,3500.0
13015,3100.0
13016,3900.0
13017,2400.0
13018,2200.0
13019,3900.0
13020,2000.0
13021,4600.0
13022,2700.0
13023,1600.0
13024,3400.0
13025,5800.0
13026,3500.0
13027,3200.0
13028,3900.0
13029,4900.0
13030,3500.0
13031,4600.0
13032,2200.0
13033,4000.0
13034,1900.0
13035,2200.0
13036,4300.0
13037,3400.0
13038,3700.0
13039,5300.0
13040,1400.0
13041,1800.0
13042,3900.0
13043,3200.0
13044,3800.0
13045,3300.0
13046,4100.0
13047,2100.0
13048,3100.0
13049,2500.0
13050,2800.0
13051,2100.0
13052,4800.0
13053,3400.0
13054,3100.0
13055,1900.0
13056,4700.0
13057,3900.0
13058,3600.0
13059,3000.0
13060,4200.0
13061,3900.0
13062,4500.0
13063,3900.0
13064,3200.0
13065,2100.0
13066,2000.0
13067,2700.0
13068,1800.0
13069,3400.0
13070,3200.0
13071,1800.0
13072,3600.0
13073,2100.0
13074,2400.0
13075,4500.0
13076,3800.0
13077,3800.0
13078,4800.0
13079,2600.0
13080,2100.0
13081,1400.0
13082,3200.0
13083,2800.0
13084,2300.0
13085,3600.0
13086,2800.0
13087,4100.0
13088,3500.0
13089,2200.0
13090,4800.0
13091,3100.0
13092,3500.0
13093,4500.0
13094,1500.0
13095,3200.0
13096,2600.0
13097,2400.0
13098,5900.0
13099,5000.0
13100,3000.0
13101,2500.0
13102,2300.0
13103,3600.0
13104,1600.0
13105,4700.0
13106,4700.0
13107,4600.0
13108,3900.0
13109,6000.0
13110,3200.0
13111,4900.0
13112,2500.0
13113,3000.0
13114,6000.0
13115,2600.0
13116,4900.0
13117,2400.0
13118,4400.0
13119,2500.0
13120,1800.0
13121,2300.0
13122,2000.0
13123,4100.0
13124,3600.0
13125,3500.0
13126,1800.0
13127,2800.0
13128,2600.0
13129,4500.0
13130,4900.0
13131,1600.0
13132,3400.0
13133,6400.0
13134,1200.0
13135,6500.0
13136,1300.0
13137,3300.0
13138,4200.0
13139,3200.0
13140,2800.0
13141,2100.0
13142,2500.0
13143,1900.0
13144,2000.0
13145,2600.0
13146,2700.0
13147,3400.0
13148,5400.0
13149,300.0
13150,2600.0
13151,3000.0
13152,3100.0
13153,2200.0
13154,4100.0
13155,4500.0
13156,3500.0
13157,3600.0
13158,4100.0
13159,1500.0
13160,3300.0
13161,4500.0
13162,2300.0
13163,2800.0
13164,700.0
13165,1700.0
13166,3000.0
13167,2700.0
13168,2200.0
13169,5400.0
13170,2600.0
13171,3000.0
13172,1900.0
13173,3500.0
13174,3000.0
13175,2700.0
13176,2400.0
13177,5000.0
13178,5200.0
13179,3300.0
13180,2800.0
13181,3600.0
13182,1800.0
13183,3700.0
13184,1700.0
13185,1100.0
13186,4800.0
13187,4000.0
13188,4900.0
13189,1700.0
13190,4100.0
13191,3200.0
13192,3700.0
13193,4300.0
13194,5700.0
13195,2800.0
13196,3600.0
13197,1800.0
13198,6300.0
13199,3400.0
13200,3900.0
13201,1600.0
13202,3300.0
13203,2600.0
13204,2200.0
13205,4300.0
13206,1700.0
13207,2100.0
13208,4200.0
13209,2100.0
13210,6700.0
13211,2100.0
13212,4200.0
13213,1200.0
13214,6700.0
13215,4500.0
13216,3300.0
13217,4000.0
13218,3200.0
13219,1800.0
13220,3300.0
13221,5800.0
13222,1800.0
13223,2600.0
13224,2800.0
13225,4500.0
13226,4300.0
13227,2000.0
13228,1900.0
13229,3200.0
13230,2700.0
13231,3200.0
13232,3400.0
13233,4600.0
13234,2600.0
13235,3200.0
13236,1400.0
13237,3400.0
13238,2500.0
13239,2200.0
13240,5000.0
13241,4200.0
13242,2900.0
13243,1700.0
13244,3900.0
13245,3500.0
13246,1900.0
13247,2700.0
13248,4800.0
13249,1400.0
13250,1900.0
13251,5800.0
13252,3800.0
13253,3100.0
13254,4500.0
13255,3900.0
13256,3700.0
13257,1800.0
13258,4300.0
13259,5000.0
13260,3300.0
13261,3300.0
13262,3200.0
13263,5500.0
13264,1900.0
13265,2900.0
13266,3100.0
13267,3200.0
13268,2300.0
13269,2300.0
13270,2700.0
13271,2200.0
13272,4100.0
13273,4700.0
13274,4200.0
13275,5800.0
13276,5700.0
13277,4200.0
13278,1800.0
13279,3700.0
13280,3700.0
13281,2400.0
13282,5400.0
13283,2300.0
13284,3800.0
13285,2100.0
13286,3300.0
13287,2600.0
13288,2400.0
13289,2600.0
13290,4200.0
13291,3000.0
13292,3400.0
13293,3900.0
13294,3800.0
13295,3800.0
13296,2900.0
13297,2900.0
13298,4700.0
13299,2800.0
13300,3600.0
13301,2700.0
13302,1800.0
13303,2500.0
13304,2800.0
13305,5500.0
13306,400.0
13307,2700.0
13308,2000.0
13309,3800.0
13310,1700.0
13311,2600.0
13312,3800.0
13313,3900.0
13314,2600.0
13315,2600.0
13316,4100.0
13317,1100.0
13318,4300.0
13319,2100.0
13320,2200.0
13321,2100.0
13322,4900.0
13323,1500.0
13324,2600.0
13325,4900.0
13326,4300.0
13327,3600.0
13328,3600.0
13329,1700.0
13330,4200.0
13331,4600.0
13332,1400.0
13333,3000.0
13334,3400.0
13335,1800.0
13336,3300.0
13337,2400.0
13338,5400.0
13339,4000.0
13340,500.0
13341,2600.0
13342,4700.0
13343,4600.0
13344,2600.0
13345,3500.0
13346,4400.0
13347,4400.0
13348,2800.0
13349,1800.0
13350,4800.0
13351,2800.0
13352,1400.0
13353,4600.0
13354,6300.0
13355,1600.0
13356,2600.0
13357,2500.0
13358,3100.0
13359,2400.0
13360,1900.0
13361,3200.0
13362,2900.0
13363,2800.0
13364,3600.0
13365,3100.0
13366,4800.0
13367,2500.0
13368,2900.0
13369,5600.0
13370,4200.0
13371,1500.0
13372,3300.0
13373,5000.0
13374,4300.0
13375,2400.0
13376,2200.0
13377,6000.0
13378,2200.0
13379,1000.0
13380,3800.0
13381,2800.0
13382,5200.0
13383,1700.0
13384,2300.0
13385,3100.0
13386,3400.0
13387,2400.0
13388,1900.0
13389,3800.0
13390,2200.0
13391,2300.0
13392,4300.0
13393,3300.0
13394,2600.0
13395,3400.0
13396,3100.0
13397,2200.0
13398,1900.0
13399,3300.0
13400,2700.0
13401,3600.0
13402,2100.0
13403,3700.0
13404,5300.0
13405,1400.0
13406,4600.0
13407,4400.0
13408,5000.0
13409,3200.0
13410,3600.0
13411,3300.0
13412,4200.0
13413,3800.0
13414,4700.0
13415,2900.0
13416,1600.0
13417,2000.0
13418,1600.0
13419,3500.0
13420,1600.0
13421,3500.0
13422,3400.0
13423,3900.0
13424,3300.0
13425,4900.0
13426,2000.0
13427,1100.0
13428,3100.0
13429,2200.0
13430,3000.0
13431,3000.0
13432,4000.0
13433,4200.0
13434,1400.0
13435,4500.0
13436,800.0
13437,2400.0
13438,3500.0
13439,4500.0
13440,1700.0
13441,3700.0
13442,4500.0
13443,4000.0
13444,2700.0
13445,2300.0
13446,3800.0
13447,4200.0
13448,3000.0
13449,2300.0
13450,3900.0
13451,1700.0
13452,3600.0
13453,1800.0
13454,4000.0
13455,2200.0
13456,1600.0
13457,1900.0
13458,3200.0
13459,3300.0
13460,3100.0
13461,3000.0
13462,3400.0
13463,4100.0
13464,2600.0
13465,4300.0
13466,2900.0
13467,2600.0
13468,6300.0
13469,2100.0
13470,2600.0
13471,3800.0
13472,2000.0
13473,3200.0
13474,2200.0
13475,2100.0
13476,1600.0
13477,3600.0
13478,5500.0
13479,3400.0
13480,2300.0
13481,1800.0
13482,3200.0
13483,3100.0
13484,2200.0
13485,4100.0
13486,5700.0
13487,3400.0
13488,3500.0
13489,1600.0
13490,1100.0
13491,3700.0
13492,3000.0
13493,2800.0
13494,5000.0
13495,3400.0
13496,1300.0
13497,2300.0
13498,2500.0
13499,2300.0
13500,2000.0
13501,3300.0
13502,1700.0
13503,3600.0
13504,4400.0
13505,3400.0
13506,1600.0
13507,2900.0
13508,2100.0
13509,3800.0
13510,2500.0
13511,6400.0
13512,5300.0
13513,2800.0
13514,3300.0
13515,2200.0
13516,3800.0
13517,2100.0
13518,2400.0
13519,4500.0
13520,3100.0
13521,2800.0
13522,2500.0
13523,3000.0
13524,5900.0
13525,2000.0
13526,4900.0
13527,2200.0
13528,1900.0
13529,4100.0
13530,2500.0
13531,4700.0
13532,4400.0
13533,1400.0
13534,2000.0
13535,4400.0
13536,4000.0
13537,4400.0
13538,2600.0
13539,1500.0
13540,4000.0
13541,1800.0
13542,3900.0
13543,2100.0
13544,2100.0
13545,2000.0
13546,2800.0
13547,3600.0
13548,3300.0
13549,4200.0
13550,5000.0
13551,2500.0
13552,3300.0
13553,2100.0
13554,3600.0
13555,4300.0
13556,2100.0
13557,1900.0
13558,3200.0
13559,700.0
13560,4400.0
13561,2200.0
13562,2000.0
13563,3100.0
13564,2200.0
13565,2400.0
13566,3800.0
13567,1600.0
13568,2600.0
13569,3100.0
13570,2700.0
13571,1400.0
13572,5400.0
13573,2500.0
13574,6200.0
13575,1900.0
13576,4800.0
13577,2200.0
13578,3300.0
13579,2300.0
13580,2500.0
13581,1600.0
13582,4200.0
13583,3800.0
13584,3500.0
13585,2000.0
13586,4200.0
13587,5800.0
13588,1800.0
13589,3800.0
13590,2000.0
13591,2300.0
13592,4000.0
13593,2900.0
13594,2000.0
13595,4100.0
13596,2100.0
13597,2100.0
13598,3200.0
13599,2800.0
13600,2000.0
13601,3500.0
13602,3300.0
13603,1900.0
13604,3700.0
13605,2200.0
13606,2800.0
13607,4000.0
13608,1600.0
13609,2600.0
13610,4400.0
13611,2600.0
13612,2100.0
13613,5300.0
13614,3900.0
13615,3000.0
13616,3600.0
13617,5400.0
13618,2400.0
13619,1200.0
13620,2300.0
13621,3200.0
13622,3800.0
13623,3600.0
13624,5400.0
13625,5100.0
13626,6700.0
13627,3400.0
13628,3700.0
13629,3800.0
13630,3700.0
13631,4600.0
13632,5100.0
13633,2700.0
13634,6200.0
13635,4700.0
13636,6300.0
13637,5800.0
13638,2500.0
13639,3900.0
13640,4500.0
13641,5700.0
13642,4100.0
13643,4300.0
13644,2900.0
13645,4000.0
13646,5100.0
13647,3100.0
13648,5100.0
13649,2100.0
13650,5600.0
13651,2200.0
13652,3800.0
13653,2800.0
13654,4700.0
13655,1700.0
13656,3100.0
13657,5200.0
13658,2800.0
13659,3400.0
13660,4400.0
13661,1700.0
13662,1500.0
13663,2600.0
13664,5300.0
13665,2800.0
13666,4200.0
13667,1900.0
13668,2000.0
13669,2700.0
13670,2900.0
13671,3000.0
13672,1800.0
13673,3100.0
13674,1400.0
13675,1900.0
13676,5200.0
13677,3400.0
13678,3300.0
13679,5100.0
13680,4300.0
13681,2200.0
13682,3800.0
13683,3500.0
13684,3600.0
13685,4100.0
13686,2500.0
13687,1500.0
13688,3200.0
13689,1400.0
13690,1700.0
13691,4000.0
13692,3900.0
13693,2500.0
13694,3400.0
13695,3400.0
13696,2600.0
13697,1700.0
13698,3500.0
13699,4100.0
13700,4100.0
13701,3800.0
13702,2600.0
13703,5200.0
13704,6500.0
13705,3500.0
13706,3100.0
13707,3700.0
13708,1300.0
13709,3900.0
13710,2700.0
13711,4700.0
13712,4400.0
13713,3500.0
13714,4600.0
13715,3600.0
13716,3000.0
13717,4400.0
13718,2700.0
13719,5000.0
13720,2700.0
13721,3400.0
13722,3100.0
13723,2800.0
13724,3400.0
13725,5100.0
13726,2000.0
13727,3000.0
13728,5200.0
13729,3200.0
13730,3900.0
13731,2700.0
13732,2800.0
13733,2400.0
13734,2200.0
13735,4400.0
13736,4800.0
13737,4000.0
13738,1900.0
13739,1800.0
13740,2700.0
13741,3100.0
13742,5300.0
13743,3500.0
13744,4100.0
13745,4200.0
13746,2600.0
13747,3600.0
13748,2400.0
13749,3000.0
13750,1000.0
13751,4700.0
13752,1400.0
13753,4400.0
13754,5000.0
13755,1200.0
13756,5900.0
13757,2000.0
13758,4300.0
13759,3300.0
13760,2200.0
13761,3900.0
13762,3500.0
13763,1500.0
13764,2600.0
13765,1700.0
13766,2200.0
13767,2500.0
13768,3900.0
13769,3100.0
13770,8000.0
13771,4600.0
13772,3300.0
13773,1600.0
13774,1800.0
13775,2100.0
13776,2800.0
13777,3200.0
13778,3300.0
13779,2500.0
13780,3300.0
13781,4800.0
13782,4300.0
13783,1100.0
13784,3100.0
13785,4300.0
13786,4500.0
13787,4600.0
13788,2200.0
13789,1900.0
13790,2900.0
13791,4200.0
13792,5000.0
13793,1900.0
13794,2100.0
13795,2200.0
13796,2900.0
13797,3400.0
13798,2600.0
13799,5200.0
13800,3100.0
13801,3500.0
13802,4800.0
13803,4800.0
13804,1400.0
13805,2000.0
13806,4800.0
13807,1900.0
13808,2700.0
13809,3000.0
13810,3900.0
13811,1400.0
13812,2200.0
13813,1100.0
13814,3000.0
13815,3500.0
13816,2600.0
13817,4500.0
13818,1500.0
13819,4600.0
13820,3900.0
13821,5800.0
13822,3900.0
13823,3000.0
13824,2600.0
13825,3500.0
13826,5800.0
13827,6300.0
13828,2300.0
13829,2600.0
13830,4200.0
13831,3800.0
13832,4700.0
13833,4200.0
13834,4300.0
13835,2900.0
13836,3900.0
13837,3700.0
13838,2600.0
13839,2200.0
13840,3200.0
13841,2700.0
13842,3400.0
13843,3700.0
13844,3000.0
13845,1800.0
13846,2500.0
13847,1900.0
13848,3000.0
13849,5700.0
13850,4100.0
13851,3000.0
13852,3000.0
13853,5100.0
13854,1900.0
13855,1600.0
13856,2700.0
13857,1800.0
13858,2100.0
13859,3800.0
13860,3200.0
13861,3100.0
13862,3000.0
13863,3000.0
13864,5400.0
13865,2400.0
13866,4000.0
13867,2900.0
13868,2300.0
13869,4200.0
13870,3800.0
13871,4100.0
13872,3200.0
13873,2400.0
13874,1300.0
13875,1900.0
13876,4000.0
13877,4200.0
13878,2700.0
13879,4900.0
13880,3600.0
13881,2800.0
13882,3000.0
13883,3000.0
13884,3700.0
13885,1900.0
13886,5000.0
13887,3600.0
13888,3600.0
13889,1700.0
13890,2100.0
13891,2300.0
13892,3800.0
13893,2000.0
13894,3800.0
13895,3700.0
13896,4400.0
13897,4000.0
13898,2100.0
13899,4000.0
13900,3200.0
13901,2500.0
13902,1900.0
13903,3100.0
13904,4600.0
13905,5800.0
13906,2900.0
13907,6100.0
13908,4400.0
13909,2200.0
13910,4800.0
13911,3600.0
13912,4600.0
13913,1300.0
13914,3300.0
13915,2800.0
13916,1700.0
13917,5500.0
13918,1700.0
13919,1700.0
13920,3600.0
13921,3900.0
13922,4200.0
13923,3900.0
13924,2900.0
13925,6000.0
13926,4300.0
13927,3800.0
13928,2300.0
13929,1900.0
13930,3500.0
13931,3900.0
13932,3200.0
13933,1800.0
13934,4900.0
13935,2700.0
13936,3600.0
13937,5000.0
13938,3100.0
13939,1700.0
13940,2200.0
13941,1700.0
13942,3300.0
13943,3100.0
13944,1100.0
13945,2800.0
13946,3000.0
13947,2400.0
13948,1800.0
13949,1900.0
13950,1400.0
13951,2200.0
13952,3300.0
13953,1600.0
13954,3100.0
13955,3200.0
13956,1800.0
13957,1900.0
13958,4500.0
13959,4000.0
13960,4300.0
13961,3700.0
13962,3600.0
13963,2400.0
13964,1900.0
13965,2200.0
13966,3300.0
13967,6300.0
13968,4600.0
13969,4100.0
13970,2800.0
13971,2200.0
13972,1800.0
13973,1700.0
13974,3200.0
13975,2900.0
13976,1400.0
13977,1600.0
13978,5100.0
13979,1700.0
13980,3500.0
13981,1600.0
13982,2000.0
13983,4300.0
13984,6000.0
13985,1200.0
13986,3500.0
13987,2200.0
13988,3400.0
13989,3600.0
13990,2500.0
13991,1900.0
13992,3100.0
13993,1900.0
13994,4300.0
13995,3100.0
13996,3700.0
13997,5100.0
13998,3500.0
13999,3400.0
14000,3800.0
14001,2900.0
14002,2400.0
14003,4400.0
14004,2100.0
14005,3400.0
14006,3000.0
14007,2600.0
14008,5100.0
14009,1600.0
14010,4800.0
14011,1600.0
14012,2600.0
14013,4700.0
14014,3500.0
14015,2900.0
14016,3900.0
14017,4800.0
14018,5000.0
14019,2100.0
14020,4300.0
14021,1500.0
14022,3000.0
14023,2900.0
14024,4600.0
14025,6700.0
14026,3900.0
14027,4100.0
14028,1600.0
14029,2800.0
14030,3600.0
14031,4600.0
14032,1900.0
14033,4800.0
14034,3400.0
14035,3700.0
14036,2700.0
14037,4600.0
14038,900.0
14039,1700.0
14040,2600.0
14041,2300.0
14042,3800.0
14043,3100.0
14044,6100.0
14045,6100.0
14046,2500.0
14047,3400.0
14048,2900.0
14049,2800.0
14050,5300.0
14051,2900.0
14052,1800.0
14053,4200.0
14054,2700.0
14055,3200.0
14056,1800.0
14057,1900.0
14058,2900.0
14059,3100.0
14060,5500.0
14061,4800.0
14062,3200.0
14063,4600.0
14064,1700.0
14065,2200.0
14066,1500.0
14067,4300.0
14068,3300.0
14069,3300.0
14070,5000.0
14071,4100.0
14072,3900.0
14073,2200.0
14074,3400.0
14075,600.0
14076,2500.0
14077,2600.0
14078,3100.0
14079,1500.0
14080,4400.0
14081,2300.0
14082,1800.0
14083,3000.0
14084,4800.0
14085,3100.0
14086,4300.0
14087,800.0
14088,900.0
14089,2100.0
14090,3100.0
14091,3900.0
14092,3900.0
14093,4600.0
14094,3600.0
14095,4200.0
14096,3300.0
14097,4900.0
14098,2700.0
14099,4200.0
14100,2000.0
14101,1200.0
14102,3000.0
14103,3200.0
14104,1700.0
14105,3800.0
14106,2300.0
14107,4100.0
14108,2100.0
14109,4000.0
14110,4000.0
14111,5500.0
14112,1400.0
14113,2000.0
14114,2500.0
14115,3000.0
14116,3700.0
14117,1800.0
14118,5800.0
14119,5100.0
14120,4700.0
14121,2600.0
14122,1600.0
14123,4000.0
14124,2400.0
14125,4000.0
14126,2500.0
14127,4100.0
14128,4900.0
14129,4300.0
14130,4600.0
14131,2300.0
14132,3900.0
14133,4200.0
14134,5300.0
14135,2900.0
14136,3000.0
14137,3400.0
14138,1600.0
14139,3800.0
14140,3300.0
14141,2900.0
14142,1800.0
14143,2500.0
14144,2100.0
14145,1700.0
14146,3500.0
14147,2300.0
14148,3900.0
14149,3500.0
14150,3900.0
14151,2400.0
14152,2400.0
14153,1900.0
14154,1200.0
14155,5700.0
14156,3900.0
14157,2400.0
14158,1900.0
14159,2100.0
14160,2700.0
14161,2000.0
14162,3600.0
14163,3100.0
14164,3400.0
14165,1500.0
14166,3600.0
14167,3000.0
14168,1800.0
14169,4000.0
14170,4400.0
14171,6300.0
14172,5200.0
14173,1400.0
14174,2600.0
14175,1800.0
14176,1400.0
14177,2400.0
14178,2700.0
14179,3600.0
14180,2500.0
14181,3100.0
14182,2500.0
14183,4900.0
14184,3000.0
14185,5800.0
14186,2100.0
14187,3800.0
14188,3500.0
14189,4200.0
14190,5300.0
14191,3300.0
14192,1700.0
14193,4300.0
14194,4100.0
14195,4400.0
14196,2000.0
14197,2800.0
14198,5000.0
14199,2400.0
14200,3900.0
14201,2600.0
14202,2400.0
14203,4400.0
14204,1900.0
14205,4700.0
14206,1900.0
14207,3100.0
14208,4200.0
14209,2200.0
14210,3400.0
14211,2500.0
14212,3800.0
14213,4200.0
14214,1800.0
14215,3500.0
14216,3200.0
14217,4200.0
14218,2200.0
14219,2300.0
14220,4400.0
14221,4500.0
14222,2400.0
14223,3800.0
14224,4800.0
14225,2900.0
14226,6200.0
14227,3500.0
14228,3200.0
14229,3200.0
14230,1600.0
14231,3900.0
14232,800.0
14233,2900.0
14234,4400.0
14235,1800.0
14236,2800.0
14237,1300.0
14238,2300.0
14239,3400.0
14240,1800.0
14241,2600.0
14242,1700.0
14243,5000.0
14244,2300.0
14245,3200.0
14246,2900.0
14247,1800.0
14248,2900.0
14249,3500.0
14250,3900.0
14251,3300.0
14252,5500.0
14253,5600.0
14254,2700.0
14255,1700.0
14256,2400.0
14257,2700.0
14258,3200.0
14259,1700.0
14260,2700.0
14261,1600.0
14262,2500.0
14263,3700.0
14264,3900.0
14265,3100.0
14266,3000.0
14267,5000.0
14268,1600.0
14269,2500.0
14270,3800.0
14271,3100.0
14272,2100.0
14273,4100.0
14274,5300.0
14275,3400.0
14276,3000.0
14277,3400.0
14278,2600.0
14279,2100.0
14280,3400.0
14281,3100.0
14282,1800.0
14283,3900.0
14284,4800.0
14285,2900.0
14286,3500.0
14287,1800.0
14288,4100.0
14289,3200.0
14290,4200.0
14291,2200.0
14292,1000.0
14293,2900.0
14294,5300.0
14295,3400.0
14296,2000.0
14297,4000.0
14298,2300.0
14299,3300.0
14300,1700.0
14301,3800.0
14302,2200.0
14303,4300.0
14304,4000.0
14305,2400.0
14306,1300.0
14307,2500.0
14308,4100.0
14309,3000.0
14310,2100.0
14311,1600.0
14312,2900.0
14313,3700.0
14314,600.0
14315,1200.0
14316,3200.0
14317,5200.0
14318,3100.0
14319,3700.0
14320,1800.0
14321,1900.0
14322,1600.0
14323,5300.0
14324,4100.0
14325,1700.0
14326,4300.0
14327,2300.0
14328,2900.0
14329,3300.0
14330,1900.0
14331,4100.0
14332,4100.0
14333,1900.0
14334,4100.0
14335,3200.0
14336,3000.0
14337,1600.0
14338,4700.0
14339,3400.0
14340,2600.0
14341,3300.0
14342,5400.0
14343,4400.0
14344,2200.0
14345,4400.0
14346,2100.0
14347,4800.0
14348,2600.0
14349,1700.0
14350,3300.0
14351,4100.0
14352,4600.0
14353,2000.0
14354,4400.0
14355,4500.0
14356,3800.0
14357,3400.0
14358,6000.0
14359,1700.0
14360,1600.0
14361,2400.0
14362,3000.0
14363,3500.0
14364,2300.0
14365,2600.0
14366,1500.0
14367,2200.0
14368,4200.0
14369,1900.0
14370,2900.0
14371,3200.0
14372,1500.0
14373,2200.0
14374,2800.0
14375,1600.0
14376,2500.0
14377,3900.0
14378,2600.0
14379,2800.0
14380,3400.0
14381,4400.0
14382,2900.0
14383,2200.0
14384,3000.0
14385,1800.0
14386,3900.0
14387,3900.0
14388,3500.0
14389,2200.0
14390,4200.0
14391,3600.0
14392,1600.0
14393,3800.0
14394,2900.0
14395,3900.0
14396,2000.0
14397,1900.0
14398,1500.0
14399,1900.0
14400,1800.0
14401,3600.0
14402,2000.0
14403,3500.0
14404,5400.0
14405,3100.0
14406,3600.0
14407,5200.0
14408,6600.0
14409,2600.0
14410,5600.0
14411,2800.0
14412,2000.0
14413,4600.0
14414,1600.0
14415,2300.0
14416,4500.0
14417,2300.0
14418,4500.0
14419,3900.0
14420,3300.0
14421,3500.0
14422,1900.0
14423,3100.0
14424,2000.0
14425,7800.0
14426,3500.0
14427,2800.0
14428,600.0
14429,2400.0
14430,2400.0
14431,3600.0
14432,6400.0
14433,3100.0
14434,3200.0
14435,3200.0
14436,3100.0
14437,3700.0
14438,4700.0
14439,3400.0
14440,4400.0
14441,2800.0
14442,2800.0
14443,3300.0
14444,1900.0
14445,1800.0
14446,2100.0
14447,2200.0
14448,4300.0
14449,2000.0
14450,5300.0
14451,4000.0
14452,1800.0
14453,1900.0
14454,2100.0
14455,4700.0
14456,2800.0
14457,2400.0
14458,2800.0
14459,3700.0
14460,2000.0
14461,5800.0
14462,2700.0
14463,1200.0
14464,1700.0
14465,2300.0
14466,4100.0
14467,2400.0
14468,1600.0
14469,2000.0
14470,4100.0
14471,2900.0
14472,1400.0
14473,4900.0
14474,2300.0
14475,2200.0
14476,2300.0
14477,2400.0
14478,4400.0
14479,2600.0
14480,2000.0
14481,2000.0
14482,4100.0
14483,4200.0
14484,6100.0
14485,1800.0
14486,5000.0
14487,3000.0
14488,2700.0
14489,2600.0
14490,4700.0
14491,4500.0
14492,2200.0
14493,4800.0
14494,2600.0
14495,6800.0
14496,4600.0
14497,5400.0
14498,2400.0
14499,2400.0
14500,1900.0
14501,1800.0
14502,4400.0
14503,5000.0
14504,2000.0
14505,4400.0
14506,1100.0
14507,2700.0
14508,1800.0
14509,3300.0
14510,3700.0
14511,3300.0
14512,2800.0
14513,2400.0
14514,3600.0
14515,6100.0
14516,1700.0
14517,2100.0
14518,3200.0
14519,4300.0
14520,3700.0
14521,1400.0
14522,4900.0
14523,3800.0
14524,2200.0
14525,2400.0
14526,3600.0
14527,8000.0
14528,4000.0
14529,4500.0
14530,3400.0
14531,3800.0
14532,4700.0
14533,2700.0
14534,3400.0
14535,2000.0
14536,3600.0
14537,2400.0
14538,3000.0
14539,2300.0
14540,3500.0
14541,6300.0
14542,1800.0
14543,1400.0
14544,4200.0
14545,2800.0
14546,1800.0
14547,4600.0
14548,3600.0
14549,5600.0
14550,3800.0
14551,4000.0
14552,4800.0
14553,3100.0
14554,3900.0
14555,4800.0
14556,2400.0
14557,2100.0
14558,2600.0
14559,3000.0
14560,2300.0
14561,2200.0
14562,3900.0
14563,4200.0
14564,4400.0
14565,5800.0
14566,1900.0
14567,2900.0
14568,3000.0
14569,2500.0
14570,1100.0
14571,2200.0
14572,3700.0
14573,3400.0
14574,2300.0
14575,5100.0
14576,1500.0
14577,1500.0
14578,3000.0
14579,2700.0
14580,3500.0
14581,2000.0
14582,3200.0
14583,2800.0
14584,2800.0
14585,5200.0
14586,1700.0
14587,2600.0
14588,900.0
14589,1900.0
14590,3300.0
14591,2100.0
14592,3200.0
14593,4300.0
14594,3100.0
14595,4000.0
14596,1400.0
14597,2800.0
14598,2100.0
14599,4800.0
14600,3800.0
14601,3900.0
14602,3800.0
14603,1700.0
14604,3200.0
14605,2000.0
14606,2800.0
14607,3200.0
14608,2900.0
14609,2300.0
14610,3000.0
14611,4900.0
14612,2100.0
14613,3200.0
14614,1800.0
14615,4300.0
14616,3800.0
14617,4700.0
14618,4500.0
14619,2800.0
14620,4200.0
14621,4100.0
14622,1900.0
14623,3000.0
14624,5000.0
14625,4400.0
14626,4400.0
14627,1900.0
14628,1300.0
14629,4600.0
14630,2700.0
14631,3100.0
14632,5700.0
14633,5200.0
14634,4800.0
14635,1400.0
14636,3900.0
14637,2100.0
14638,1600.0
14639,3000.0
14640,6000.0
14641,4400.0
14642,3500.0
14643,2100.0
14644,4700.0
14645,3700.0
14646,3300.0
14647,3700.0
14648,4000.0
14649,3800.0
14650,3200.0
14651,2400.0
14652,2200.0
14653,2900.0
14654,2000.0
14655,2000.0
14656,2600.0
14657,4600.0
14658,2100.0
14659,2900.0
14660,5200.0
14661,2300.0
14662,2300.0
14663,3400.0
14664,4200.0
14665,3200.0
14666,3400.0
14667,2000.0
14668,3900.0
14669,2700.0
14670,3800.0
14671,3900.0
14672,3300.0
14673,2600.0
14674,2700.0
14675,2000.0
14676,4000.0
14677,2500.0
14678,2400.0
14679,4600.0
14680,2500.0
14681,2100.0
14682,2800.0
14683,3400.0
14684,4100.0
14685,3900.0
14686,4800.0
14687,3800.0
14688,2900.0
14689,3300.0
14690,1700.0
14691,2800.0
14692,2700.0
14693,3600.0
14694,4000.0
14695,3300.0
14696,1900.0
14697,3000.0
14698,2500.0
14699,2600.0
14700,2000.0
14701,5000.0
14702,4000.0
14703,2900.0
14704,3700.0
14705,3500.0
14706,2800.0
14707,4300.0
14708,3400.0
14709,2400.0
14710,3800.0
14711,1300.0
14712,4500.0
14713,2700.0
14714,3000.0
14715,3300.0
14716,4300.0
14717,2200.0
14718,4600.0
14719,1800.0
14720,2200.0
14721,2800.0
14722,3600.0
14723,3000.0
14724,1200.0
14725,3700.0
14726,3400.0
14727,2700.0
14728,2400.0
14729,4500.0
14730,2700.0
14731,5200.0
14732,3700.0
14733,3300.0
14734,4100.0
14735,3300.0
14736,2400.0
14737,3200.0
14738,1700.0
14739,3200.0
14740,3200.0
14741,4500.0
14742,1600.0
14743,1800.0
14744,1500.0
14745,1400.0
14746,5000.0
14747,2100.0
14748,2800.0
14749,4800.0
14750,2200.0
14751,1800.0
14752,3700.0
14753,5400.0
14754,2800.0
14755,2900.0
14756,2300.0
14757,2200.0
14758,1800.0
14759,5100.0
14760,4900.0
14761,3600.0
14762,3900.0
14763,3800.0
14764,2700.0
14765,2500.0
14766,2900.0
14767,1400.0
14768,4800.0
14769,3100.0
14770,3200.0
14771,4100.0
14772,2000.0
14773,4200.0
14774,2900.0
14775,3900.0
14776,3700.0
14777,4700.0
14778,2400.0
14779,4100.0
14780,2900.0
14781,2800.0
14782,3300.0
14783,1500.0
14784,2200.0
14785,3800.0
14786,3600.0
14787,3300.0
14788,2400.0
14789,4900.0
14790,1700.0
14791,2700.0
14792,2800.0
14793,2500.0
14794,2600.0
14795,3300.0
14796,900.0
14797,3100.0
14798,2500.0
14799,2100.0
14800,2500.0
14801,4100.0
14802,1800.0
14803,1600.0
14804,4200.0
14805,2900.0
14806,3600.0
14807,1500.0
14808,3000.0
14809,2200.0
14810,2400.0
14811,3600.0
14812,4400.0
14813,2100.0
14814,3000.0
14815,4200.0
14816,2100.0
14817,2400.0
14818,3900.0
14819,1900.0
14820,3300.0
14821,5600.0
14822,1600.0
14823,1800.0
14824,2400.0
14825,2400.0
14826,2300.0
14827,4000.0
14828,1800.0
14829,2100.0
14830,2100.0
14831,4100.0
14832,3200.0
14833,3900.0
14834,2900.0
14835,2900.0
14836,4600.0
14837,2000.0
14838,2300.0
14839,2200.0
14840,3900.0
14841,4000.0
14842,2300.0
14843,5000.0
14844,3200.0
14845,3000.0
14846,1700.0
14847,2600.0
14848,3100.0
14849,2300.0
14850,4200.0
14851,4400.0
14852,3500.0
14853,2800.0
14854,3600.0
14855,3700.0
14856,3900.0
14857,4000.0
14858,1700.0
14859,3000.0
14860,2000.0
14861,6000.0
14862,2100.0
14863,4500.0
14864,3900.0
14865,2800.0
14866,900.0
14867,4900.0
14868,3900.0
14869,3500.0
14870,2600.0
14871,1800.0
14872,3000.0
14873,1700.0
14874,2900.0
14875,3600.0
14876,1200.0
14877,1800.0
14878,4800.0
14879,2400.0
14880,3700.0
14881,2100.0
14882,1700.0
14883,5400.0
14884,2600.0
14885,3200.0
14886,3700.0
14887,2200.0
14888,2000.0
14889,3900.0
14890,4400.0
14891,3500.0
14892,4200.0
14893,5200.0
14894,4700.0
14895,5300.0
14896,3100.0
14897,3500.0
14898,2100.0
14899,2300.0
14900,3100.0
14901,4300.0
14902,1800.0
14903,4000.0
14904,1900.0
14905,3200.0
14906,2900.0
14907,3200.0
14908,4500.0
14909,4400.0
14910,4600.0
14911,5600.0
14912,4400.0
14913,3000.0
14914,2600.0
14915,2000.0
14916,2000.0
14917,2400.0
14918,4200.0
14919,2900.0
14920,4600.0
14921,3000.0
14922,4200.0
14923,2400.0
14924,2400.0
14925,1900.0
14926,2900.0
14927,2300.0
14928,3500.0
14929,3400.0
14930,3100.0
14931,1700.0
14932,3000.0
14933,4600.0
14934,3600.0
14935,3700.0
14936,2600.0
14937,3900.0
14938,1200.0
14939,3900.0
14940,3300.0
14941,3900.0
14942,3100.0
14943,3900.0
14944,1700.0
14945,3900.0
14946,5100.0
14947,2200.0
14948,2800.0
14949,2800.0
14950,2000.0
14951,3200.0
14952,1900.0
14953,4300.0
14954,3900.0
14955,2100.0
14956,2900.0
14957,2300.0
14958,4000.0
14959,2100.0
14960,4300.0
14961,4000.0
14962,3700.0
14963,6000.0
14964,6000.0
14965,1600.0
14966,2900.0
14967,3900.0
14968,3300.0
14969,5100.0
14970,4200.0
14971,1600.0
14972,1600.0
14973,2000.0
14974,1700.0
14975,1300.0
14976,4300.0
14977,3900.0
14978,3900.0
14979,2100.0
14980,2800.0
14981,2000.0
14982,4000.0
14983,2800.0
14984,3100.0
14985,4300.0
14986,1900.0
14987,1700.0
14988,1800.0
14989,5300.0
14990,1700.0
14991,2700.0
14992,5200.0
14993,3700.0
14994,2300.0
14995,1400.0
14996,1900.0
14997,3700.0
14998,4700.0
14999,2100.0
15000,2700.0
15001,5500.0
15002,3300.0
15003,2800.0
15004,2900.0
15005,3900.0
15006,1900.0
15007,3400.0
15008,2500.0
15009,2800.0
15010,3200.0
15011,5700.0
15012,2000.0
15013,4300.0
15014,3200.0
15015,4800.0
15016,1600.0
15017,2300.0
15018,2500.0
15019,2200.0
15020,2900.0
15021,3300.0
15022,4000.0
15023,3000.0
15024,1200.0
15025,2100.0
15026,2900.0
15027,3800.0
15028,2300.0
15029,2100.0
15030,3600.0
15031,2200.0
15032,2000.0
15033,4800.0
15034,3000.0
15035,2300.0
15036,3100.0
15037,2700.0
15038,2300.0
15039,4100.0
15040,4300.0
15041,1900.0
15042,4100.0
15043,2700.0
15044,2400.0
15045,4400.0
15046,2900.0
15047,2200.0
15048,2400.0
15049,1600.0
15050,4200.0
15051,2300.0
15052,2000.0
15053,3600.0
15054,2200.0
15055,3600.0
15056,3300.0
15057,3900.0
15058,3700.0
15059,2200.0
15060,2300.0
15061,1700.0
15062,2200.0
15063,3600.0
15064,3500.0
15065,3200.0
15066,1100.0
15067,1400.0
15068,2400.0
15069,2900.0
15070,2200.0
15071,2800.0
15072,3300.0
15073,3600.0
15074,3200.0
15075,4100.0
15076,2600.0
15077,2200.0
15078,4200.0
15079,3400.0
15080,2600.0
15081,2900.0
15082,1700.0
15083,3100.0
15084,5200.0
15085,3200.0
15086,4400.0
15087,4100.0
15088,1900.0
15089,2200.0
15090,4300.0
15091,3000.0
15092,3800.0
15093,1600.0
15094,3500.0
15095,3400.0
15096,1800.0
15097,4600.0
15098,2100.0
15099,3100.0
15100,2800.0
15101,3700.0
15102,1800.0
15103,2700.0
15104,1200.0
15105,4600.0
15106,2900.0
15107,2500.0
15108,2700.0
15109,1600.0
15110,6200.0
15111,3900.0
15112,2500.0
15113,2200.0
15114,5700.0
15115,1900.0
15116,4300.0
15117,2800.0
15118,1900.0
15119,3800.0
15120,1500.0
15121,4600.0
15122,3400.0
15123,2600.0
15124,3200.0
15125,3100.0
15126,3600.0
15127,1700.0
15128,1000.0
15129,4000.0
15130,4800.0
15131,3100.0
15132,1600.0
15133,3000.0
15134,4200.0
15135,2500.0
15136,2700.0
15137,2900.0
15138,3300.0
15139,4500.0
15140,2200.0
15141,2500.0
15142,3800.0
15143,4300.0
15144,4200.0
15145,5000.0
15146,4900.0
15147,5500.0
15148,4800.0
15149,1900.0
15150,3600.0
15151,2000.0
15152,5200.0
15153,2600.0
15154,2400.0
15155,2000.0
15156,2100.0
15157,3200.0
15158,2200.0
15159,2700.0
15160,4600.0
15161,2700.0
15162,2000.0
15163,3900.0
15164,1500.0
15165,900.0
15166,1900.0
15167,1900.0
15168,2900.0
15169,2800.0
15170,4200.0
15171,3900.0
15172,4100.0
15173,3200.0
15174,3100.0
15175,1300.0
15176,1900.0
15177,5100.0
15178,2600.0
15179,3200.0
15180,2600.0
15181,4600.0
15182,1900.0
15183,3100.0
15184,4000.0
15185,4400.0
15186,4000.0
15187,2500.0
15188,1200.0
15189,3100.0
15190,2800.0
15191,4100.0
15192,3400.0
15193,2400.0
15194,1600.0
15195,2300.0
15196,1700.0
15197,3000.0
15198,2200.0
15199,1700.0
15200,2100.0
15201,4500.0
15202,4300.0
15203,3500.0
15204,3500.0
15205,2400.0
15206,2800.0
15207,3900.0
15208,3100.0
15209,4700.0
15210,1600.0
15211,3000.0
15212,2500.0
15213,2000.0
15214,3500.0
15215,2000.0
15216,6700.0
15217,3400.0
15218,2800.0
15219,3000.0
15220,3900.0
15221,2300.0
15222,2300.0
15223,2900.0
15224,2900.0
15225,2800.0
15226,5500.0
15227,3200.0
15228,1700.0
15229,2900.0
15230,4100.0
15231,4400.0
15232,3000.0
15233,2700.0
15234,2200.0
15235,2500.0
15236,3300.0
15237,4500.0
15238,1800.0
15239,5200.0
15240,1700.0
15241,4300.0
15242,4600.0
15243,3200.0
15244,2000.0
15245,1800.0
15246,2700.0
15247,5800.0
15248,5000.0
15249,3100.0
15250,5100.0
15251,1500.0
15252,3800.0
15253,2900.0
15254,3900.0
15255,3400.0
15256,2400.0
15257,6900.0
15258,4100.0
15259,4300.0
15260,3600.0
15261,3400.0
15262,4000.0
15263,3400.0
15264,3800.0
15265,1900.0
15266,3200.0
15267,3800.0
15268,1800.0
15269,1600.0
15270,1700.0
15271,4900.0
15272,2900.0
15273,3200.0
15274,4300.0
15275,3900.0
15276,2900.0
15277,4300.0
15278,2900.0
15279,1600.0
15280,2000.0
15281,1900.0
15282,1900.0
15283,3600.0
15284,4300.0
15285,2800.0
15286,1300.0
15287,1800.0
15288,1800.0
15289,1500.0
15290,3100.0
15291,3700.0
15292,2300.0
15293,1800.0
15294,4300.0
15295,5500.0
15296,2800.0
15297,3200.0
15298,2300.0
15299,2500.0
15300,5500.0
15301,3600.0
15302,2400.0
15303,3700.0
15304,2000.0
15305,2600.0
15306,2400.0
15307,3700.0
15308,3200.0
15309,1500.0
15310,5400.0
15311,3200.0
15312,2600.0
15313,2800.0
15314,1700.0
15315,3000.0
15316,1400.0
15317,3500.0
15318,3300.0
15319,2400.0
15320,3400.0
15321,2900.0
15322,3500.0
15323,2800.0
15324,1700.0
15325,2400.0
15326,1900.0
15327,4500.0
15328,4000.0
15329,3800.0
15330,3600.0
15331,3100.0
15332,2300.0
15333,1800.0
15334,3200.0
15335,3600.0
15336,3000.0
15337,1700.0
15338,1400.0
15339,1500.0
15340,3500.0
15341,3300.0
15342,2800.0
15343,2500.0
15344,3600.0
15345,2600.0
15346,4100.0
15347,2400.0
15348,1600.0
15349,3700.0
15350,4800.0
15351,3700.0
15352,2100.0
15353,3000.0
15354,6200.0
15355,1700.0
15356,1400.0
15357,4800.0
15358,3700.0
15359,3800.0
15360,2800.0
15361,2000.0
15362,5000.0
15363,4800.0
15364,4900.0
15365,2300.0
15366,2400.0
15367,3400.0
15368,4400.0
15369,3100.0
15370,2200.0
15371,2500.0
15372,4600.0
15373,1700.0
15374,5400.0
15375,5100.0
15376,5500.0
15377,4000.0
15378,3700.0
15379,4800.0
15380,1700.0
15381,1900.0
15382,2600.0
15383,2400.0
15384,1600.0
15385,3200.0
15386,3100.0
15387,1700.0
15388,3500.0
15389,1500.0
15390,2700.0
15391,4200.0
15392,2200.0
15393,4200.0
15394,1800.0
15395,2500.0
15396,3300.0
15397,2900.0
15398,4800.0
15399,1500.0
15400,3800.0
15401,3200.0
15402,2500.0
15403,3900.0
15404,2800.0
15405,4000.0
15406,3200.0
15407,3200.0
15408,3700.0
15409,3300.0
15410,5100.0
15411,2900.0
15412,4100.0
15413,4200.0
15414,3600.0
15415,3200.0
15416,5100.0
15417,4800.0
15418,4900.0
15419,5100.0
15420,2700.0
15421,2900.0
15422,3100.0
15423,1400.0
15424,4000.0
15425,3600.0
15426,3100.0
15427,2000.0
15428,2500.0
15429,1600.0
15430,3000.0
15431,4300.0
15432,3400.0
15433,1800.0
15434,5400.0
15435,2400.0
15436,2000.0
15437,3400.0
15438,2500.0
15439,3300.0
15440,1700.0
15441,2800.0
15442,4100.0
15443,3400.0
15444,2800.0
15445,3400.0
15446,4400.0
15447,2700.0
15448,3100.0
15449,4900.0
15450,3800.0
15451,3300.0
15452,7200.0
15453,2500.0
15454,3900.0
15455,4700.0
15456,4000.0
15457,2000.0
15458,3400.0
15459,3200.0
15460,2700.0
15461,5700.0
15462,2400.0
15463,3200.0
15464,5800.0
15465,3300.0
15466,2700.0
15467,2700.0
15468,2300.0
15469,2300.0
15470,4400.0
15471,3200.0
15472,2100.0
15473,4400.0
15474,3400.0
15475,4200.0
15476,3500.0
15477,3600.0
15478,2000.0
15479,2200.0
15480,3700.0
15481,2300.0
15482,2300.0
15483,2600.0
15484,3900.0
15485,3900.0
15486,3000.0
15487,2100.0
15488,3900.0
15489,3400.0
15490,5400.0
15491,2000.0
15492,2100.0
15493,3500.0
15494,5000.0
15495,2500.0
15496,1700.0
15497,2500.0
15498,3600.0
15499,3300.0
15500,2000.0
15501,3000.0
15502,2900.0
15503,3800.0
15504,3500.0
15505,3200.0
15506,2300.0
15507,3900.0
15508,2900.0
15509,3300.0
15510,3900.0
15511,2700.0
15512,1600.0
15513,4400.0
15514,2000.0
15515,4000.0
15516,3300.0
15517,2300.0
15518,3200.0
15519,5000.0
15520,4300.0
15521,2800.0
15522,2600.0
15523,1800.0
15524,2600.0
15525,2600.0
15526,4500.0
15527,4700.0
15528,3200.0
15529,4200.0
15530,3800.0
15531,5400.0
15532,4200.0
15533,4400.0
15534,1800.0
15535,2700.0
15536,6900.0
15537,1500.0
15538,3400.0
15539,3300.0
15540,3500.0
15541,2800.0
15542,2500.0
15543,2100.0
15544,2600.0
15545,2500.0
15546,5100.0
15547,5300.0
15548,4200.0
15549,3800.0
15550,2700.0
15551,4800.0
15552,2600.0
15553,3900.0
15554,2700.0
15555,3100.0
15556,3200.0
15557,3200.0
15558,2100.0
15559,4000.0
15560,2400.0
15561,3800.0
15562,2300.0
15563,1400.0
15564,2100.0
15565,3100.0
15566,3500.0
15567,3500.0
15568,4100.0
15569,3000.0
15570,2500.0
15571,2200.0
15572,3500.0
15573,1900.0
15574,4000.0
15575,3900.0
15576,3000.0
15577,3400.0
15578,2000.0
15579,4000.0
15580,4400.0
15581,3700.0
15582,4700.0
15583,3800.0
15584,2800.0
15585,3300.0
15586,1700.0
15587,1800.0
15588,2700.0
15589,4200.0
15590,3800.0
15591,2900.0
15592,2600.0
15593,2400.0
15594,3700.0
15595,3200.0
15596,2200.0
15597,3100.0
15598,2800.0
15599,3000.0
15600,2800.0
15601,3900.0
15602,2800.0
15603,3900.0
15604,2200.0
15605,4200.0
15606,2700.0
15607,3800.0
15608,1500.0
15609,2000.0
15610,3200.0
15611,4000.0
15612,3100.0
15613,5400.0
15614,2600.0
15615,2700.0
15616,4100.0
15617,1900.0
15618,5300.0
15619,2700.0
15620,3700.0
15621,2000.0
15622,5600.0
15623,3400.0
15624,3500.0
15625,3600.0
15626,2800.0
15627,1200.0
15628,1700.0
15629,2900.0
15630,2700.0
15631,3100.0
15632,3800.0
15633,3100.0
15634,3500.0
15635,3200.0
15636,2700.0
15637,3900.0
15638,2200.0
15639,2900.0
15640,2200.0
15641,4000.0
15642,2800.0
15643,3900.0
15644,2200.0
15645,2800.0
15646,2500.0
15647,4200.0
15648,3000.0
15649,3300.0
15650,1800.0
15651,2000.0
15652,3800.0
15653,2900.0
15654,2200.0
15655,2700.0
15656,2300.0
15657,4800.0
15658,2200.0
15659,4000.0
15660,3200.0
15661,5000.0
15662,2800.0
15663,4700.0
15664,2900.0
15665,2200.0
15666,4100.0
15667,2800.0
15668,1200.0
15669,3500.0
15670,3900.0
15671,3100.0
15672,2300.0
15673,3200.0
15674,1900.0
15675,2700.0
15676,1700.0
15677,2800.0
15678,2300.0
15679,1800.0
15680,4300.0
15681,2200.0
15682,2400.0
15683,4300.0
15684,1500.0
15685,1100.0
15686,3500.0
15687,4800.0
15688,1800.0
15689,2400.0
15690,2500.0
15691,3800.0
15692,4800.0
15693,3800.0
15694,2300.0
15695,4800.0
15696,1400.0
15697,2800.0
15698,1000.0
15699,4700.0
15700,2200.0
15701,5100.0
15702,5700.0
15703,2800.0
15704,3800.0
15705,5200.0
15706,2200.0
15707,1500.0
15708,3000.0
15709,3500.0
15710,3400.0
15711,3900.0
15712,3700.0
15713,2800.0
15714,5100.0
15715,4300.0
15716,4200.0
15717,2600.0
15718,3500.0
15719,3100.0
15720,3600.0
15721,2900.0
15722,2700.0
15723,3500.0
15724,3200.0
15725,1700.0
15726,4900.0
15727,3800.0
15728,2600.0
15729,2800.0
15730,1400.0
15731,6200.0
15732,2600.0
15733,2300.0
15734,2600.0
15735,3000.0
15736,2900.0
15737,2200.0
15738,5300.0
15739,2900.0
15740,1900.0
15741,3600.0
15742,2100.0
15743,3200.0
15744,2900.0
15745,4200.0
15746,3500.0
15747,6200.0
15748,4400.0
15749,2100.0
15750,2200.0
15751,2000.0
15752,6600.0
15753,5300.0
15754,2400.0
15755,1900.0
15756,4100.0
15757,4900.0
15758,3800.0
15759,3600.0
15760,4000.0
15761,2800.0
15762,3700.0
15763,2100.0
15764,1900.0
15765,2000.0
15766,4500.0
15767,4700.0
15768,4900.0
15769,1700.0
15770,2400.0
15771,1100.0
15772,1800.0
15773,3100.0
15774,3900.0
15775,2100.0
15776,4300.0
15777,2800.0
15778,2700.0
15779,4500.0
15780,2000.0
15781,2300.0
15782,4000.0
15783,1900.0
15784,4100.0
15785,3700.0
15786,2000.0
15787,2000.0
15788,3100.0
15789,1700.0
15790,1100.0
15791,2600.0
15792,4000.0
15793,4600.0
15794,3000.0
15795,3300.0
15796,3300.0
15797,2600.0
15798,4000.0
15799,2400.0
15800,3600.0
15801,6100.0
15802,3400.0
15803,4300.0
15804,3400.0
15805,1300.0
15806,3400.0
15807,4500.0
15808,5200.0
15809,5400.0
15810,2500.0
15811,4600.0
15812,1900.0
15813,1600.0
15814,2500.0
15815,3900.0
15816,1100.0
15817,3500.0
15818,2100.0
15819,5400.0
15820,3100.0
15821,3200.0
15822,3400.0
15823,4900.0
15824,2700.0
15825,3300.0
15826,3800.0
15827,3500.0
15828,3300.0
15829,1300.0
15830,4700.0
15831,5200.0
15832,2200.0
15833,4100.0
15834,2400.0
15835,3300.0
15836,2300.0
15837,3200.0
15838,4000.0
15839,2100.0
15840,2400.0
15841,2800.0
15842,5100.0
15843,1900.0
15844,1700.0
15845,4800.0
15846,3100.0
15847,2200.0
15848,4200.0
15849,2500.0
15850,2300.0
15851,3200.0
15852,4400.0
15853,3600.0
15854,2800.0
15855,2500.0
15856,3200.0
15857,3000.0
15858,4600.0
15859,5000.0
15860,3300.0
15861,3100.0
15862,5700.0
15863,3000.0
15864,5000.0
15865,1400.0
15866,3700.0
15867,2200.0
15868,3900.0
15869,5600.0
15870,2400.0
15871,3200.0
15872,2200.0
15873,5100.0
15874,1100.0
15875,4200.0
15876,2600.0
15877,4000.0
15878,1400.0
15879,4300.0
15880,4100.0
15881,3600.0
15882,1900.0
15883,4700.0
15884,2300.0
15885,3800.0
15886,2500.0
15887,3700.0
15888,3300.0
15889,2700.0
15890,2400.0
15891,2900.0
15892,3500.0
15893,2200.0
15894,2300.0
15895,2600.0
15896,2200.0
15897,2700.0
15898,1600.0
15899,3200.0
15900,3400.0
15901,3700.0
15902,3000.0
15903,2800.0
15904,4000.0
15905,2600.0
15906,2000.0
15907,1900.0
15908,700.0
15909,3200.0
15910,5300.0
15911,2000.0
15912,4000.0
15913,4300.0
15914,1800.0
15915,3200.0
15916,2900.0
15917,2100.0
15918,2600.0
15919,3700.0
15920,3600.0
15921,1700.0
15922,3700.0
15923,3600.0
15924,1500.0
15925,4300.0
15926,2100.0
15927,4000.0
15928,3400.0
15929,4100.0
15930,3200.0
15931,3300.0
15932,4700.0
15933,3800.0
15934,1900.0
15935,2000.0
15936,2000.0
15937,3900.0
15938,4900.0
15939,4500.0
15940,3100.0
15941,2600.0
15942,4100.0
15943,2600.0
15944,4300.0
15945,1400.0
15946,1600.0
15947,3100.0
15948,4600.0
15949,2500.0
15950,3200.0
15951,2700.0
15952,2800.0
15953,3000.0
15954,6000.0
15955,4800.0
15956,2100.0
15957,2000.0
15958,1800.0
15959,4000.0
15960,4200.0
15961,2000.0
15962,2700.0
15963,4000.0
15964,2800.0
15965,4900.0
15966,4600.0
15967,2300.0
15968,2200.0
15969,1400.0
15970,3600.0
15971,3400.0
15972,3300.0
15973,4700.0
15974,2000.0
15975,4000.0
15976,2900.0
15977,3400.0
15978,2300.0
15979,5900.0
15980,4900.0
15981,3800.0
15982,4500.0
15983,2400.0
15984,4100.0
15985,3200.0
15986,1900.0
15987,3600.0
15988,2200.0
15989,5200.0
15990,4400.0
15991,4500.0
15992,4900.0
15993,4100.0
15994,2700.0
15995,3000.0
15996,1300.0
15997,3300.0
15998,2200.0
15999,4200.0
16000,1500.0
16001,1700.0
16002,4400.0
16003,3900.0
16004,2000.0
16005,3400.0
16006,3100.0
16007,1400.0
16008,3000.0
16009,3300.0
16010,2800.0
16011,2000.0
16012,2700.0
16013,3200.0
16014,3400.0
16015,3300.0
16016,2400.0
16017,4700.0
16018,2300.0
16019,3300.0
16020,3000.0
16021,3000.0
16022,4000.0
16023,2100.0
16024,4000.0
16025,2200.0
16026,2300.0
16027,1800.0
16028,3400.0
16029,2300.0
16030,4300.0
16031,3200.0
16032,2400.0
16033,2500.0
16034,1400.0
16035,3100.0
16036,3300.0
16037,1600.0
16038,3200.0
16039,4100.0
16040,2500.0
16041,2200.0
16042,1900.0
16043,2700.0
16044,4000.0
16045,4000.0
16046,4100.0
16047,2600.0
16048,2600.0
16049,4600.0
16050,4000.0
16051,1700.0
16052,1700.0
16053,500.0
16054,3300.0
16055,2000.0
16056,3800.0
16057,4200.0
16058,3900.0
16059,1600.0
16060,3100.0
16061,1600.0
16062,3600.0
16063,3700.0
16064,3200.0
16065,1900.0
16066,4000.0
16067,2700.0
16068,4400.0
16069,4500.0
16070,4200.0
16071,2100.0
16072,4900.0
16073,4500.0
16074,4100.0
16075,5000.0
16076,3600.0
16077,5000.0
16078,3500.0
16079,2900.0
16080,2100.0
16081,2000.0
16082,2300.0
16083,3000.0
16084,4600.0
16085,3200.0
16086,2500.0
16087,1200.0
16088,4500.0
16089,3200.0
16090,5200.0
16091,3100.0
16092,3900.0
16093,2600.0
16094,3900.0
16095,2200.0
16096,3500.0
16097,2500.0
16098,3500.0
16099,3900.0
16100,3000.0
16101,1400.0
16102,2700.0
16103,2000.0
16104,4100.0
16105,2700.0
16106,4900.0
16107,1900.0
16108,2200.0
16109,1900.0
16110,2300.0
16111,3500.0
16112,1900.0
16113,3200.0
16114,3300.0
16115,4100.0
16116,2600.0
16117,1800.0
16118,3100.0
16119,3500.0
16120,2300.0
16121,1800.0
16122,1900.0
16123,2800.0
16124,1600.0
16125,2000.0
16126,4100.0
16127,2600.0
16128,3600.0
16129,4400.0
16130,3900.0
16131,4400.0
16132,2700.0
16133,2400.0
16134,2700.0
16135,2200.0
16136,4600.0
16137,500.0
16138,5300.0
16139,1700.0
16140,3900.0
16141,1400.0
16142,5000.0
16143,2600.0
16144,3100.0
16145,3500.0
16146,2900.0
16147,2800.0
16148,1900.0
16149,5000.0
16150,2200.0
16151,2300.0
16152,2200.0
16153,4200.0
16154,3200.0
16155,2200.0
16156,3400.0
16157,3800.0
16158,3600.0
16159,4600.0
16160,2600.0
16161,4300.0
16162,5000.0
16163,5100.0
16164,3200.0
16165,2400.0
16166,4200.0
16167,1800.0
16168,2300.0
16169,5300.0
16170,3400.0
16171,2500.0
16172,2800.0
16173,2000.0
16174,1000.0
16175,4500.0
16176,2200.0
16177,3700.0
16178,1900.0
16179,2300.0
16180,4100.0
16181,4800.0
16182,2200.0
16183,3000.0
16184,2400.0
16185,2600.0
16186,4300.0
16187,4700.0
16188,1900.0
16189,5000.0
16190,3000.0
16191,2800.0
16192,4000.0
16193,4700.0
16194,2100.0
16195,4700.0
16196,5600.0
16197,4600.0
16198,3800.0
16199,1600.0
16200,2700.0
16201,3200.0
16202,4100.0
16203,4000.0
16204,2900.0
16205,3500.0
16206,3800.0
16207,2500.0
16208,2100.0
16209,1800.0
16210,1500.0
16211,5100.0
16212,2700.0
16213,3100.0
16214,2900.0
16215,1200.0
16216,4100.0
16217,1900.0
16218,4900.0
16219,2000.0
16220,2000.0
16221,2700.0
16222,3000.0
16223,2900.0
16224,5100.0
16225,2700.0
16226,1400.0
16227,2800.0
16228,2700.0
16229,3600.0
16230,5200.0
16231,2600.0
16232,2300.0
16233,2800.0
16234,4100.0
16235,4500.0
16236,1500.0
16237,2900.0
16238,2500.0
16239,1600.0
16240,2800.0
16241,2100.0
16242,4700.0
16243,1900.0
16244,3800.0
16245,2200.0
16246,1500.0
16247,2800.0
16248,2300.0
16249,1600.0
16250,2700.0
16251,2700.0
16252,2100.0
16253,3800.0
16254,3500.0
16255,2200.0
16256,1400.0
16257,2400.0
16258,3400.0
16259,2900.0
16260,3600.0
16261,1100.0
16262,3300.0
16263,4100.0
16264,1500.0
16265,4000.0
16266,2300.0
16267,1800.0
16268,4400.0
16269,3700.0
16270,3700.0
16271,3300.0
16272,2600.0
16273,1200.0
16274,2300.0
16275,4700.0
16276,3900.0
16277,3300.0
16278,3400.0
16279,2800.0
16280,2200.0
16281,2500.0
16282,4500.0
16283,4300.0
16284,3900.0
16285,2000.0
16286,4100.0
16287,2900.0
16288,3900.0
16289,2300.0
16290,3400.0
16291,2700.0
16292,3300.0
16293,1900.0
16294,3900.0
16295,3600.0
16296,3200.0
16297,2200.0
16298,4300.0
16299,1000.0
16300,2900.0
16301,1400.0
16302,2300.0
16303,3000.0
16304,2000.0
16305,4100.0
16306,2400.0
16307,4900.0
16308,1700.0
16309,2100.0
16310,2800.0
16311,2400.0
16312,5200.0
16313,4000.0
16314,1100.0
16315,3900.0
16316,2400.0
16317,5000.0
16318,4300.0
16319,2800.0
16320,1000.0
16321,1600.0
16322,3600.0
16323,5100.0
16324,2700.0
16325,4400.0
16326,1600.0
16327,3600.0
16328,1900.0
16329,2600.0
16330,2500.0
16331,4100.0
16332,2000.0
16333,1900.0
16334,2400.0
16335,3200.0
16336,2500.0
16337,2900.0
16338,2700.0
16339,2900.0
16340,4000.0
16341,2700.0
16342,3500.0
16343,4400.0
16344,1000.0
16345,4600.0
16346,2900.0
16347,1900.0
16348,6100.0
16349,2400.0
16350,3000.0
16351,2100.0
16352,4100.0
16353,2800.0
16354,2000.0
16355,3800.0
16356,2700.0
16357,3200.0
16358,2100.0
16359,1500.0
16360,3100.0
16361,3200.0
16362,3500.0
16363,4000.0
16364,2100.0
16365,5700.0
16366,3700.0
16367,4000.0
16368,3800.0
16369,3200.0
16370,2700.0
16371,2300.0
16372,1400.0
16373,4400.0
16374,2600.0
16375,3100.0
16376,2000.0
16377,4000.0
16378,4100.0
16379,2500.0
16380,2300.0
16381,2900.0
16382,1800.0
16383,4700.0
16384,3300.0
16385,4400.0
16386,1800.0
16387,1800.0
16388,2600.0
16389,4100.0
16390,4100.0
16391,3300.0
16392,1400.0
16393,3300.0
16394,3700.0
16395,3500.0
16396,2400.0
16397,4100.0
16398,5800.0
16399,4500.0
16400,3100.0
16401,2000.0
16402,2400.0
16403,2700.0
16404,2000.0
16405,4400.0
16406,3200.0
16407,2000.0
16408,2300.0
16409,2400.0
16410,2600.0
16411,5700.0
16412,2500.0
16413,1700.0
16414,3200.0
16415,4000.0
16416,2700.0
16417,2000.0
16418,3000.0
16419,1800.0
16420,3600.0
16421,3100.0
16422,3500.0
16423,2000.0
16424,1100.0
16425,5200.0
16426,4600.0
16427,4900.0
16428,3200.0
16429,2600.0
16430,1300.0
16431,3500.0
16432,3900.0
16433,3200.0
16434,3100.0
16435,3900.0
16436,1800.0
16437,2900.0
16438,2400.0
16439,5900.0
16440,5400.0
16441,3000.0
16442,5200.0
16443,4600.0
16444,3200.0
16445,4100.0
16446,1800.0
16447,2500.0
16448,3400.0
16449,3400.0
16450,3200.0
16451,4800.0
16452,5500.0
16453,3200.0
16454,4400.0
16455,4300.0
16456,3500.0
16457,2600.0
16458,1300.0
16459,3900.0
16460,2200.0
16461,3000.0
16462,2800.0
16463,1900.0
16464,2800.0
16465,2200.0
16466,1400.0
16467,2800.0
16468,2800.0
16469,3600.0
16470,6200.0
16471,5100.0
16472,3400.0
16473,2300.0
16474,4200.0
16475,6400.0
16476,1600.0
16477,3700.0
16478,2100.0
16479,2800.0
16480,2800.0
16481,4000.0
16482,2700.0
16483,4800.0
16484,4500.0
16485,3000.0
16486,2800.0
16487,1800.0
16488,3500.0
16489,2300.0
16490,2800.0
16491,2600.0
16492,2000.0
16493,2700.0
16494,3400.0
16495,1300.0
16496,3300.0
16497,2400.0
16498,3000.0
16499,4200.0
16500,4000.0
16501,3400.0
16502,1700.0
16503,2800.0
16504,1800.0
16505,3800.0
16506,2100.0
16507,1400.0
16508,1200.0
16509,4400.0
16510,2300.0
16511,2000.0
16512,4700.0
16513,4600.0
16514,5200.0
16515,4100.0
16516,3700.0
16517,5200.0
16518,3200.0
16519,2600.0
16520,2400.0
16521,4100.0
16522,2500.0
16523,5400.0
16524,5200.0
16525,4100.0
16526,3500.0
16527,2500.0
16528,2800.0
16529,4700.0
16530,4300.0
16531,4000.0
16532,3800.0
16533,2900.0
16534,4500.0
16535,2900.0
16536,2600.0
16537,1700.0
16538,1600.0
16539,3900.0
16540,4400.0
16541,4000.0
16542,2800.0
16543,2600.0
16544,2700.0
16545,3200.0
16546,4200.0
16547,1800.0
16548,2600.0
16549,4400.0
16550,1300.0
16551,3900.0
16552,2000.0
16553,4200.0
16554,3600.0
16555,2800.0
16556,4700.0
16557,3100.0
16558,3100.0
16559,3800.0
16560,4500.0
16561,2400.0
16562,1900.0
16563,4600.0
16564,3600.0
16565,1300.0
16566,2700.0
16567,1600.0
16568,2700.0
16569,3500.0
16570,3000.0
16571,1300.0
16572,2300.0
16573,2200.0
16574,3600.0
16575,3500.0
16576,4400.0
16577,3700.0
16578,2300.0
16579,4100.0
16580,3300.0
16581,4000.0
16582,3700.0
16583,3700.0
16584,4600.0
16585,2000.0
16586,2200.0
16587,2400.0
16588,4100.0
16589,4700.0
16590,2800.0
16591,3700.0
16592,1900.0
16593,2900.0
16594,3000.0
16595,4100.0
16596,3300.0
16597,2100.0
16598,3300.0
16599,5000.0
16600,3000.0
16601,5400.0
16602,2700.0
16603,5900.0
16604,2200.0
16605,4600.0
16606,3800.0
16607,3900.0
16608,2300.0
16609,2600.0
16610,1900.0
16611,4400.0
16612,1900.0
16613,2300.0
16614,4800.0
16615,2900.0
16616,3500.0
16617,1200.0
16618,2300.0
16619,4700.0
16620,3100.0
16621,4500.0
16622,4100.0
16623,2800.0
16624,2700.0
16625,3700.0
16626,1700.0
16627,4800.0
16628,3800.0
16629,4300.0
16630,3700.0
16631,1800.0
16632,5000.0
16633,2000.0
16634,6000.0
16635,3900.0
16636,4700.0
16637,1800.0
16638,2000.0
16639,2000.0
16640,4900.0
16641,3400.0
16642,3300.0
16643,1800.0
16644,3900.0
16645,2800.0
16646,3400.0
16647,3600.0
16648,2800.0
16649,1300.0
16650,3400.0
16651,1500.0
16652,5400.0
16653,3900.0
16654,1900.0
16655,2800.0
16656,3400.0
16657,2700.0
16658,2400.0
16659,3300.0
16660,2800.0
16661,2900.0
16662,5100.0
16663,1000.0
16664,3500.0
16665,3000.0
16666,1800.0
16667,2800.0
16668,6100.0
16669,3400.0
16670,2200.0
16671,2100.0
16672,2500.0
16673,2400.0
16674,5200.0
16675,4500.0
16676,2600.0
16677,3900.0
16678,2700.0
16679,2300.0
16680,3600.0
16681,1800.0
16682,2800.0
16683,4400.0
16684,2400.0
16685,3600.0
16686,3000.0
16687,3000.0
16688,4700.0
16689,5400.0
16690,2100.0
16691,2800.0
16692,4400.0
16693,1100.0
16694,4200.0
16695,2000.0
16696,3000.0
16697,3700.0
16698,2900.0
16699,6400.0
16700,1800.0
16701,3000.0
16702,2000.0
16703,4100.0
16704,4400.0
16705,1900.0
16706,4900.0
16707,3600.0
16708,4600.0
16709,4300.0
16710,6300.0
16711,2900.0
16712,1800.0
16713,3900.0
16714,4400.0
16715,3400.0
16716,3300.0
16717,2900.0
16718,2800.0
16719,2800.0
16720,2200.0
16721,3900.0
16722,2600.0
16723,3800.0
16724,2600.0
16725,4700.0
16726,3900.0
16727,3600.0
16728,5600.0
16729,3400.0
16730,1700.0
16731,3100.0
16732,1700.0
16733,3400.0
16734,3700.0
16735,5100.0
16736,1200.0
16737,4600.0
16738,5000.0
16739,2000.0
16740,2900.0
16741,4100.0
16742,2000.0
16743,3800.0
16744,3900.0
16745,3400.0
16746,2000.0
16747,4100.0
16748,1400.0
16749,2400.0
16750,2600.0
16751,2000.0
16752,1500.0
16753,1500.0
16754,1500.0
16755,3800.0
16756,4100.0
16757,3700.0
16758,3300.0
16759,3400.0
16760,1900.0
16761,2900.0
16762,4400.0
16763,1800.0
16764,4200.0
16765,3300.0
16766,4800.0
16767,2300.0
16768,4500.0
16769,2200.0
16770,3500.0
16771,4600.0
16772,1300.0
16773,4300.0
16774,1600.0
16775,5100.0
16776,2100.0
16777,5100.0
16778,2600.0
16779,3300.0
16780,3300.0
16781,4200.0
16782,3500.0
16783,2200.0
16784,3600.0
16785,1500.0
16786,4900.0
16787,2300.0
16788,3700.0
16789,4700.0
16790,1900.0
16791,3600.0
16792,3900.0
16793,2700.0
16794,4100.0
16795,3200.0
16796,1700.0
16797,2300.0
16798,2000.0
16799,2200.0
16800,2300.0
16801,2900.0
16802,5500.0
16803,2500.0
16804,3500.0
16805,1900.0
16806,2800.0
16807,2300.0
16808,3200.0
16809,2000.0
16810,3600.0
16811,1900.0
16812,4000.0
16813,4500.0
16814,3500.0
16815,3600.0
16816,3900.0
16817,2600.0
16818,3700.0
16819,4300.0
16820,4600.0
16821,4200.0
16822,2900.0
16823,3900.0
16824,3400.0
16825,2300.0
16826,4900.0
16827,2600.0
16828,4300.0
16829,3900.0
16830,2000.0
16831,3900.0
16832,2600.0
16833,1600.0
16834,2000.0
16835,2000.0
16836,3100.0
16837,2100.0
16838,2000.0
16839,4300.0
16840,1800.0
16841,4400.0
16842,4300.0
16843,3600.0
16844,3800.0
16845,2700.0
16846,2900.0
16847,1200.0
16848,3100.0
16849,4900.0
16850,3000.0
16851,3100.0
16852,4400.0
16853,2200.0
16854,2000.0
16855,4100.0
16856,4500.0
16857,1600.0
16858,3000.0
16859,3000.0
16860,4100.0
16861,5200.0
16862,4400.0
16863,4800.0
16864,2000.0
16865,2000.0
16866,2500.0
16867,4500.0
16868,1800.0
16869,2600.0
16870,4700.0
16871,4600.0
16872,2800.0
16873,3600.0
16874,3000.0
16875,2900.0
16876,2400.0
16877,2100.0
16878,1500.0
16879,1700.0
16880,4300.0
16881,4300.0
16882,1800.0
16883,3400.0
16884,2000.0
16885,3200.0
16886,4900.0
16887,4700.0
16888,3300.0
16889,1900.0
16890,2800.0
16891,2300.0
16892,3000.0
16893,4100.0
16894,4400.0
16895,3300.0
16896,3300.0
16897,4000.0
16898,2600.0
16899,4100.0
16900,2200.0
16901,3800.0
16902,3100.0
16903,3000.0
16904,3500.0
16905,1900.0
16906,1500.0
16907,2900.0
16908,4900.0
16909,3600.0
16910,4800.0
16911,2700.0
16912,1700.0
16913,1900.0
16914,3700.0
16915,3500.0
16916,1700.0
16917,2700.0
16918,4400.0
16919,3300.0
16920,2600.0
16921,4000.0
16922,4500.0
16923,1500.0
16924,1700.0
16925,2500.0
16926,2500.0
16927,2800.0
16928,2500.0
16929,4000.0
16930,3500.0
16931,3800.0
16932,4700.0
16933,3300.0
16934,4400.0
16935,4800.0
16936,3600.0
16937,3700.0
16938,2200.0
16939,3400.0
16940,2000.0
16941,1700.0
16942,2800.0
16943,4000.0
16944,2100.0
16945,1700.0
16946,4300.0
16947,1800.0
16948,1900.0
16949,3500.0
16950,2800.0
16951,2300.0
16952,3800.0
16953,2600.0
16954,3000.0
16955,2000.0
16956,1600.0
16957,2600.0
16958,1900.0
16959,1500.0
16960,2500.0
16961,3000.0
16962,1800.0
16963,2000.0
16964,1400.0
16965,1100.0
16966,1800.0
16967,2200.0
16968,5000.0
16969,2900.0
16970,2400.0
16971,4800.0
16972,2900.0
16973,1600.0
16974,3800.0
16975,4500.0
16976,4300.0
16977,4500.0
16978,2100.0
16979,3200.0
16980,1400.0
16981,2100.0
16982,3200.0
16983,2000.0
16984,4300.0
16985,1200.0
16986,1900.0
16987,3100.0
16988,3100.0
16989,3100.0
16990,1100.0
16991,1400.0
16992,2600.0
16993,1600.0
16994,2800.0
16995,2300.0
16996,600.0
16997,1700.0
16998,4600.0
16999,1800.0
17000,4000.0
17001,1900.0
17002,4300.0
17003,2200.0
17004,2700.0
17005,3700.0
17006,2000.0
17007,3100.0
17008,4100.0
17009,3600.0
17010,2100.0
17011,3700.0
17012,3800.0
17013,3300.0
17014,2300.0
17015,3100.0
17016,6500.0
17017,4600.0
17018,3400.0
17019,4300.0
17020,2500.0
17021,3200.0
17022,2100.0
17023,2100.0
17024,5600.0
17025,1700.0
17026,4000.0
17027,4400.0
17028,1900.0
17029,3400.0
17030,2900.0
17031,1600.0
17032,5900.0
17033,3600.0
17034,2900.0
17035,4900.0
17036,2000.0
17037,2100.0
17038,1700.0
17039,2800.0
17040,4900.0
17041,2900.0
17042,2400.0
17043,3700.0
17044,1900.0
17045,4700.0
17046,4100.0
17047,3100.0
17048,3300.0
17049,2500.0
17050,3700.0
17051,4800.0
17052,2500.0
17053,1500.0
17054,3600.0
17055,3900.0
17056,1200.0
17057,3700.0
17058,1700.0
17059,4500.0
17060,4100.0
17061,3400.0
17062,1900.0
17063,5200.0
17064,5500.0
17065,2200.0
17066,3600.0
17067,4100.0
17068,1700.0
17069,5500.0
17070,2600.0
17071,2200.0
17072,1900.0
17073,4200.0
17074,3300.0
17075,1700.0
17076,600.0
17077,1000.0
17078,2000.0
17079,5200.0
17080,2800.0
17081,4200.0
17082,3400.0
17083,4000.0
17084,1700.0
17085,1800.0
17086,3500.0
17087,4700.0
17088,2400.0
17089,3900.0
17090,2300.0
17091,4300.0
17092,2200.0
17093,2300.0
17094,3500.0
17095,3000.0
17096,2200.0
17097,2200.0
17098,2000.0
17099,1400.0
17100,1800.0
17101,2900.0
17102,4700.0
17103,2900.0
17104,5400.0
17105,2600.0
17106,2000.0
17107,3400.0
17108,2700.0
17109,3500.0
17110,4400.0
17111,5200.0
17112,2900.0
17113,4000.0
17114,2900.0
17115,3900.0
17116,1900.0
17117,2600.0
17118,3200.0
17119,1600.0
17120,4600.0
17121,1500.0
17122,1500.0
17123,4200.0
17124,2000.0
17125,4100.0
17126,2400.0
17127,3200.0
17128,3500.0
17129,3100.0
17130,3100.0
17131,1900.0
17132,4100.0
17133,4800.0
17134,3800.0
17135,3700.0
17136,2000.0
17137,4300.0
17138,1800.0
17139,2900.0
17140,2500.0
17141,2100.0
17142,3500.0
17143,2200.0
17144,5500.0
17145,3300.0
17146,3100.0
17147,5400.0
17148,2500.0
17149,5300.0
17150,4400.0
17151,2100.0
17152,4500.0
17153,4500.0
17154,4200.0
17155,1200.0
17156,3500.0
17157,3300.0
17158,2600.0
17159,3300.0
17160,2900.0
17161,5200.0
17162,3800.0
17163,700.0
17164,3800.0
17165,2200.0
17166,3100.0
17167,4100.0
17168,3200.0
17169,3200.0
17170,5400.0
17171,3800.0
17172,2500.0
17173,5100.0
17174,2200.0
17175,2300.0
17176,3300.0
17177,3100.0
17178,2800.0
17179,4200.0
17180,2200.0
17181,1900.0
17182,3000.0
17183,4000.0
17184,3800.0
17185,5500.0
17186,2800.0
17187,4800.0
17188,4200.0
17189,3000.0
17190,2200.0
17191,3300.0
17192,3000.0
17193,2900.0
17194,5500.0
17195,2100.0
17196,3300.0
17197,4500.0
17198,5200.0
17199,2200.0
17200,4600.0
17201,5800.0
17202,3100.0
17203,3800.0
17204,2000.0
17205,2700.0
17206,3000.0
17207,1700.0
17208,2500.0
17209,2900.0
17210,3800.0
17211,1800.0
17212,5700.0
17213,2000.0
17214,1800.0
17215,2100.0
17216,6000.0
17217,2000.0
17218,3900.0
17219,4200.0
17220,1900.0
17221,2800.0
17222,4400.0
17223,3500.0
17224,1500.0
17225,4500.0
17226,3100.0
17227,4200.0
17228,3900.0
17229,2600.0
17230,2600.0
17231,1000.0
17232,2700.0
17233,3300.0
17234,2300.0
17235,3800.0
17236,3700.0
17237,2400.0
17238,1500.0
17239,1700.0
17240,2200.0
17241,2600.0
17242,3000.0
17243,4800.0
17244,4500.0
17245,4000.0
17246,3300.0
17247,2000.0
17248,2400.0
17249,3100.0
17250,5500.0
17251,2900.0
17252,2000.0
17253,3200.0
17254,2300.0
17255,3200.0
17256,3800.0
17257,4500.0
17258,1000.0
17259,4500.0
17260,4700.0
17261,3400.0
17262,1900.0
17263,3600.0
17264,4000.0
17265,4600.0
17266,4200.0
17267,5000.0
17268,3100.0
17269,2000.0
17270,2000.0
17271,3900.0
17272,3000.0
17273,3100.0
17274,1800.0
17275,3800.0
17276,2300.0
17277,3300.0
17278,2100.0
17279,2600.0
17280,3300.0
17281,4100.0
17282,1900.0
17283,5100.0
17284,1600.0
17285,3300.0
17286,3500.0
17287,4300.0
17288,2600.0
17289,3500.0
17290,3300.0
17291,2600.0
17292,3400.0
17293,3100.0
17294,2900.0
17295,2700.0
17296,2300.0
17297,3500.0
17298,3600.0
17299,3100.0
17300,2100.0
17301,1800.0
17302,4400.0
17303,2400.0
17304,3800.0
17305,5400.0
17306,4400.0
17307,2700.0
17308,1800.0
17309,4500.0
17310,3700.0
17311,2600.0
17312,5700.0
17313,2000.0
17314,1800.0
17315,1100.0
17316,2600.0
17317,1800.0
17318,2000.0
17319,4600.0
17320,3000.0
17321,4400.0
17322,3900.0
17323,2100.0
17324,2200.0
17325,1400.0
17326,3000.0
17327,3900.0
17328,2700.0
17329,3800.0
17330,3800.0
17331,2400.0
17332,2400.0
17333,4200.0
17334,900.0
17335,4000.0
17336,3000.0
17337,5100.0
17338,4400.0
17339,1900.0
17340,2000.0
17341,2000.0
17342,3000.0
17343,2600.0
17344,5000.0
17345,1800.0
17346,2500.0
17347,2100.0
17348,3500.0
17349,4400.0
17350,3400.0
17351,2600.0
17352,2100.0
17353,4700.0
17354,2400.0
17355,3700.0
17356,1700.0
17357,3800.0
17358,3000.0
17359,1400.0
17360,3700.0
17361,2700.0
17362,2400.0
17363,2200.0
17364,1800.0
17365,5100.0
17366,1900.0
17367,3500.0
17368,1300.0
17369,3500.0
17370,1800.0
17371,2800.0
17372,3600.0
17373,1800.0
17374,4000.0
17375,3900.0
17376,3600.0
17377,3100.0
17378,3500.0
17379,2800.0
17380,2300.0
17381,5500.0
17382,2900.0
17383,1400.0
17384,3000.0
17385,1800.0
17386,1500.0
17387,4700.0
17388,4400.0
17389,2200.0
17390,3900.0
17391,4100.0
17392,1800.0
17393,2800.0
17394,4300.0
17395,4100.0
17396,2400.0
17397,2800.0
17398,2000.0
17399,2000.0
17400,4500.0
17401,5200.0
17402,3300.0
17403,1900.0
17404,3400.0
17405,3500.0
17406,1900.0
17407,2900.0
17408,2200.0
17409,3000.0
17410,6700.0
17411,1900.0
17412,4500.0
17413,4500.0
17414,1800.0
17415,3800.0
17416,3200.0
17417,2200.0
17418,2200.0
17419,4200.0
17420,1400.0
17421,1800.0
17422,4600.0
17423,4300.0
17424,3900.0
17425,2700.0
17426,4200.0
17427,1800.0
17428,4100.0
17429,4600.0
17430,3500.0
17431,4100.0
17432,4100.0
17433,1600.0
17434,3000.0
17435,3200.0
17436,2200.0
17437,2000.0
17438,3200.0
17439,2100.0
17440,2100.0
17441,2000.0
17442,3900.0
17443,3900.0
17444,3500.0
17445,2700.0
17446,4100.0
17447,2500.0
17448,4400.0
17449,3800.0
17450,2100.0
17451,5400.0
17452,2800.0
17453,2700.0
17454,1500.0
17455,3500.0
17456,4700.0
17457,3500.0
17458,2500.0
17459,3200.0
17460,2500.0
17461,2000.0
17462,1300.0
17463,3100.0
17464,2500.0
17465,1700.0
17466,3300.0
17467,3100.0
17468,2300.0
17469,1300.0
17470,3200.0
17471,3800.0
17472,3800.0
17473,3900.0
17474,1600.0
17475,3300.0
17476,2000.0
17477,3200.0
17478,4400.0
17479,2300.0
17480,3100.0
17481,4400.0
17482,2300.0
17483,3000.0
17484,2000.0
17485,4600.0
17486,5200.0
17487,3100.0
17488,4500.0
17489,1600.0
17490,3600.0
17491,3700.0
17492,3600.0
17493,4000.0
17494,3700.0
17495,3500.0
17496,2200.0
17497,3800.0
17498,4100.0
17499,2700.0
17500,3600.0
17501,1400.0
17502,2500.0
17503,3600.0
17504,1900.0
17505,2300.0
17506,4000.0
17507,2500.0
17508,2500.0
17509,2200.0
17510,3700.0
17511,5200.0
17512,3300.0
17513,4500.0
17514,2000.0
17515,1800.0
17516,2100.0
17517,2500.0
17518,3000.0
17519,3000.0
17520,3400.0
17521,4700.0
17522,3300.0
17523,4300.0
17524,2400.0
17525,2900.0
17526,1400.0
17527,2400.0
17528,1700.0
17529,1000.0
17530,4800.0
17531,3600.0
17532,3000.0
17533,4200.0
17534,3500.0
17535,1800.0
17536,3600.0
17537,2300.0
17538,3000.0
17539,2400.0
17540,4100.0
17541,2200.0
17542,4500.0
17543,2200.0
17544,3200.0
17545,1200.0
17546,4700.0
17547,3500.0
17548,3400.0
17549,3300.0
17550,2500.0
17551,3300.0
17552,3800.0
17553,2900.0
17554,4400.0
17555,5100.0
17556,2700.0
17557,2300.0
17558,1900.0
17559,3400.0
17560,2100.0
17561,2100.0
17562,3200.0
17563,2300.0
17564,3500.0
17565,3600.0
17566,2400.0
17567,2800.0
17568,1500.0
17569,3200.0
17570,2300.0
17571,2500.0
17572,2400.0
17573,4200.0
17574,2100.0
17575,1600.0
17576,3100.0
17577,2600.0
17578,3600.0
17579,4600.0
17580,1600.0
17581,2700.0
17582,3000.0
17583,4200.0
17584,4400.0
17585,3600.0
17586,3300.0
17587,2400.0
17588,2000.0
17589,2400.0
17590,2600.0
17591,2300.0
17592,2500.0
17593,2500.0
17594,3000.0
17595,2600.0
17596,2900.0
17597,2800.0
17598,4400.0
17599,2100.0
17600,4000.0
17601,1800.0
17602,5800.0
17603,4200.0
17604,5200.0
17605,2000.0
17606,3700.0
17607,4000.0
17608,1300.0
17609,1700.0
17610,3800.0
17611,3400.0
17612,4600.0
17613,5300.0
17614,3100.0
17615,2800.0
17616,2600.0
17617,1400.0
17618,4800.0
17619,4400.0
17620,2800.0
17621,4200.0
17622,3000.0
17623,3000.0
17624,4600.0
17625,4400.0
17626,2400.0
17627,4400.0
17628,1500.0
17629,2100.0
17630,1000.0
17631,4500.0
17632,2800.0
17633,1900.0
17634,4500.0
17635,2000.0
17636,1700.0
17637,2000.0
17638,4200.0
17639,3600.0
17640,2200.0
17641,4100.0
17642,2900.0
17643,2200.0
17644,2200.0
17645,2400.0
17646,4200.0
17647,4300.0
17648,1600.0
17649,2800.0
17650,2800.0
17651,2500.0
17652,2100.0
17653,2000.0
17654,3000.0
17655,4100.0
17656,3000.0
17657,2100.0
17658,2500.0
17659,5500.0
17660,2500.0
17661,5800.0
17662,1500.0
17663,3900.0
17664,3400.0
17665,3900.0
17666,2000.0
17667,4800.0
17668,2900.0
17669,3500.0
17670,3200.0
17671,2600.0
17672,2700.0
17673,1800.0
17674,2400.0
17675,3500.0
17676,3700.0
17677,4100.0
17678,4500.0
17679,4500.0
17680,1600.0
17681,2100.0
17682,5800.0
17683,2800.0
17684,2500.0
17685,4700.0
17686,2200.0
17687,4400.0
17688,3200.0
17689,1500.0
17690,1700.0
17691,2700.0
17692,3600.0
17693,3400.0
17694,1700.0
17695,1400.0
17696,5300.0
17697,2700.0
17698,4200.0
17699,1600.0
17700,4500.0
17701,1600.0
17702,1900.0
17703,5000.0
17704,3100.0
17705,1700.0
17706,4900.0
17707,3900.0
17708,3700.0
17709,1800.0
17710,5200.0
17711,2200.0
17712,1400.0
17713,4000.0
17714,2100.0
17715,2700.0
17716,2300.0
17717,1800.0
17718,2500.0
17719,3200.0
17720,2600.0
17721,3900.0
17722,2700.0
17723,3900.0
17724,4000.0
17725,4400.0
17726,2700.0
17727,3500.0
17728,1700.0
17729,4300.0
17730,2500.0
17731,3600.0
17732,3200.0
17733,2000.0
17734,2400.0
17735,3700.0
17736,4200.0
17737,2800.0
17738,2600.0
17739,3800.0
17740,1900.0
17741,2800.0
17742,1900.0
17743,4200.0
17744,4100.0
17745,1800.0
17746,2900.0
17747,3000.0
17748,4500.0
17749,2000.0
17750,2900.0
17751,3300.0
17752,2100.0
17753,3900.0
17754,3700.0
17755,3000.0
17756,2000.0
17757,2100.0
17758,3800.0
17759,2100.0
17760,2500.0
17761,2000.0
17762,3700.0
17763,4300.0
17764,2700.0
17765,1400.0
17766,2400.0
17767,3800.0
17768,2100.0
17769,2800.0
17770,1900.0
17771,3500.0
17772,2200.0
17773,2500.0
17774,2800.0
17775,4800.0
17776,3400.0
17777,3300.0
17778,2600.0
17779,2500.0
17780,1800.0
17781,3200.0
17782,3200.0
17783,5700.0
17784,4600.0
17785,2000.0
17786,4500.0
17787,5000.0
17788,2600.0
17789,4200.0
17790,3700.0
17791,4100.0
17792,5000.0
17793,1400.0
17794,2100.0
17795,2000.0
17796,2700.0
17797,4400.0
17798,2400.0
17799,2300.0
17800,2900.0
17801,4700.0
17802,3000.0
17803,4400.0
17804,2500.0
17805,1800.0
17806,3000.0
17807,4100.0
17808,2200.0
17809,2100.0
17810,3200.0
17811,3100.0
17812,2900.0
17813,4200.0
17814,1800.0
17815,4500.0
17816,2600.0
17817,1800.0
17818,2700.0
17819,1400.0
17820,2500.0
17821,1800.0
17822,5200.0
17823,3300.0
17824,2500.0
17825,2000.0
17826,3200.0
17827,2300.0
17828,1500.0
17829,2700.0
17830,2000.0
17831,4400.0
17832,3100.0
17833,3600.0
17834,1100.0
17835,5500.0
17836,2200.0
17837,4000.0
17838,3300.0
17839,4900.0
17840,2600.0
17841,3000.0
17842,4300.0
17843,2100.0
17844,2200.0
17845,5800.0
17846,3700.0
17847,4500.0
17848,2800.0
17849,2200.0
17850,5200.0
17851,2800.0
17852,2500.0
17853,1600.0
17854,3800.0
17855,1700.0
17856,2600.0
17857,3000.0
17858,3600.0
17859,2200.0
17860,2800.0
17861,3500.0
17862,2100.0
17863,4500.0
17864,1700.0
17865,2800.0
17866,3700.0
17867,1300.0
17868,2700.0
17869,2100.0
17870,2700.0
17871,4000.0
17872,2000.0
17873,1700.0
17874,2400.0
17875,3900.0
17876,1700.0
17877,4600.0
17878,3200.0
17879,3400.0
17880,1600.0
17881,2600.0
17882,2700.0
17883,400.0
17884,3800.0
17885,5000.0
17886,1400.0
17887,5400.0
17888,1600.0
17889,3200.0
17890,2700.0
17891,2100.0
17892,3200.0
17893,2600.0
17894,4300.0
17895,2700.0
17896,1700.0
17897,1500.0
17898,2600.0
17899,2000.0
17900,5400.0
17901,4100.0
17902,3900.0
17903,4400.0
17904,2500.0
17905,3600.0
17906,4000.0
17907,5500.0
17908,2800.0
17909,4100.0
17910,3200.0
17911,4100.0
17912,3900.0
17913,700.0
17914,3200.0
17915,2200.0
17916,4200.0
17917,3600.0
17918,2500.0
17919,2800.0
17920,3800.0
17921,4900.0
17922,5300.0
17923,1400.0
17924,3600.0
17925,2400.0
17926,3200.0
17927,4000.0
17928,3900.0
17929,2700.0
17930,3500.0
17931,1900.0
17932,4200.0
17933,5500.0
17934,3700.0
17935,3600.0
17936,3700.0
17937,3600.0
17938,2700.0
17939,3800.0
17940,2300.0
17941,4600.0
17942,3100.0
17943,2100.0
17944,2200.0
17945,4100.0
17946,3600.0
17947,2600.0
17948,2700.0
17949,2000.0
17950,2700.0
17951,4900.0
17952,4300.0
17953,4900.0
17954,3800.0
17955,2800.0
17956,2000.0
17957,3600.0
17958,4100.0
17959,1900.0
17960,1900.0
17961,2600.0
17962,6200.0
17963,2000.0
17964,3000.0
17965,4300.0
17966,3300.0
17967,1900.0
17968,3900.0
17969,1500.0
17970,3100.0
17971,4200.0
17972,3600.0
17973,4500.0
17974,3000.0
17975,5500.0
17976,2600.0
17977,3800.0
17978,3200.0
17979,3800.0
17980,3100.0
17981,1900.0
17982,1900.0
17983,3700.0
17984,2000.0
17985,2700.0
17986,3500.0
17987,1900.0
17988,6200.0
17989,3400.0
17990,4800.0
17991,1700.0
17992,3800.0
17993,4100.0
17994,4000.0
17995,2100.0
17996,1900.0
17997,4100.0
17998,3300.0
17999,4100.0
18000,2700.0
18001,3800.0
18002,3700.0
18003,2100.0
18004,3200.0
18005,1300.0
18006,2700.0
18007,3400.0
18008,1800.0
18009,3400.0
18010,2400.0
18011,2700.0
18012,3400.0
18013,2400.0
18014,3000.0
18015,2500.0
18016,2800.0
18017,1800.0
18018,1300.0
18019,1300.0
18020,3700.0
18021,3200.0
18022,3100.0
18023,4800.0
18024,3200.0
18025,2500.0
18026,2400.0
18027,2600.0
18028,2600.0
18029,2000.0
18030,2900.0
18031,1800.0
18032,2900.0
18033,1400.0
18034,3200.0
18035,2900.0
18036,3000.0
18037,3800.0
18038,2200.0
18039,2500.0
18040,2300.0
18041,2700.0
18042,4000.0
18043,3500.0
18044,3000.0
18045,2300.0
18046,2500.0
18047,2900.0
18048,2500.0
18049,3600.0
18050,3900.0
18051,3700.0
18052,3300.0
18053,2700.0
18054,2200.0
18055,3000.0
18056,2900.0
18057,4100.0
18058,2600.0
18059,1700.0
18060,1900.0
18061,4600.0
18062,500.0
18063,2900.0
18064,4000.0
18065,4100.0
18066,4000.0
18067,1400.0
18068,2000.0
18069,4300.0
18070,2300.0
18071,4800.0
18072,2900.0
18073,3100.0
18074,2400.0
18075,2400.0
18076,3200.0
18077,3800.0
18078,4100.0
18079,2000.0
18080,1800.0
18081,4200.0
18082,2300.0
18083,6600.0
18084,1600.0
18085,5000.0
18086,4200.0
18087,2300.0
18088,2200.0
18089,2700.0
18090,2500.0
18091,1700.0
18092,2600.0
18093,900.0
18094,2400.0
18095,1900.0
18096,2400.0
18097,2800.0
18098,1800.0
18099,3600.0
18100,4900.0
18101,5800.0
18102,1900.0
18103,2600.0
18104,1900.0
18105,5000.0
18106,4700.0
18107,5000.0
18108,1700.0
18109,1900.0
18110,2400.0
18111,6100.0
18112,3800.0
18113,1500.0
18114,1600.0
18115,3400.0
18116,2200.0
18117,2200.0
18118,5200.0
18119,3800.0
18120,3900.0
18121,5000.0
18122,2400.0
18123,3900.0
18124,3700.0
18125,3000.0
18126,1500.0
18127,2200.0
18128,3100.0
18129,4000.0
18130,1800.0
18131,2100.0
18132,2400.0
18133,3800.0
18134,2500.0
18135,1900.0
18136,2500.0
18137,2100.0
18138,2000.0
18139,4900.0
18140,1900.0
18141,3000.0
18142,5300.0
18143,4500.0
18144,3200.0
18145,3000.0
18146,1900.0
18147,2700.0
18148,3000.0
18149,4600.0
18150,2500.0
18151,2800.0
18152,1600.0
18153,3500.0
18154,1900.0
18155,4200.0
18156,2100.0
18157,5900.0
18158,3700.0
18159,1900.0
18160,3800.0
18161,1900.0
18162,2900.0
18163,2000.0
18164,2200.0
18165,3600.0
18166,3000.0
18167,2900.0
18168,1800.0
18169,3300.0
18170,3100.0
18171,2100.0
18172,1900.0
18173,6000.0
18174,1600.0
18175,4100.0
18176,4100.0
18177,5800.0
18178,2200.0
18179,1600.0
18180,2400.0
18181,2900.0
18182,4400.0
18183,1000.0
18184,4900.0
18185,3100.0
18186,2400.0
18187,2100.0
18188,3800.0
18189,3500.0
18190,5200.0
18191,4300.0
18192,5100.0
18193,2200.0
18194,3100.0
18195,2500.0
18196,3900.0
18197,4800.0
18198,2000.0
18199,3700.0
18200,4100.0
18201,2400.0
18202,4600.0
18203,2800.0
18204,1100.0
18205,2300.0
18206,5800.0
18207,4400.0
18208,3100.0
18209,2700.0
18210,3800.0
18211,1700.0
18212,3800.0
18213,3800.0
18214,2500.0
18215,5000.0
18216,2000.0
18217,2800.0
18218,1800.0
18219,2500.0
18220,1100.0
18221,2300.0
18222,4100.0
18223,2300.0
18224,3700.0
18225,1200.0
18226,3600.0
18227,4000.0
18228,2500.0
18229,4200.0
18230,3100.0
18231,3400.0
18232,5500.0
18233,1900.0
18234,2500.0
18235,2200.0
18236,2400.0
18237,2000.0
18238,3400.0
18239,4900.0
18240,3200.0
18241,900.0
18242,2500.0
18243,4800.0
18244,3600.0
18245,2800.0
18246,4600.0
18247,3600.0
18248,4500.0
18249,4500.0
18250,2000.0
18251,4400.0
18252,4900.0
18253,4500.0
18254,2300.0
18255,4500.0
18256,5600.0
18257,1900.0
18258,1600.0
18259,2000.0
18260,4100.0
18261,2800.0
18262,2700.0
18263,2700.0
18264,2900.0
18265,3700.0
18266,3200.0
18267,3700.0
18268,2800.0
18269,3800.0
18270,2100.0
18271,2600.0
18272,4300.0
18273,3500.0
18274,1400.0
18275,2200.0
18276,3300.0
18277,3700.0
18278,5700.0
18279,2000.0
18280,3300.0
18281,1900.0
18282,3300.0
18283,5100.0
18284,2100.0
18285,3300.0
18286,4900.0
18287,1400.0
18288,3400.0
18289,3600.0
18290,3600.0
18291,4600.0
18292,1600.0
18293,3900.0
18294,4200.0
18295,1700.0
18296,3000.0
18297,4100.0
18298,2000.0
18299,4500.0
18300,2200.0
18301,4000.0
18302,1000.0
18303,1700.0
18304,3900.0
18305,2200.0
18306,3000.0
18307,1900.0
18308,1800.0
18309,1700.0
18310,4500.0
18311,2800.0
18312,1800.0
18313,2600.0
18314,1600.0
18315,4600.0
18316,3100.0
18317,2300.0
18318,1500.0
18319,1700.0
18320,4800.0
18321,3000.0
18322,4900.0
18323,4700.0
18324,3200.0
18325,2800.0
18326,5200.0
18327,2100.0
18328,3400.0
18329,3400.0
18330,2500.0
18331,3900.0
18332,4700.0
18333,1900.0
18334,1300.0
18335,5200.0
18336,3000.0
18337,2300.0
18338,5100.0
18339,2600.0
18340,2700.0
18341,5200.0
18342,4700.0
18343,2500.0
18344,1900.0
18345,2200.0
18346,2500.0
18347,4100.0
18348,2900.0
18349,5000.0
18350,5800.0
18351,4200.0
18352,3900.0
18353,5900.0
18354,4500.0
18355,1800.0
18356,3500.0
18357,4000.0
18358,2500.0
18359,3300.0
18360,5400.0
18361,3500.0
18362,3700.0
18363,3700.0
18364,3500.0
18365,2300.0
18366,2000.0
18367,3700.0
18368,3300.0
18369,2600.0
18370,2400.0
18371,4100.0
18372,1000.0
18373,1400.0
18374,2000.0
18375,2800.0
18376,4700.0
18377,4700.0
18378,3200.0
18379,5500.0
18380,5800.0
18381,2200.0
18382,2400.0
18383,2800.0
18384,1600.0
18385,2900.0
18386,3700.0
18387,1600.0
18388,2700.0
18389,4100.0
18390,3800.0
18391,4300.0
18392,2400.0
18393,3200.0
18394,4100.0
18395,3400.0
18396,3400.0
18397,3000.0
18398,4400.0
18399,2200.0
18400,1500.0
18401,3600.0
18402,3000.0
18403,2100.0
18404,4100.0
18405,1800.0
18406,3100.0
18407,2900.0
18408,2800.0
18409,3700.0
18410,2900.0
18411,2900.0
18412,2500.0
18413,1600.0
18414,3600.0
18415,6100.0
18416,3200.0
18417,3800.0
18418,3100.0
18419,4400.0
18420,1800.0
18421,3100.0
18422,2400.0
18423,1700.0
18424,2300.0
18425,1900.0
18426,4200.0
18427,1300.0
18428,2800.0
18429,4600.0
18430,2400.0
18431,2100.0
18432,3700.0
18433,2200.0
18434,2000.0
18435,1400.0
18436,2400.0
18437,2100.0
18438,4200.0
18439,4500.0
18440,3400.0
18441,2400.0
18442,2300.0
18443,3000.0
18444,2900.0
18445,4400.0
18446,1300.0
18447,700.0
18448,1700.0
18449,2700.0
18450,2200.0
18451,5400.0
18452,2300.0
18453,2900.0
18454,2300.0
18455,1400.0
18456,2200.0
18457,4900.0
18458,3700.0
18459,2400.0
18460,2500.0
18461,1700.0
18462,2800.0
18463,1700.0
18464,2800.0
18465,2600.0
18466,3900.0
18467,1900.0
18468,4200.0
18469,2300.0
18470,2000.0
18471,4100.0
18472,3800.0
18473,4200.0
18474,5800.0
18475,3300.0
18476,2700.0
18477,1900.0
18478,2100.0
18479,5800.0
18480,3300.0
18481,2000.0
18482,4100.0
18483,4700.0
18484,4100.0
18485,2900.0
18486,4900.0
18487,3200.0
18488,3400.0
18489,4100.0
18490,1700.0
18491,2600.0
18492,2700.0
18493,2600.0
18494,2000.0
18495,3400.0
18496,2000.0
18497,5100.0
18498,3500.0
18499,2700.0
18500,2600.0
18501,2700.0
18502,2200.0
18503,3100.0
18504,4000.0
18505,2100.0
18506,2900.0
18507,3600.0
18508,4000.0
18509,2800.0
18510,3400.0
18511,3200.0
18512,3200.0
18513,4800.0
18514,2200.0
18515,2800.0
18516,2600.0
18517,4800.0
18518,2900.0
18519,4800.0
18520,3100.0
18521,4000.0
18522,1600.0
18523,2100.0
18524,3500.0
18525,4700.0
18526,3100.0
18527,2000.0
18528,2600.0
18529,4800.0
18530,3500.0
18531,2500.0
18532,1900.0
18533,2500.0
18534,3600.0
18535,1800.0
18536,4400.0
18537,1700.0
18538,3600.0
18539,1800.0
18540,3200.0
18541,3600.0
18542,3100.0
18543,2300.0
18544,1800.0
18545,2700.0
18546,2000.0
18547,3200.0
18548,2600.0
18549,2000.0
18550,2800.0
18551,3800.0
18552,4800.0
18553,3900.0
18554,3800.0
18555,3700.0
18556,1500.0
18557,3600.0
18558,1900.0
18559,4900.0
18560,3400.0
18561,2300.0
18562,4900.0
18563,3000.0
18564,3100.0
18565,2300.0
18566,3500.0
18567,4300.0
18568,2300.0
18569,2100.0
18570,2700.0
18571,1800.0
18572,4700.0
18573,2700.0
18574,3300.0
18575,4000.0
18576,4700.0
18577,3500.0
18578,1400.0
18579,4600.0
18580,3400.0
18581,2800.0
18582,2200.0
18583,3400.0
18584,2400.0
18585,2200.0
18586,2500.0
18587,3900.0
18588,1100.0
18589,4800.0
18590,1700.0
18591,2500.0
18592,3800.0
18593,1300.0
18594,2400.0
18595,4000.0
18596,2800.0
18597,2300.0
18598,3500.0
18599,3400.0
18600,3200.0
18601,3500.0
18602,2900.0
18603,2400.0
18604,3100.0
18605,1600.0
18606,4100.0
18607,2600.0
18608,4400.0
18609,9400.0
18610,4200.0
18611,3500.0
18612,3900.0
18613,3400.0
18614,2600.0
18615,1900.0
18616,4300.0
18617,5000.0
18618,1600.0
18619,2900.0
18620,1600.0
18621,4500.0
18622,2800.0
18623,2500.0
18624,2900.0
18625,1500.0
18626,4000.0
18627,2700.0
18628,1800.0
18629,3800.0
18630,4700.0
18631,3800.0
18632,5200.0
18633,4000.0
18634,2300.0
18635,2600.0
18636,800.0
18637,1900.0
18638,2300.0
18639,2600.0
18640,2500.0
18641,1900.0
18642,4500.0
18643,1900.0
18644,4100.0
18645,2000.0
18646,2500.0
18647,2100.0
18648,2200.0
18649,1600.0
18650,900.0
18651,3600.0
18652,3100.0
18653,2400.0
18654,2400.0
18655,1800.0
18656,3600.0
18657,3400.0
18658,4900.0
18659,2800.0
18660,2800.0
18661,2900.0
18662,5200.0
18663,4300.0
18664,2400.0
18665,3700.0
18666,3000.0
18667,2600.0
18668,1900.0
18669,2700.0
18670,3600.0
18671,5000.0
18672,3900.0
18673,3200.0
18674,2100.0
18675,3300.0
18676,2700.0
18677,3900.0
18678,4500.0
18679,3300.0
18680,2100.0
18681,5300.0
18682,1300.0
18683,4600.0
18684,5100.0
18685,1700.0
18686,2700.0
18687,3900.0
18688,5000.0
18689,1700.0
18690,3200.0
18691,1800.0
18692,3600.0
18693,4000.0
18694,1500.0
18695,3000.0
18696,5500.0
18697,3500.0
18698,2800.0
18699,2100.0
18700,1400.0
18701,2400.0
18702,4200.0
18703,3100.0
18704,4600.0
18705,4500.0
18706,3800.0
18707,2200.0
18708,3900.0
18709,2600.0
18710,2700.0
18711,3200.0
18712,2400.0
18713,4900.0
18714,5000.0
18715,4900.0
18716,2200.0
18717,3500.0
18718,3000.0
18719,5700.0
18720,2700.0
18721,3900.0
18722,4200.0
18723,5000.0
18724,3300.0
18725,4500.0
18726,2200.0
18727,2500.0
18728,2900.0
18729,2100.0
18730,4000.0
18731,1800.0
18732,3300.0
18733,1500.0
18734,1700.0
18735,3600.0
18736,3400.0
18737,5500.0
18738,2200.0
18739,4900.0
18740,2400.0
18741,3900.0
18742,3000.0
18743,2800.0
18744,2300.0
18745,3300.0
18746,2500.0
18747,3600.0
18748,3200.0
18749,4200.0
18750,5100.0
18751,4100.0
18752,3900.0
18753,5000.0
18754,3400.0
18755,3200.0
18756,3100.0
18757,6800.0
18758,2400.0
18759,4400.0
18760,4400.0
18761,3600.0
18762,2200.0
18763,1700.0
18764,2800.0
18765,1700.0
18766,2100.0
18767,4400.0
18768,3300.0
18769,3700.0
18770,3000.0
18771,2700.0
18772,2300.0
18773,4400.0
18774,4100.0
18775,4700.0
18776,4400.0
18777,4400.0
18778,1300.0
18779,2400.0
18780,1700.0
18781,1800.0
18782,2000.0
18783,2000.0
18784,3300.0
18785,4300.0
18786,1500.0
18787,2400.0
18788,3900.0
18789,1700.0
18790,3400.0
18791,1700.0
18792,2200.0
18793,1700.0
18794,2000.0
18795,3700.0
18796,5300.0
18797,2200.0
18798,1800.0
18799,1100.0
18800,2800.0
18801,3400.0
18802,1500.0
18803,2100.0
18804,2100.0
18805,2100.0
18806,2500.0
18807,3600.0
18808,2900.0
18809,4100.0
18810,1500.0
18811,800.0
18812,2200.0
18813,5300.0
18814,3500.0
18815,2900.0
18816,5100.0
18817,3500.0
18818,3200.0
18819,3500.0
18820,2700.0
18821,1200.0
18822,2400.0
18823,3700.0
18824,3700.0
18825,1600.0
18826,2200.0
18827,3200.0
18828,2200.0
18829,2600.0
18830,1800.0
18831,2500.0
18832,2800.0
18833,2000.0
18834,2500.0
18835,3200.0
18836,2900.0
18837,3600.0
18838,4300.0
18839,2800.0
18840,3600.0
18841,7700.0
18842,1800.0
18843,1400.0
18844,2200.0
18845,3700.0
18846,5800.0
18847,4000.0
18848,3300.0
18849,3000.0
18850,3700.0
18851,1800.0
18852,2900.0
18853,4100.0
18854,1600.0
18855,4000.0
18856,2000.0
18857,3000.0
18858,1900.0
18859,2700.0
18860,2700.0
18861,2100.0
18862,3600.0
18863,2100.0
18864,4900.0
18865,4600.0
18866,3800.0
18867,1600.0
18868,2200.0
18869,3000.0
18870,2900.0
18871,4600.0
18872,2500.0
18873,2800.0
18874,3800.0
18875,1600.0
18876,2800.0
18877,2800.0
18878,2900.0
18879,2500.0
18880,4200.0
18881,1800.0
18882,3700.0
18883,3500.0
18884,3400.0
18885,1600.0
18886,3500.0
18887,4700.0
18888,1400.0
18889,3200.0
18890,4000.0
18891,4100.0
18892,3300.0
18893,4700.0
18894,3700.0
18895,5000.0
18896,3500.0
18897,4500.0
18898,2600.0
18899,2100.0
18900,2200.0
18901,900.0
18902,2600.0
18903,4600.0
18904,4200.0
18905,2700.0
18906,2800.0
18907,3800.0
18908,3800.0
18909,3000.0
18910,2100.0
18911,3100.0
18912,2000.0
18913,1600.0
18914,3300.0
18915,2100.0
18916,4400.0
18917,1600.0
18918,3700.0
18919,2900.0
18920,4400.0
18921,2900.0
18922,3100.0
18923,1400.0
18924,3600.0
18925,2600.0
18926,1800.0
18927,4100.0
18928,2700.0
18929,3300.0
18930,4000.0
18931,1300.0
18932,3300.0
18933,3900.0
18934,1800.0
18935,2300.0
18936,3600.0
18937,2200.0
18938,1600.0
18939,5200.0
18940,4500.0
18941,4000.0
18942,2200.0
18943,2400.0
18944,3400.0
18945,2300.0
18946,2100.0
18947,3300.0
18948,1200.0
18949,1500.0
18950,3500.0
18951,3100.0
18952,5000.0
18953,3000.0
18954,1500.0
18955,4700.0
18956,3100.0
18957,2300.0
18958,3800.0
18959,2700.0
18960,1000.0
18961,4400.0
18962,5600.0
18963,3600.0
18964,2200.0
18965,1700.0
18966,3800.0
18967,1500.0
18968,1700.0
18969,1800.0
18970,2100.0
18971,4100.0
18972,3600.0
18973,4900.0
18974,3800.0
18975,3700.0
18976,2600.0
18977,3700.0
18978,1800.0
18979,4800.0
18980,2700.0
18981,1200.0
18982,3600.0
18983,4000.0
18984,2700.0
18985,2100.0
18986,3700.0
18987,3200.0
18988,2600.0
18989,1500.0
18990,2800.0
18991,3500.0
18992,2800.0
18993,3700.0
18994,2700.0
18995,4100.0
18996,1700.0
18997,2200.0
18998,3000.0
18999,4000.0
19000,1800.0
19001,2400.0
19002,3600.0
19003,5100.0
19004,2000.0
19005,4200.0
19006,3500.0
19007,3700.0
19008,2800.0
19009,4600.0
19010,3200.0
19011,2000.0
19012,4100.0
19013,4000.0
19014,2500.0
19015,2200.0
19016,2900.0
19017,3700.0
19018,2100.0
19019,3900.0
19020,1800.0
19021,7000.0
19022,2600.0
19023,3000.0
19024,2700.0
19025,2100.0
19026,3400.0
19027,3400.0
19028,2700.0
19029,3400.0
19030,2600.0
19031,1400.0
19032,2200.0
19033,1500.0
19034,4200.0
19035,4900.0
19036,2300.0
19037,2700.0
19038,3300.0
19039,2100.0
19040,3500.0
19041,3400.0
19042,4100.0
19043,3300.0
19044,3600.0
19045,1700.0
19046,4100.0
19047,3000.0
19048,2600.0
19049,2400.0
19050,1400.0
19051,1300.0
19052,1500.0
19053,1700.0
19054,3700.0
19055,3500.0
19056,4100.0
19057,3600.0
19058,4200.0
19059,3100.0
19060,5500.0
19061,4100.0
19062,1800.0
19063,2500.0
19064,2000.0
19065,1200.0
19066,2300.0
19067,2600.0
19068,2800.0
19069,3200.0
19070,3400.0
19071,2800.0
19072,2100.0
19073,4900.0
19074,2100.0
19075,5500.0
19076,2800.0
19077,2600.0
19078,1900.0
19079,3500.0
19080,3200.0
19081,2700.0
19082,5000.0
19083,3100.0
19084,3900.0
19085,3000.0
19086,4400.0
19087,3100.0
19088,3400.0
19089,1400.0
19090,2100.0
19091,1700.0
19092,3600.0
19093,5100.0
19094,2600.0
19095,3200.0
19096,2700.0
19097,1800.0
19098,3900.0
19099,1000.0
19100,1600.0
19101,2300.0
19102,3700.0
19103,1200.0
19104,3100.0
19105,3100.0
19106,1900.0
19107,1900.0
19108,3000.0
19109,800.0
19110,1900.0
19111,3400.0
19112,2000.0
19113,5400.0
19114,3900.0
19115,1500.0
19116,2400.0
19117,4900.0
19118,2800.0
19119,2900.0
19120,3000.0
19121,2500.0
19122,3900.0
19123,1400.0
19124,2600.0
19125,5500.0
19126,5000.0
19127,2100.0
19128,2500.0
19129,4300.0
19130,4100.0
19131,1700.0
19132,2400.0
19133,2200.0
19134,4400.0
19135,4000.0
19136,2400.0
19137,1800.0
19138,3000.0
19139,4100.0
19140,1600.0
19141,2500.0
19142,2500.0
19143,4000.0
19144,1600.0
19145,3300.0
19146,3600.0
19147,2700.0
19148,3400.0
19149,1000.0
19150,3700.0
19151,3000.0
19152,2600.0
19153,4000.0
19154,5000.0
19155,4400.0
19156,5500.0
19157,4200.0
19158,3800.0
19159,3100.0
19160,3000.0
19161,3900.0
19162,1700.0
19163,1700.0
19164,3500.0
19165,3000.0
19166,3000.0
19167,6500.0
19168,2000.0
19169,3300.0
19170,1500.0
19171,3300.0
19172,4300.0
19173,4800.0
19174,2700.0
19175,4500.0
19176,5000.0
19177,2400.0
19178,2500.0
19179,3700.0
19180,2900.0
19181,3100.0
19182,600.0
19183,2200.0
19184,1300.0
19185,4100.0
19186,3400.0
19187,2800.0
19188,3900.0
19189,2200.0
19190,4000.0
19191,2100.0
19192,1600.0
19193,3700.0
19194,1800.0
19195,2100.0
19196,1200.0
19197,3200.0
19198,1800.0
19199,1300.0
19200,2600.0
19201,1400.0
19202,3400.0
19203,3600.0
19204,2300.0
19205,3300.0
19206,3800.0
19207,2800.0
19208,2000.0
19209,4100.0
19210,2500.0
19211,2200.0
19212,2300.0
19213,5100.0
19214,3500.0
19215,1900.0
19216,3900.0
19217,4200.0
19218,1500.0
19219,3700.0
19220,2600.0
19221,6000.0
19222,3700.0
19223,3400.0
19224,5800.0
19225,3800.0
19226,4300.0
19227,3000.0
19228,4600.0
19229,3600.0
19230,2000.0
19231,2800.0
19232,3400.0
19233,2400.0
19234,3900.0
19235,3900.0
19236,1800.0
19237,4500.0
19238,3200.0
19239,4400.0
19240,1500.0
19241,2500.0
19242,2700.0
19243,3400.0
19244,1900.0
19245,2100.0
19246,2200.0
19247,4800.0
19248,2200.0
19249,3700.0
19250,4300.0
19251,3900.0
19252,1800.0
19253,1100.0
19254,2300.0
19255,2600.0
19256,2600.0
19257,5900.0
19258,2600.0
19259,1200.0
19260,2800.0
19261,4100.0
19262,1700.0
19263,3700.0
19264,3100.0
19265,5500.0
19266,3200.0
19267,5800.0
19268,3800.0
19269,5100.0
19270,2000.0
19271,1800.0
19272,4100.0
19273,1700.0
19274,2300.0
19275,4900.0
19276,4500.0
19277,4100.0
19278,2700.0
19279,4200.0
19280,2700.0
19281,3000.0
19282,2100.0
19283,2500.0
19284,2900.0
19285,4700.0
19286,1900.0
19287,4500.0
19288,3800.0
19289,2000.0
19290,3900.0
19291,3500.0
19292,1700.0
19293,3200.0
19294,2100.0
19295,2300.0
19296,1000.0
19297,2400.0
19298,2900.0
19299,2900.0
19300,2100.0
19301,3800.0
19302,1400.0
19303,4200.0
19304,2600.0
19305,3900.0
19306,4200.0
19307,1900.0
19308,1700.0
19309,3200.0
19310,4600.0
19311,1700.0
19312,1800.0
19313,4800.0
19314,2100.0
19315,1500.0
19316,2100.0
19317,2900.0
19318,6300.0
19319,4500.0
19320,4500.0
19321,1800.0
19322,3500.0
19323,5400.0
19324,2100.0
19325,4800.0
19326,4100.0
19327,3200.0
19328,3400.0
19329,4900.0
19330,4700.0
19331,3400.0
19332,2900.0
19333,4300.0
19334,2400.0
19335,3000.0
19336,5000.0
19337,1700.0
19338,6300.0
19339,1300.0
19340,3600.0
19341,4000.0
19342,3400.0
19343,2200.0
19344,2200.0
19345,3300.0
19346,2400.0
19347,3900.0
19348,4800.0
19349,4100.0
19350,2500.0
19351,1800.0
19352,4200.0
19353,2500.0
19354,2800.0
19355,2300.0
19356,3500.0
19357,2300.0
19358,2000.0
19359,3200.0
19360,2100.0
19361,4900.0
19362,3100.0
19363,3800.0
19364,3200.0
19365,2300.0
19366,4400.0
19367,3300.0
19368,2000.0
19369,2700.0
19370,1800.0
19371,4900.0
19372,3500.0
19373,1900.0
19374,1900.0
19375,1900.0
19376,4400.0
19377,4300.0
19378,3600.0
19379,2200.0
19380,2800.0
19381,1600.0
19382,4800.0
19383,2300.0
19384,4700.0
19385,3300.0
19386,5000.0
19387,4500.0
19388,4900.0
19389,2000.0
19390,2100.0
19391,2500.0
19392,4000.0
19393,2900.0
19394,4000.0
19395,4900.0
19396,5200.0
19397,3500.0
19398,2400.0
19399,2500.0
19400,5100.0
19401,5100.0
19402,2000.0
19403,3400.0
19404,2600.0
19405,2500.0
19406,2100.0
19407,1500.0
19408,3400.0
19409,4100.0
19410,3700.0
19411,3700.0
19412,4200.0
19413,2200.0
19414,2700.0
19415,2700.0
19416,4500.0
19417,2100.0
19418,3200.0
19419,4500.0
19420,4300.0
19421,1700.0
19422,2900.0
19423,2900.0
19424,2300.0
19425,1500.0
19426,3300.0
19427,2900.0
19428,3400.0
19429,3200.0
19430,1400.0
19431,3200.0
19432,1400.0
19433,3800.0
19434,5100.0
19435,1400.0
19436,2700.0
19437,3700.0
19438,2800.0
19439,3600.0
19440,3200.0
19441,4400.0
19442,3800.0
19443,2100.0
19444,3800.0
19445,2400.0
19446,2300.0
19447,3000.0
19448,1600.0
19449,2600.0
19450,4000.0
19451,3500.0
19452,1900.0
19453,4400.0
19454,3600.0
19455,3900.0
19456,4700.0
19457,4600.0
19458,3500.0
19459,4600.0
19460,4200.0
19461,3000.0
19462,2800.0
19463,4700.0
19464,2900.0
19465,2100.0
19466,3400.0
19467,2900.0
19468,6000.0
19469,1800.0
19470,3000.0
19471,2000.0
19472,4300.0
19473,2300.0
19474,2200.0
19475,3500.0
19476,2500.0
19477,1500.0
19478,2900.0
19479,4400.0
19480,3700.0
19481,1800.0
19482,1500.0
19483,4500.0
19484,4200.0
19485,2200.0
19486,3100.0
19487,1800.0
19488,3700.0
19489,3200.0
19490,3100.0
19491,3600.0
19492,2100.0
19493,2600.0
19494,2900.0
19495,1500.0
19496,6900.0
19497,5100.0
19498,1700.0
19499,2400.0
19500,2400.0
19501,3900.0
19502,2400.0
19503,1600.0
19504,4000.0
19505,3600.0
19506,4500.0
19507,2200.0
19508,2500.0
19509,3400.0
19510,4100.0
19511,3300.0
19512,3400.0
19513,2600.0
19514,3600.0
19515,2800.0
19516,1800.0
19517,4200.0
19518,2800.0
19519,5500.0
19520,3200.0
19521,1900.0
19522,2900.0
19523,4200.0
19524,1300.0
19525,2900.0
19526,1700.0
19527,5500.0
19528,5200.0
19529,2000.0
19530,3800.0
19531,2100.0
19532,4700.0
19533,2300.0
19534,3700.0
19535,5400.0
19536,2200.0
19537,1500.0
19538,4200.0
19539,2000.0
19540,2800.0
19541,5000.0
19542,4300.0
19543,3800.0
19544,2400.0
19545,3600.0
19546,2600.0
19547,3700.0
19548,2600.0
19549,4300.0
19550,2000.0
19551,4000.0
19552,1800.0
19553,1500.0
19554,4600.0
19555,2900.0
19556,2200.0
19557,3800.0
19558,3300.0
19559,4400.0
19560,2100.0
19561,3800.0
19562,2100.0
19563,2600.0
19564,2200.0
19565,3200.0
19566,1500.0
19567,3100.0
19568,2000.0
19569,1300.0
19570,3600.0
19571,2300.0
19572,3700.0
19573,3800.0
19574,4300.0
19575,2700.0
19576,2100.0
19577,3500.0
19578,1900.0
19579,3400.0
19580,3500.0
19581,3400.0
19582,2400.0
19583,5000.0
19584,3000.0
19585,3600.0
19586,1900.0
19587,3000.0
19588,3200.0
19589,3700.0
19590,1800.0
19591,4100.0
19592,1800.0
19593,4300.0
19594,3200.0
19595,3800.0
19596,3200.0
19597,3700.0
19598,3800.0
19599,1100.0
19600,4400.0
19601,1600.0
19602,3400.0
19603,5100.0
19604,3400.0
19605,3200.0
19606,2800.0
19607,3300.0
19608,2700.0
19609,2700.0
19610,2700.0
19611,1500.0
19612,3300.0
19613,3200.0
19614,4200.0
19615,2100.0
19616,3300.0
19617,3200.0
19618,3600.0
19619,2500.0
19620,5100.0
19621,3200.0
19622,3600.0
19623,1900.0
19624,4700.0
19625,3900.0
19626,3300.0
19627,4200.0
19628,4200.0
19629,2100.0
19630,3900.0
19631,4900.0
19632,2100.0
19633,2700.0
19634,2400.0
19635,4400.0
19636,2300.0
19637,3400.0
19638,2200.0
19639,3400.0
19640,4200.0
19641,4100.0
19642,3600.0
19643,2400.0
19644,3900.0
19645,3800.0
19646,3400.0
19647,2800.0
19648,4000.0
19649,3600.0
19650,5600.0
19651,3400.0
19652,2600.0
19653,4900.0
19654,3700.0
19655,4700.0
19656,3000.0
19657,3200.0
19658,3800.0
19659,1700.0
19660,2600.0
19661,1900.0
19662,3100.0
19663,1900.0
19664,2400.0
19665,2200.0
19666,4800.0
19667,3500.0
19668,2400.0
19669,1500.0
19670,4200.0
19671,6300.0
19672,2100.0
19673,3600.0
19674,3500.0
19675,4100.0
19676,2200.0
19677,3700.0
19678,4000.0
19679,3800.0
19680,2300.0
19681,2500.0
19682,2900.0
19683,1900.0
19684,3900.0
19685,1600.0
19686,2400.0
19687,4100.0
19688,4200.0
19689,1700.0
19690,1600.0
19691,3000.0
19692,5200.0
19693,2700.0
19694,3400.0
19695,1500.0
19696,3500.0
19697,2500.0
19698,1900.0
19699,2000.0
19700,2200.0
19701,4300.0
19702,3600.0
19703,4100.0
19704,1900.0
19705,3200.0
19706,5100.0
19707,2600.0
19708,3200.0
19709,4000.0
19710,1500.0
19711,3900.0
19712,1700.0
19713,2500.0
19714,3100.0
19715,2500.0
19716,2500.0
19717,4000.0
19718,3000.0
19719,2300.0
19720,2500.0
19721,3200.0
19722,2100.0
19723,2700.0
19724,3200.0
19725,3000.0
19726,2000.0
19727,4200.0
19728,4400.0
19729,2600.0
19730,4000.0
19731,1500.0
19732,4800.0
19733,3200.0
19734,1900.0
19735,2400.0
19736,1700.0
19737,2900.0
19738,1700.0
19739,3000.0
19740,2600.0
19741,4400.0
19742,2800.0
19743,3100.0
19744,2600.0
19745,2200.0
19746,2400.0
19747,1900.0
19748,3900.0
19749,3400.0
19750,1800.0
19751,4400.0
19752,3900.0
19753,3300.0
19754,1900.0
19755,1200.0
19756,1500.0
19757,4600.0
19758,1900.0
19759,2500.0
19760,2100.0
19761,1700.0
19762,2000.0
19763,2100.0
19764,6700.0
19765,2800.0
19766,3200.0
19767,2000.0
19768,1700.0
19769,2400.0
19770,3800.0
19771,1700.0
19772,4100.0
19773,4300.0
19774,2300.0
19775,3900.0
19776,3300.0
19777,2000.0
19778,2100.0
19779,3000.0
19780,3400.0
19781,2200.0
19782,2000.0
19783,3500.0
19784,3900.0
19785,2600.0
19786,2200.0
19787,2200.0
19788,4000.0
19789,4400.0
19790,2800.0
19791,2400.0
19792,4400.0
19793,2700.0
19794,1500.0
19795,4400.0
19796,2200.0
19797,2800.0
19798,2500.0
19799,5700.0
19800,5400.0
19801,2100.0
19802,4300.0
19803,4800.0
19804,2900.0
19805,2800.0
19806,5400.0
19807,4900.0
19808,3700.0
19809,3000.0
19810,3600.0
19811,5000.0
19812,500.0
19813,2200.0
19814,3900.0
19815,3500.0
19816,2000.0
19817,2000.0
19818,3200.0
19819,2000.0
19820,4800.0
19821,3600.0
19822,1600.0
19823,3200.0
19824,2300.0
19825,1100.0
19826,3800.0
19827,4300.0
19828,2600.0
19829,4000.0
19830,3100.0
19831,2500.0
19832,1600.0
19833,2100.0
19834,4400.0
19835,2600.0
19836,3100.0
19837,4800.0
19838,2200.0
19839,3000.0
19840,1800.0
19841,4000.0
19842,3300.0
19843,4800.0
19844,1900.0
19845,3800.0
19846,2800.0
19847,3000.0
19848,2800.0
19849,1800.0
19850,4400.0
19851,2000.0
19852,1700.0
19853,4400.0
19854,3600.0
19855,3400.0
19856,2800.0
19857,2900.0
19858,2600.0
19859,3400.0
19860,2600.0
19861,3900.0
19862,3000.0
19863,2800.0
19864,3200.0
19865,1600.0
19866,1900.0
19867,1800.0
19868,2300.0
19869,4600.0
19870,4200.0
19871,2700.0
19872,3300.0
19873,2500.0
19874,3500.0
19875,1400.0
19876,3500.0
19877,2200.0
19878,1800.0
19879,3500.0
19880,3900.0
19881,1200.0
19882,2600.0
19883,1400.0
19884,2100.0
19885,2100.0
19886,2300.0
19887,3800.0
19888,3700.0
19889,2000.0
19890,2900.0
19891,4200.0
19892,2800.0
19893,2000.0
19894,3300.0
19895,2800.0
19896,4500.0
19897,4100.0
19898,3400.0
19899,4800.0
19900,2600.0
19901,2400.0
19902,5000.0
19903,1700.0
19904,2800.0
19905,4700.0
19906,1500.0
19907,2800.0
19908,3300.0
19909,2200.0
19910,1800.0
19911,4600.0
19912,1800.0
19913,900.0
19914,2100.0
19915,3400.0
19916,3900.0
19917,3300.0
19918,1800.0
19919,1900.0
19920,5500.0
19921,4600.0
19922,2600.0
19923,5000.0
19924,4200.0
19925,3800.0
19926,2500.0
19927,1600.0
19928,4400.0
19929,3400.0
19930,2800.0
19931,3300.0
19932,3400.0
19933,3500.0
19934,1300.0
19935,1700.0
19936,2600.0
19937,1800.0
19938,4200.0
19939,4100.0
19940,3200.0
19941,2100.0
19942,2800.0
19943,4100.0
19944,3200.0
19945,2900.0
19946,3700.0
19947,2000.0
19948,3300.0
19949,5300.0
19950,3000.0
19951,3300.0
19952,4900.0
19953,2400.0
19954,3900.0
19955,3600.0
19956,4000.0
19957,2800.0
19958,5100.0
19959,3100.0
19960,3300.0
19961,2700.0
19962,4200.0
19963,2400.0
19964,1000.0
19965,2500.0
19966,2700.0
19967,3300.0
19968,2800.0
19969,3500.0
19970,4600.0
19971,4200.0
19972,4800.0
19973,2400.0
19974,5400.0
19975,4200.0
19976,3000.0
19977,1600.0
19978,5100.0
19979,4000.0
19980,5400.0
19981,5000.0
19982,2700.0
19983,1900.0
19984,3800.0
19985,1200.0
19986,5100.0
19987,2600.0
19988,3500.0
19989,3300.0
19990,1600.0
19991,2700.0
19992,1900.0
19993,4900.0
19994,1600.0
19995,1900.0
19996,2600.0
19997,3400.0
19998,2900.0
19999,3600.0
20000,4100.0
20001,4900.0
20002,3800.0
20003,3200.0
20004,3400.0
20005,4900.0
20006,1700.0
20007,2800.0
20008,1400.0
20009,2300.0
20010,3000.0
20011,6300.0
20012,2500.0
20013,4200.0
20014,1800.0
20015,3500.0
20016,1300.0
20017,2300.0
20018,2000.0
20019,3200.0
20020,2900.0
20021,4500.0
20022,2700.0
20023,3500.0
20024,2600.0
20025,2800.0
20026,3400.0
20027,3600.0
20028,2900.0
20029,2400.0
20030,2300.0
20031,1400.0
20032,4600.0
20033,1900.0
20034,2500.0
20035,1800.0
20036,2300.0
20037,1500.0
20038,3500.0
20039,2800.0
20040,2100.0
20041,3200.0
20042,4400.0
20043,4100.0
20044,1800.0
20045,2100.0
20046,3400.0
20047,1900.0
20048,3500.0
20049,1700.0
20050,3900.0
20051,3900.0
20052,3000.0
20053,1600.0
20054,1600.0
20055,2300.0
20056,1400.0
20057,3200.0
20058,1600.0
20059,4200.0
20060,3400.0
20061,4300.0
20062,2900.0
20063,2400.0
20064,5300.0
20065,3300.0
20066,3700.0
20067,4300.0
20068,4500.0
20069,2900.0
20070,2700.0
20071,3100.0
20072,3000.0
20073,4200.0
20074,2900.0
20075,3200.0
20076,2400.0
20077,4400.0
20078,4000.0
20079,2800.0
20080,4200.0
20081,2300.0
20082,1400.0
20083,3800.0
20084,3700.0
20085,3300.0
20086,3100.0
20087,1600.0
20088,1800.0
20089,4400.0
20090,2700.0
20091,1700.0
20092,3600.0
20093,3700.0
20094,2400.0
20095,1900.0
20096,3300.0
20097,5100.0
20098,3400.0
20099,5300.0
20100,3000.0
20101,3900.0
20102,4200.0
20103,3400.0
20104,2600.0
20105,2200.0
20106,2600.0
20107,4500.0
20108,5000.0
20109,3400.0
20110,3300.0
20111,4900.0
20112,2300.0
20113,3900.0
20114,4100.0
20115,2500.0
20116,2000.0
20117,3600.0
20118,3800.0
20119,4300.0
20120,2700.0
20121,2100.0
20122,4000.0
20123,3000.0
20124,3500.0
20125,1800.0
20126,2900.0
20127,3900.0
20128,4100.0
20129,2000.0
20130,2200.0
20131,2800.0
20132,2400.0
20133,2500.0
20134,2200.0
20135,2800.0
20136,2500.0
20137,4400.0
20138,1900.0
20139,4400.0
20140,1600.0
20141,3600.0
20142,1700.0
20143,5500.0
20144,2200.0
20145,3900.0
20146,2900.0
20147,4700.0
20148,4000.0
20149,4600.0
20150,1900.0
20151,1800.0
20152,3700.0
20153,4800.0
20154,3300.0
20155,2200.0
20156,5600.0
20157,3000.0
20158,3700.0
20159,1400.0
20160,2700.0
20161,4300.0
20162,2900.0
20163,1600.0
20164,1400.0
20165,2500.0
20166,1700.0
20167,2500.0
20168,4900.0
20169,2000.0
20170,5800.0
20171,2400.0
20172,4900.0
20173,2300.0
20174,1600.0
20175,2300.0
20176,3200.0
20177,3500.0
20178,4500.0
20179,3200.0
20180,1700.0
20181,2100.0
20182,3000.0
20183,2300.0
20184,1700.0
20185,5000.0
20186,4400.0
20187,4100.0
20188,4700.0
20189,2300.0
20190,4300.0
20191,1100.0
20192,2200.0
20193,3300.0
20194,4800.0
20195,1700.0
20196,2400.0
20197,3700.0
20198,4500.0
20199,2600.0
20200,1800.0
20201,3600.0
20202,4300.0
20203,3700.0
20204,2000.0
20205,4100.0
20206,3200.0
20207,3300.0
20208,1600.0
20209,4900.0
20210,2600.0
20211,2200.0
20212,1800.0
20213,2800.0
20214,2500.0
20215,4100.0
20216,3700.0
20217,3600.0
20218,5000.0
20219,1700.0
20220,2300.0
20221,2600.0
20222,1700.0
20223,2100.0
20224,3000.0
20225,4400.0
20226,3200.0
20227,4000.0
20228,3100.0
20229,4500.0
20230,4700.0
20231,3200.0
20232,2500.0
20233,1300.0
20234,2400.0
20235,3900.0
20236,3400.0
20237,4200.0
20238,4700.0
20239,4300.0
20240,3500.0
20241,3800.0
20242,1700.0
20243,2400.0
20244,2300.0
20245,2500.0
20246,4700.0
20247,1900.0
20248,3000.0
20249,1800.0
20250,5200.0
20251,3700.0
20252,4300.0
20253,4700.0
20254,2300.0
20255,3400.0
20256,2700.0
20257,2300.0
20258,2100.0
20259,4800.0
20260,4300.0
20261,3200.0
20262,4600.0
20263,3200.0
20264,2600.0
20265,1900.0
20266,4600.0
20267,2700.0
20268,3700.0
20269,3500.0
20270,2000.0
20271,1800.0
20272,3600.0
20273,2300.0
20274,4100.0
20275,2900.0
20276,3500.0
20277,1500.0
20278,3600.0
20279,2600.0
20280,3500.0
20281,4000.0
20282,5600.0
20283,2100.0
20284,2900.0
20285,4700.0
20286,2100.0
20287,2300.0
20288,2200.0
20289,3800.0
20290,2900.0
20291,2700.0
20292,4400.0
20293,1800.0
20294,2800.0
20295,3400.0
20296,3700.0
20297,6200.0
20298,1800.0
20299,2100.0
20300,5100.0
20301,2200.0
20302,4200.0
20303,2900.0
20304,2600.0
20305,2000.0
20306,3100.0
20307,4500.0
20308,3100.0
20309,2600.0
20310,5800.0
20311,3000.0
20312,2100.0
20313,1900.0
20314,3200.0
20315,1500.0
20316,4100.0
20317,4900.0
20318,3800.0
20319,1000.0
20320,2200.0
20321,3200.0
20322,1200.0
20323,2100.0
20324,4500.0
20325,1100.0
20326,7000.0
20327,3100.0
20328,2000.0
20329,5700.0
20330,1600.0
20331,2600.0
20332,2100.0
20333,2000.0
20334,2100.0
20335,2400.0
20336,1800.0
20337,2500.0
20338,3800.0
20339,1800.0
20340,4400.0
20341,3300.0
20342,2400.0
20343,1300.0
20344,3300.0
20345,2000.0
20346,2900.0
20347,3100.0
20348,3400.0
20349,2600.0
20350,4000.0
20351,3600.0
20352,2100.0
20353,3400.0
20354,1600.0
20355,4200.0
20356,2000.0
20357,4300.0
20358,2500.0
20359,2700.0
20360,1800.0
20361,2700.0
20362,2200.0
20363,2300.0
20364,1700.0
20365,2800.0
20366,4000.0
20367,4300.0
20368,2400.0
20369,1900.0
20370,4500.0
20371,3000.0
20372,2800.0
20373,4300.0
20374,2800.0
20375,4800.0
20376,2200.0
20377,2900.0
20378,4500.0
20379,3100.0
20380,3300.0
20381,2600.0
20382,3900.0
20383,1200.0
20384,2800.0
20385,1800.0
20386,4100.0
20387,1500.0
20388,3200.0
20389,1500.0
20390,2800.0
20391,2500.0
20392,2700.0
20393,3300.0
20394,6100.0
20395,2800.0
20396,1900.0
20397,3700.0
20398,3300.0
20399,2600.0
20400,3200.0
20401,1800.0
20402,2100.0
20403,3900.0
20404,2600.0
20405,4700.0
20406,4200.0
20407,4600.0
20408,3300.0
20409,3500.0
20410,4900.0
20411,4600.0
20412,3600.0
20413,4700.0
20414,2000.0
20415,3000.0
20416,1600.0
20417,4600.0
20418,3000.0
20419,2200.0
20420,5500.0
20421,2700.0
20422,2200.0
20423,3400.0
20424,2700.0
20425,2300.0
20426,4600.0
20427,5800.0
20428,3100.0
20429,2200.0
20430,3400.0
20431,2400.0
20432,2500.0
20433,1900.0
20434,3200.0
20435,2200.0
20436,2100.0
20437,2900.0
20438,3200.0
20439,4100.0
20440,3100.0
20441,2300.0
20442,2700.0
20443,3300.0
20444,2900.0
20445,1900.0
20446,3000.0
20447,2800.0
20448,2000.0
20449,2200.0
20450,2900.0
20451,1500.0
20452,2700.0
20453,2000.0
20454,1900.0
20455,3100.0
20456,3100.0
20457,2400.0
20458,3900.0
20459,4300.0
20460,3000.0
20461,1900.0
20462,5300.0
20463,2500.0
20464,1900.0
20465,1900.0
20466,4400.0
20467,2100.0
20468,2900.0
20469,2400.0
20470,2900.0
20471,1400.0
20472,2700.0
20473,1800.0
20474,4300.0
20475,4400.0
20476,3300.0
20477,2500.0
20478,3500.0
20479,7400.0
20480,2600.0
20481,2500.0
20482,2600.0
20483,1700.0
20484,3100.0
20485,5700.0
20486,4400.0
20487,4300.0
20488,2000.0
20489,4000.0
20490,2300.0
20491,4400.0
20492,4200.0
20493,1800.0
20494,1900.0
20495,3400.0
20496,2300.0
20497,1600.0
20498,2100.0
20499,5100.0
20500,3500.0
20501,1800.0
20502,3800.0
20503,1400.0
20504,7300.0
20505,4200.0
20506,4400.0
20507,2100.0
20508,4000.0
20509,4600.0
20510,3700.0
20511,4700.0
20512,3200.0
20513,3300.0
20514,5000.0
20515,1600.0
20516,3300.0
20517,3000.0
20518,2600.0
20519,2500.0
20520,3200.0
20521,3000.0
20522,3200.0
20523,5200.0
20524,4200.0
20525,2200.0
20526,4400.0
20527,3700.0
20528,3100.0
20529,2000.0
20530,2300.0
20531,1600.0
20532,4500.0
20533,2500.0
20534,2800.0
20535,3700.0
20536,1700.0
20537,3200.0
20538,2700.0
20539,2300.0
20540,5100.0
20541,1400.0
20542,1900.0
20543,3800.0
20544,2900.0
20545,1700.0
20546,2000.0
20547,3000.0
20548,3800.0
20549,1600.0
20550,4900.0
20551,1400.0
20552,2500.0
20553,2200.0
20554,4000.0
20555,4200.0
20556,4100.0
20557,3800.0
20558,1800.0
20559,5500.0
20560,4100.0
20561,3800.0
20562,4300.0
20563,3300.0
20564,5300.0
20565,2900.0
20566,2600.0
20567,4400.0
20568,1700.0
20569,2300.0
20570,2500.0
20571,2100.0
20572,1100.0
20573,2000.0
20574,2000.0
20575,4700.0
20576,4200.0
20577,3900.0
20578,2100.0
20579,1700.0
20580,2500.0
20581,2900.0
20582,4400.0
20583,4000.0
20584,3300.0
20585,6400.0
20586,2000.0
20587,5100.0
20588,2400.0
20589,3100.0
20590,1800.0
20591,3600.0
20592,1800.0
20593,4500.0
20594,3000.0
20595,4700.0
20596,4400.0
20597,2400.0
20598,4500.0
20599,4600.0
20600,4600.0
20601,3700.0
20602,2800.0
20603,2400.0
20604,4800.0
20605,2800.0
20606,1500.0
20607,3400.0
20608,4300.0
20609,1300.0
20610,1300.0
20611,2900.0
20612,2400.0
20613,3700.0
20614,3000.0
20615,2500.0
20616,1800.0
20617,3000.0
20618,3200.0
20619,4000.0
20620,2700.0
20621,3900.0
20622,1600.0
20623,2300.0
20624,3400.0
20625,2200.0
20626,2500.0
20627,4600.0
20628,4000.0
20629,2000.0
20630,1500.0
20631,3100.0
20632,2300.0
20633,2100.0
20634,3100.0
20635,1900.0
20636,2900.0
20637,2200.0
20638,3500.0
20639,5300.0
20640,3000.0
20641,2300.0
20642,4100.0
20643,2700.0
20644,3300.0
20645,1300.0
20646,4300.0
20647,1700.0
20648,2400.0
20649,2100.0
20650,5300.0
20651,3600.0
20652,3400.0
20653,2200.0
20654,900.0
20655,5900.0
20656,2700.0
20657,2400.0
20658,3200.0
20659,2300.0
20660,3700.0
20661,4600.0
20662,3000.0
20663,2300.0
20664,3000.0
20665,5400.0
20666,3600.0
20667,1500.0
20668,2000.0
20669,2000.0
20670,3800.0
20671,3600.0
20672,1400.0
20673,4100.0
20674,2400.0
20675,4700.0
20676,3000.0
20677,3100.0
20678,2800.0
20679,1300.0
20680,3000.0
20681,4200.0
20682,2000.0
20683,1800.0
20684,1400.0
20685,3800.0
20686,1500.0
20687,2200.0
20688,4700.0
20689,4000.0
20690,1900.0
20691,6200.0
20692,1700.0
20693,2700.0
20694,4100.0
20695,1200.0
20696,2200.0
20697,1500.0
20698,2900.0
20699,3500.0
20700,2800.0
20701,4500.0
20702,1300.0
20703,1900.0
20704,1500.0
20705,1000.0
20706,1800.0
20707,1700.0
20708,3800.0
20709,3000.0
20710,1200.0
20711,800.0
20712,1400.0
20713,4000.0
20714,2500.0
20715,2600.0
20716,1500.0
20717,5100.0
20718,4300.0
20719,3400.0
20720,3500.0
20721,3600.0
20722,2100.0
20723,2000.0
20724,2200.0
20725,4700.0
20726,1800.0
20727,3100.0
20728,4300.0
20729,3000.0
20730,2300.0
20731,800.0
20732,2100.0
20733,3800.0
20734,3000.0
20735,2200.0
20736,2700.0
20737,4600.0
20738,1800.0
20739,2700.0
20740,4300.0
20741,2900.0
20742,3800.0
20743,6000.0
20744,4900.0
20745,4600.0
20746,4400.0
20747,2600.0
20748,3400.0
20749,3100.0
20750,1800.0
20751,3400.0
20752,1500.0
20753,2900.0
20754,1900.0
20755,4900.0
20756,4200.0
20757,1800.0
20758,1400.0
20759,4100.0
20760,3300.0
20761,4200.0
20762,3700.0
20763,2300.0
20764,2100.0
20765,4100.0
20766,1900.0
20767,3800.0
20768,3300.0
20769,3600.0
20770,2300.0
20771,1400.0
20772,1200.0
20773,2000.0
20774,2800.0
20775,3600.0
20776,6200.0
20777,4000.0
20778,2300.0
20779,3000.0
20780,1200.0
20781,6200.0
20782,4000.0
20783,3200.0
20784,2300.0
20785,2500.0
20786,2400.0
20787,3500.0
20788,1700.0
20789,5200.0
20790,3800.0
20791,2700.0
20792,2900.0
20793,4300.0
20794,2400.0
20795,4800.0
20796,2600.0
20797,2000.0
20798,1800.0
20799,3100.0
20800,4700.0
20801,3100.0
20802,3500.0
20803,3400.0
20804,1900.0
20805,1600.0
20806,2900.0
20807,4300.0
20808,5000.0
20809,5500.0
20810,2700.0
20811,2400.0
20812,3400.0
20813,2600.0
20814,1900.0
20815,2700.0
20816,2000.0
20817,1800.0
20818,2900.0
20819,2800.0
20820,2000.0
20821,3200.0
20822,2800.0
20823,1500.0
20824,3800.0
20825,4600.0
20826,3400.0
20827,4200.0
20828,3800.0
20829,2300.0
20830,3500.0
20831,2400.0
20832,2000.0
20833,4200.0
20834,1800.0
20835,3400.0
20836,2400.0
20837,4500.0
20838,5600.0
20839,3000.0
20840,3500.0
20841,3600.0
20842,2300.0
20843,1500.0
20844,4300.0
20845,3200.0
20846,4000.0
20847,3300.0
20848,4600.0
20849,4800.0
20850,3900.0
20851,4300.0
20852,5000.0
20853,1100.0
20854,3100.0
20855,3800.0
20856,4200.0
20857,1800.0
20858,2000.0
20859,3200.0
20860,3500.0
20861,2100.0
20862,4400.0
20863,2600.0
20864,2700.0
20865,5100.0
20866,5000.0
20867,4600.0
20868,3600.0
20869,6400.0
20870,2700.0
20871,2600.0
20872,3000.0
20873,3400.0
20874,3200.0
20875,4700.0
20876,3500.0
20877,5100.0
20878,4800.0
20879,4500.0
20880,2800.0
20881,4600.0
20882,2200.0
20883,2100.0
20884,4100.0
20885,5100.0
20886,4300.0
20887,2900.0
20888,4700.0
20889,3500.0
20890,3100.0
20891,1800.0
20892,3900.0
20893,3200.0
20894,3500.0
20895,3700.0
20896,2700.0
20897,2900.0
20898,1600.0
20899,2100.0
20900,3400.0
20901,2600.0
20902,3600.0
20903,2200.0
20904,1900.0
20905,3700.0
20906,3300.0
20907,2600.0
20908,4900.0
20909,4200.0
20910,5100.0
20911,2700.0
20912,2500.0
20913,3700.0
20914,4000.0
20915,3600.0
20916,2900.0
20917,3600.0
20918,3300.0
20919,4600.0
20920,2400.0
20921,1800.0
20922,2700.0
20923,1500.0
20924,1500.0
20925,2300.0
20926,2300.0
20927,3600.0
20928,4800.0
20929,4100.0
20930,5300.0
20931,3100.0
20932,2400.0
20933,3400.0
20934,1300.0
20935,4300.0
20936,2500.0
20937,4800.0
20938,2400.0
20939,3700.0
20940,3400.0
20941,4300.0
20942,3600.0
20943,2500.0
20944,600.0
20945,1500.0
20946,3000.0
20947,1600.0
20948,3300.0
20949,1800.0
20950,2400.0
20951,2200.0
20952,4500.0
20953,3000.0
20954,3800.0
20955,2300.0
20956,300.0
20957,3100.0
20958,4100.0
20959,2000.0
20960,2100.0
20961,4300.0
20962,3100.0
20963,3700.0
20964,2200.0
20965,2700.0
20966,1400.0
20967,3700.0
20968,3900.0
20969,2600.0
20970,4700.0
20971,3400.0
20972,3700.0
20973,2500.0
20974,4600.0
20975,4100.0
20976,4100.0
20977,4900.0
20978,2900.0
20979,2600.0
20980,4200.0
20981,2600.0
20982,2700.0
20983,4300.0
20984,1400.0
20985,2900.0
20986,2200.0
20987,2700.0
20988,2100.0
20989,1600.0
20990,3600.0
20991,5000.0
20992,1700.0
20993,2100.0
20994,2000.0
20995,2100.0
20996,2800.0
20997,3800.0
20998,4100.0
20999,4400.0
21000,4000.0
21001,2400.0
21002,3100.0
21003,4000.0
21004,6300.0
21005,4600.0
21006,2800.0
21007,2400.0
21008,4000.0
21009,6100.0
21010,1600.0
21011,3500.0
21012,1200.0
21013,2100.0
21014,1200.0
21015,3900.0
21016,3900.0
21017,3100.0
21018,4000.0
21019,2600.0
21020,2000.0
21021,4000.0
21022,4000.0
21023,3400.0
21024,4300.0
21025,4400.0
21026,3400.0
21027,4400.0
21028,1800.0
21029,1900.0
21030,900.0
21031,2900.0
21032,3200.0
21033,3500.0
21034,3200.0
21035,2200.0
21036,2000.0
21037,5800.0
21038,3800.0
21039,4400.0
21040,1700.0
21041,1000.0
21042,2700.0
21043,2100.0
21044,4000.0
21045,2400.0
21046,5200.0
21047,2000.0
21048,2100.0
21049,3300.0
21050,3300.0
21051,4100.0
21052,2800.0
21053,3300.0
21054,4100.0
21055,3000.0
21056,2300.0
21057,2800.0
21058,3300.0
21059,4300.0
21060,2600.0
21061,1300.0
21062,3700.0
21063,2100.0
21064,6100.0
21065,1900.0
21066,2400.0
21067,2400.0
21068,3300.0
21069,2700.0
21070,2000.0
21071,3300.0
21072,2500.0
21073,4500.0
21074,4700.0
21075,2100.0
21076,3000.0
21077,2100.0
21078,2300.0
21079,1800.0
21080,5700.0
21081,1300.0
21082,2000.0
21083,2500.0
21084,3100.0
21085,4300.0
21086,3900.0
21087,2200.0
21088,2600.0
21089,2000.0
21090,1900.0
21091,5400.0
21092,2000.0
21093,2300.0
21094,1600.0
21095,3200.0
21096,2700.0
21097,6300.0
21098,2800.0
21099,5300.0
21100,5100.0
21101,3200.0
21102,2700.0
21103,3400.0
21104,1700.0
21105,3500.0
21106,2200.0
21107,3400.0
21108,2100.0
21109,3900.0
21110,2400.0
21111,3100.0
21112,4800.0
21113,3600.0
21114,3600.0
21115,2900.0
21116,3800.0
21117,3600.0
21118,2900.0
21119,3500.0
21120,4100.0
21121,2800.0
21122,3100.0
21123,5400.0
21124,3600.0
21125,2800.0
21126,2300.0
21127,2500.0
21128,4900.0
21129,3700.0
21130,4200.0
21131,3000.0
21132,3800.0
21133,2600.0
21134,1900.0
21135,1900.0
21136,2600.0
21137,4400.0
21138,4100.0
21139,2500.0
21140,1800.0
21141,4700.0
21142,2200.0
21143,2500.0
21144,4200.0
21145,3200.0
21146,4000.0
21147,3200.0
21148,3600.0
21149,1000.0
21150,2600.0
21151,3800.0
21152,3000.0
21153,2700.0
21154,3600.0
21155,2100.0
21156,2300.0
21157,5200.0
21158,2400.0
21159,2000.0
21160,3500.0
21161,1800.0
21162,3900.0
21163,2400.0
21164,2300.0
21165,5900.0
21166,4800.0
21167,4000.0
21168,2500.0
21169,5100.0
21170,4000.0
21171,2400.0
21172,3000.0
21173,2900.0
21174,2300.0
21175,3800.0
21176,4800.0
21177,3600.0
21178,4400.0
21179,2100.0
21180,3700.0
21181,3400.0
21182,2300.0
21183,5900.0
21184,2600.0
21185,4600.0
21186,4500.0
21187,2600.0
21188,4100.0
21189,2300.0
21190,3000.0
21191,3800.0
21192,2100.0
21193,2600.0
21194,4000.0
21195,4800.0
21196,3700.0
21197,2600.0
21198,2500.0
21199,1900.0
21200,2100.0
21201,4900.0
21202,2200.0
21203,3000.0
21204,3900.0
21205,3100.0
21206,1900.0
21207,2300.0
21208,4100.0
21209,4400.0
21210,1600.0
21211,3000.0
21212,1900.0
21213,3700.0
21214,3500.0
21215,2100.0
21216,4100.0
21217,4500.0
21218,2200.0
21219,1900.0
21220,3300.0
21221,2400.0
21222,1700.0
21223,3200.0
21224,2100.0
21225,3800.0
21226,4200.0
21227,5400.0
21228,4200.0
21229,2500.0
21230,2800.0
21231,3500.0
21232,2800.0
21233,3200.0
21234,5700.0
21235,2200.0
21236,1900.0
21237,3100.0
21238,3300.0
21239,2400.0
21240,4400.0
21241,3800.0
21242,4000.0
21243,2600.0
21244,3300.0
21245,4600.0
21246,2400.0
21247,5000.0
21248,1700.0
21249,3700.0
21250,3400.0
21251,2200.0
21252,3300.0
21253,3500.0
21254,3100.0
21255,2400.0
21256,2500.0
21257,1900.0
21258,5600.0
21259,6200.0
21260,1400.0
21261,4100.0
21262,3700.0
21263,3600.0
21264,2100.0
21265,2900.0
21266,1600.0
21267,1900.0
21268,3000.0
21269,1900.0
21270,3300.0
21271,3500.0
21272,3900.0
21273,4500.0
21274,3000.0
21275,3900.0
21276,1500.0
21277,4000.0
21278,2200.0
21279,2700.0
21280,3600.0
21281,3800.0
21282,4200.0
21283,7700.0
21284,2100.0
21285,2900.0
21286,3000.0
21287,3100.0
21288,3000.0
21289,2300.0
21290,2200.0
21291,4600.0
21292,3800.0
21293,3900.0
21294,3200.0
21295,2100.0
21296,2300.0
21297,6200.0
21298,3800.0
21299,1900.0
21300,6100.0
21301,2700.0
21302,4600.0
21303,3100.0
21304,1900.0
21305,1400.0
21306,2200.0
21307,4100.0
21308,3800.0
21309,3400.0
21310,2000.0
21311,2600.0
21312,1900.0
21313,2400.0
21314,1500.0
21315,2800.0
21316,2300.0
21317,3200.0
21318,2700.0
21319,2000.0
21320,4000.0
21321,2800.0
21322,4300.0
21323,3300.0
21324,4300.0
21325,2300.0
21326,3900.0
21327,2300.0
21328,2700.0
21329,5100.0
21330,3200.0
21331,1900.0
21332,3800.0
21333,3500.0
21334,2500.0
21335,2500.0
21336,3200.0
21337,3100.0
21338,4800.0
21339,4300.0
21340,2800.0
21341,3500.0
21342,1600.0
21343,4600.0
21344,2600.0
21345,4600.0
21346,3700.0
21347,2600.0
21348,3200.0
21349,2900.0
21350,3100.0
21351,1900.0
21352,3100.0
21353,1900.0
21354,1700.0
21355,3500.0
21356,2900.0
21357,3700.0
21358,3400.0
21359,2700.0
21360,4600.0
21361,2700.0
21362,6000.0
21363,2800.0
21364,3600.0
21365,4700.0
21366,5400.0
21367,4800.0
21368,1900.0
21369,1400.0
21370,4300.0
21371,3800.0
21372,4500.0
21373,3100.0
21374,2200.0
21375,4300.0
21376,2300.0
21377,3500.0
21378,4400.0
21379,1800.0
21380,4300.0
21381,1800.0
21382,5600.0
21383,3100.0
21384,3800.0
21385,4500.0
21386,2500.0
21387,2700.0
21388,3300.0
21389,2600.0
21390,4300.0
21391,3400.0
21392,3000.0
21393,2800.0
21394,5900.0
21395,5200.0
21396,2900.0
21397,4100.0
21398,2500.0
21399,3800.0
21400,3400.0
21401,2200.0
21402,1900.0
21403,3600.0
21404,2100.0
21405,2400.0
21406,3800.0
21407,4100.0
21408,3000.0
21409,2700.0
21410,4400.0
21411,3800.0
21412,2000.0
21413,6200.0
21414,1600.0
21415,2600.0
21416,3000.0
21417,1900.0
21418,4000.0
21419,1100.0
21420,4000.0
21421,1800.0
21422,1700.0
21423,1600.0
21424,4400.0
21425,2000.0
21426,3300.0
21427,4100.0
21428,2600.0
21429,3900.0
21430,3300.0
21431,2200.0
21432,2300.0
21433,1900.0
21434,2200.0
21435,1400.0
21436,4000.0
21437,4400.0
21438,2800.0
21439,2000.0
21440,2900.0
21441,4700.0
21442,2400.0
21443,1900.0
21444,4000.0
21445,2200.0
21446,5500.0
21447,2500.0
21448,4000.0
21449,3000.0
21450,4200.0
21451,2400.0
21452,1200.0
21453,2900.0
21454,3300.0
21455,3600.0
21456,4700.0
21457,4600.0
21458,2700.0
21459,2500.0
21460,4500.0
21461,3200.0
21462,1000.0
21463,2400.0
21464,3400.0
21465,3700.0
21466,2400.0
21467,3300.0
21468,4100.0
21469,4700.0
21470,5700.0
21471,1700.0
21472,3700.0
21473,3000.0
21474,2200.0
21475,3200.0
21476,2800.0
21477,2000.0
21478,3200.0
21479,3900.0
21480,4600.0
21481,4600.0
21482,2800.0
21483,2900.0
21484,2300.0
21485,2500.0
21486,3400.0
21487,3200.0
21488,2100.0
21489,3000.0
21490,2200.0
21491,3800.0
21492,1800.0
21493,2900.0
21494,2100.0
21495,4500.0
21496,1700.0
21497,4400.0
21498,3500.0
21499,3500.0
21500,1600.0
21501,4800.0
21502,2800.0
21503,2400.0
21504,4900.0
21505,4500.0
21506,3900.0
21507,2800.0
21508,5700.0
21509,2400.0
21510,2500.0
21511,2000.0
21512,3200.0
21513,3100.0
21514,4600.0
21515,3700.0
21516,4300.0
21517,3300.0
21518,2400.0
21519,3700.0
21520,2800.0
21521,2800.0
21522,5600.0
21523,2600.0
21524,3000.0
21525,5300.0
21526,3300.0
21527,2700.0
21528,2900.0
21529,2500.0
21530,2600.0
21531,2900.0
21532,2800.0
21533,2900.0
21534,1900.0
21535,3300.0
21536,4900.0
21537,3400.0
21538,1100.0
21539,3800.0
21540,3800.0
21541,4900.0
21542,1700.0
21543,3300.0
21544,3200.0
21545,3300.0
21546,3300.0
21547,3200.0
21548,2300.0
21549,4400.0
21550,2100.0
21551,3800.0
21552,4900.0
21553,4100.0
21554,3700.0
21555,1200.0
21556,2900.0
21557,2500.0
21558,5500.0
21559,3200.0
21560,2800.0
21561,1600.0
21562,3000.0
21563,2000.0
21564,3400.0
21565,1900.0
21566,1600.0
21567,5100.0
21568,2100.0
21569,4300.0
21570,3400.0
21571,4800.0
21572,2300.0
21573,2200.0
21574,4000.0
21575,3000.0
21576,3300.0
21577,3500.0
21578,3400.0
21579,2100.0
21580,1700.0
21581,1700.0
21582,2000.0
21583,1300.0
21584,1700.0
21585,3400.0
21586,2900.0
21587,3400.0
21588,3800.0
21589,2000.0
21590,3800.0
21591,2500.0
21592,4700.0
21593,3400.0
21594,2600.0
21595,2700.0
21596,2700.0
21597,4400.0
21598,3100.0
21599,3700.0
21600,2000.0
21601,2900.0
21602,2900.0
21603,3500.0
21604,2000.0
21605,4200.0
21606,3900.0
21607,2400.0
21608,1600.0
21609,5500.0
21610,4000.0
21611,1600.0
21612,4300.0
21613,2700.0
21614,7600.0
21615,3400.0
21616,3300.0
21617,1800.0
21618,2300.0
21619,2500.0
21620,2000.0
21621,2600.0
21622,2800.0
21623,4100.0
21624,2700.0
21625,3200.0
21626,4900.0
21627,2000.0
21628,2100.0
21629,3500.0
21630,3700.0
21631,4300.0
21632,2600.0
21633,2400.0
21634,2700.0
21635,3700.0
21636,3600.0
21637,4100.0
21638,3200.0
21639,4000.0
21640,2000.0
21641,4400.0
21642,5000.0
21643,2200.0
21644,2700.0
21645,3700.0
21646,2200.0
21647,1700.0
21648,2400.0
21649,3300.0
21650,1700.0
21651,1600.0
21652,2600.0
21653,2900.0
21654,3100.0
21655,1300.0
21656,3100.0
21657,3000.0
21658,2400.0
21659,4700.0
21660,2500.0
21661,3400.0
21662,2300.0
21663,3800.0
21664,4400.0
21665,2400.0
21666,3600.0
21667,4600.0
21668,3000.0
21669,2500.0
21670,4800.0
21671,4300.0
21672,2500.0
21673,3300.0
21674,4500.0
21675,3100.0
21676,3900.0
21677,2700.0
21678,2500.0
21679,2800.0
21680,4300.0
21681,2200.0
21682,3600.0
21683,4100.0
21684,1600.0
21685,2200.0
21686,6200.0
21687,5200.0
21688,3700.0
21689,2400.0
21690,3100.0
21691,1700.0
21692,4600.0
21693,3400.0
21694,3500.0
21695,3600.0
21696,3400.0
21697,5400.0
21698,4500.0
21699,3000.0
21700,3300.0
21701,4200.0
21702,2200.0
21703,5400.0
21704,4200.0
21705,5200.0
21706,3800.0
21707,3100.0
21708,3600.0
21709,5800.0
21710,2100.0
21711,2700.0
21712,3000.0
21713,4200.0
21714,2200.0
21715,3900.0
21716,4200.0
21717,4300.0
21718,1900.0
21719,2800.0
21720,4000.0
21721,3100.0
21722,2800.0
21723,1800.0
21724,1600.0
21725,5100.0
21726,2000.0
21727,3200.0
21728,4400.0
21729,4000.0
21730,3100.0
21731,6000.0
21732,4600.0
21733,1600.0
21734,4500.0
21735,2000.0
21736,2600.0
21737,3200.0
21738,2900.0
21739,1800.0
21740,1900.0
21741,3600.0
21742,2800.0
21743,4100.0
21744,4300.0
21745,2800.0
21746,3600.0
21747,1400.0
21748,2600.0
21749,2500.0
21750,1700.0
21751,2200.0
21752,3200.0
21753,2300.0
21754,900.0
21755,1900.0
21756,5200.0
21757,4400.0
21758,3400.0
21759,2300.0
21760,1800.0
21761,6100.0
21762,3200.0
21763,5300.0
21764,2400.0
21765,3900.0
21766,3400.0
21767,6000.0
21768,3300.0
21769,2700.0
21770,1600.0
21771,4200.0
21772,1800.0
21773,3200.0
21774,3700.0
21775,2300.0
21776,1900.0
21777,4500.0
21778,5400.0
21779,4500.0
21780,3000.0
21781,2600.0
21782,4100.0
21783,3500.0
21784,4300.0
21785,4200.0
21786,3200.0
21787,1100.0
21788,2100.0
21789,1000.0
21790,2200.0
21791,1200.0
21792,4200.0
21793,4000.0
21794,2200.0
21795,5000.0
21796,3000.0
21797,3100.0
21798,3100.0
21799,4700.0
21800,3800.0
21801,3800.0
21802,1200.0
21803,2300.0
21804,3100.0
21805,3400.0
21806,3000.0
21807,2400.0
21808,2500.0
21809,2000.0
21810,3000.0
21811,1500.0
21812,1700.0
21813,4900.0
21814,3100.0
21815,3200.0
21816,2000.0
21817,2600.0
21818,2800.0
21819,2800.0
21820,4500.0
21821,2100.0
21822,5100.0
21823,2100.0
21824,2400.0
21825,2200.0
21826,4100.0
21827,2400.0
21828,3000.0
21829,5000.0
21830,3300.0
21831,2900.0
21832,4100.0
21833,4800.0
21834,1600.0
21835,3700.0
21836,5200.0
21837,3200.0
21838,5000.0
21839,4400.0
21840,2000.0
21841,1600.0
21842,2100.0
21843,1800.0
21844,2400.0
21845,2100.0
21846,4200.0
21847,1400.0
21848,2300.0
21849,6200.0
21850,3600.0
21851,3400.0
21852,3600.0
21853,2300.0
21854,2400.0
21855,2000.0
21856,2200.0
21857,4400.0
21858,2500.0
21859,3900.0
21860,5100.0
21861,3600.0
21862,500.0
21863,2800.0
21864,2500.0
21865,3900.0
21866,3000.0
21867,2700.0
21868,4800.0
21869,3000.0
21870,2500.0
21871,4600.0
21872,2100.0
21873,3100.0
21874,2700.0
21875,4400.0
21876,3500.0
21877,2400.0
21878,1900.0
21879,1000.0
21880,4800.0
21881,4400.0
21882,2000.0
21883,2400.0
21884,800.0
21885,4200.0
21886,4200.0
21887,2600.0
21888,5200.0
21889,3800.0
21890,2800.0
21891,4100.0
21892,2800.0
21893,3600.0
21894,4100.0
21895,2400.0
21896,2400.0
21897,3900.0
21898,4400.0
21899,3500.0
21900,4200.0
21901,3900.0
21902,4800.0
21903,5600.0
21904,3600.0
21905,2800.0
21906,4200.0
21907,2900.0
21908,2400.0
21909,3100.0
21910,5200.0
21911,4800.0
21912,1600.0
21913,4400.0
21914,1400.0
21915,3100.0
21916,1600.0
21917,3300.0
21918,1400.0
21919,3700.0
21920,1600.0
21921,3700.0
21922,3800.0
21923,2800.0
21924,3500.0
21925,2800.0
21926,4800.0
21927,3500.0
21928,2900.0
21929,3400.0
21930,1000.0
21931,3600.0
21932,3400.0
21933,1900.0
21934,1500.0
21935,2400.0
21936,3700.0
21937,3700.0
21938,3800.0
21939,4100.0
21940,3500.0
21941,2500.0
21942,2500.0
21943,4700.0
21944,4000.0
21945,4500.0
21946,5000.0
21947,4200.0
21948,4000.0
21949,5600.0
21950,2300.0
21951,2800.0
21952,1700.0
21953,3000.0
21954,2000.0
21955,3500.0
21956,1700.0
21957,1200.0
21958,2800.0
21959,2500.0
21960,1400.0
21961,3000.0
21962,4800.0
21963,2600.0
21964,2400.0
21965,2500.0
21966,1800.0
21967,2800.0
21968,1500.0
21969,1900.0
21970,4800.0
21971,2900.0
21972,2400.0
21973,2200.0
21974,4000.0
21975,2600.0
21976,1700.0
21977,2400.0
21978,3500.0
21979,3000.0
21980,2200.0
21981,1700.0
21982,2400.0
21983,4600.0
21984,3500.0
21985,3900.0
21986,3000.0
21987,3900.0
21988,1400.0
21989,3700.0
21990,4600.0
21991,4100.0
21992,3600.0
21993,3200.0
21994,2700.0
21995,4100.0
21996,2600.0
21997,3200.0
21998,900.0
21999,2000.0
22000,3100.0
22001,4300.0
22002,4400.0
22003,1800.0
22004,1600.0
22005,2600.0
22006,2400.0
22007,1500.0
22008,3000.0
22009,4100.0
22010,2700.0
22011,2500.0
22012,2800.0
22013,2900.0
22014,3300.0
22015,1500.0
22016,2900.0
22017,1800.0
22018,1800.0
22019,2300.0
22020,4400.0
22021,3000.0
22022,3400.0
22023,2700.0
22024,1800.0
22025,2700.0
22026,2200.0
22027,4800.0
22028,2200.0
22029,2800.0
22030,2600.0
22031,3100.0
22032,4400.0
22033,3700.0
22034,3700.0
22035,3400.0
22036,3000.0
22037,3000.0
22038,5800.0
22039,1400.0
22040,2000.0
22041,4600.0
22042,2200.0
22043,1800.0
22044,3600.0
22045,2100.0
22046,4700.0
22047,4000.0
22048,4800.0
22049,3000.0
22050,2500.0
22051,5300.0
22052,2600.0
22053,4200.0
22054,2700.0
22055,1300.0
22056,2200.0
22057,4300.0
22058,2800.0
22059,4100.0
22060,2900.0
22061,5100.0
22062,4000.0
22063,5300.0
22064,2400.0
22065,1600.0
22066,5000.0
22067,3600.0
22068,2300.0
22069,3400.0
22070,1100.0
22071,4200.0
22072,5200.0
22073,3800.0
22074,2700.0
22075,2700.0
22076,3300.0
22077,4900.0
22078,1700.0
22079,1700.0
22080,2300.0
22081,4200.0
22082,2700.0
22083,3000.0
22084,1500.0
22085,3400.0
22086,1800.0
22087,5000.0
22088,1700.0
22089,1400.0
22090,4000.0
22091,4800.0
22092,1700.0
22093,4900.0
22094,1500.0
22095,3300.0
22096,2000.0
22097,3900.0
22098,800.0
22099,1800.0
22100,2200.0
22101,3200.0
22102,2600.0
22103,1800.0
22104,2700.0
22105,3600.0
22106,2300.0
22107,2400.0
22108,1200.0
22109,1800.0
22110,4400.0
22111,2600.0
22112,1900.0
22113,2300.0
22114,2600.0
22115,3000.0
22116,2700.0
22117,3400.0
22118,2400.0
22119,4300.0
22120,2400.0
22121,4800.0
22122,2900.0
22123,2900.0
22124,2000.0
22125,2600.0
22126,3100.0
22127,2700.0
22128,5100.0
22129,2300.0
22130,2100.0
22131,3400.0
22132,3600.0
22133,3300.0
22134,4000.0
22135,2100.0
22136,2800.0
22137,1900.0
22138,1800.0
22139,3900.0
22140,2700.0
22141,6000.0
22142,3200.0
22143,4600.0
22144,1600.0
22145,3400.0
22146,6600.0
22147,4200.0
22148,4700.0
22149,3500.0
22150,6600.0
22151,2100.0
22152,3700.0
22153,3500.0
22154,2400.0
22155,3000.0
22156,3700.0
22157,1700.0
22158,4200.0
22159,4200.0
22160,1900.0
22161,2400.0
22162,3900.0
22163,3800.0
22164,3700.0
22165,2200.0
22166,4900.0
22167,2900.0
22168,2800.0
22169,3000.0
22170,2200.0
22171,3900.0
22172,2500.0
22173,2800.0
22174,2300.0
22175,4500.0
22176,4500.0
22177,4000.0
22178,1800.0
22179,2600.0
22180,3700.0
22181,3900.0
22182,1900.0
22183,2100.0
22184,3600.0
22185,4500.0
22186,4900.0
22187,2600.0
22188,3700.0
22189,1900.0
22190,2200.0
22191,2200.0
22192,3300.0
22193,2200.0
22194,2700.0
22195,2300.0
22196,2700.0
22197,3200.0
22198,4100.0
22199,3000.0
22200,3800.0
22201,2600.0
22202,4000.0
22203,2100.0
22204,3400.0
22205,3100.0
22206,3800.0
22207,3900.0
22208,5600.0
22209,3400.0
22210,2400.0
22211,4000.0
22212,2500.0
22213,2800.0
22214,6000.0
22215,2000.0
22216,1900.0
22217,5700.0
22218,4600.0
22219,4300.0
22220,3600.0
22221,2400.0
22222,1400.0
22223,4000.0
22224,3700.0
22225,3500.0
22226,1700.0
22227,3700.0
22228,2900.0
22229,2200.0
22230,2400.0
22231,4400.0
22232,2000.0
22233,2900.0
22234,2500.0
22235,2300.0
22236,2500.0
22237,2200.0
22238,2400.0
22239,3100.0
22240,5200.0
22241,3000.0
22242,3400.0
22243,3800.0
22244,2200.0
22245,3100.0
22246,3400.0
22247,4000.0
22248,2600.0
22249,5600.0
22250,5400.0
22251,2500.0
22252,5100.0
22253,3700.0
22254,4400.0
22255,3000.0
22256,3100.0
22257,4300.0
22258,1900.0
22259,900.0
22260,2000.0
22261,1700.0
22262,1700.0
22263,2000.0
22264,4200.0
22265,4400.0
22266,2100.0
22267,3200.0
22268,2300.0
22269,2400.0
22270,3400.0
22271,3300.0
22272,4100.0
22273,1900.0
22274,3000.0
22275,2700.0
22276,2500.0
22277,2600.0
22278,5100.0
22279,3000.0
22280,2500.0
22281,3100.0
22282,2600.0
22283,3200.0
22284,4300.0
22285,3100.0
22286,2500.0
22287,4800.0
22288,4500.0
22289,1600.0
22290,3900.0
22291,3700.0
22292,4100.0
22293,5100.0
22294,3500.0
22295,2400.0
22296,2300.0
22297,2700.0
22298,3200.0
22299,2600.0
22300,2400.0
22301,2400.0
22302,5300.0
22303,2900.0
22304,2100.0
22305,4800.0
22306,2700.0
22307,2700.0
22308,1900.0
22309,3500.0
22310,1800.0
22311,4100.0
22312,2000.0
22313,1800.0
22314,1300.0
22315,2000.0
22316,3800.0
22317,3400.0
22318,1800.0
22319,3000.0
22320,2400.0
22321,3800.0
22322,3800.0
22323,2700.0
22324,3300.0
22325,3700.0
22326,2700.0
22327,4000.0
22328,3200.0
22329,1700.0
22330,1800.0
22331,4000.0
22332,4400.0
22333,2700.0
22334,2400.0
22335,7100.0
22336,3900.0
22337,2700.0
22338,5100.0
22339,4200.0
22340,1800.0
22341,4300.0
22342,2400.0
22343,4200.0
22344,4500.0
22345,2000.0
22346,3000.0
22347,3500.0
22348,3000.0
22349,3300.0
22350,1700.0
22351,4800.0
22352,5200.0
22353,3200.0
22354,2000.0
22355,2400.0
22356,2000.0
22357,1800.0
22358,2900.0
22359,2600.0
22360,5000.0
22361,1400.0
22362,3100.0
22363,1800.0
22364,5600.0
22365,3100.0
22366,3300.0
22367,3300.0
22368,2600.0
22369,3300.0
22370,4000.0
22371,1400.0
22372,2600.0
22373,3000.0
22374,3900.0
22375,5100.0
22376,4600.0
22377,3900.0
22378,3600.0
22379,3900.0
22380,1400.0
22381,3300.0
22382,700.0
22383,3000.0
22384,4400.0
22385,2400.0
22386,3200.0
22387,3300.0
22388,2900.0
22389,4100.0
22390,2900.0
22391,1400.0
22392,1900.0
22393,5800.0
22394,4100.0
22395,4600.0
22396,3600.0
22397,3200.0
22398,2400.0
22399,3000.0
22400,4200.0
22401,3600.0
22402,1800.0
22403,2600.0
22404,4500.0
22405,2300.0
22406,1800.0
22407,1500.0
22408,1700.0
22409,2600.0
22410,4000.0
22411,2400.0
22412,3200.0
22413,4200.0
22414,2700.0
22415,4100.0
22416,4700.0
22417,2500.0
22418,3100.0
22419,1600.0
22420,6100.0
22421,4400.0
22422,2500.0
22423,4300.0
22424,4800.0
22425,4400.0
22426,1200.0
22427,2900.0
22428,4000.0
22429,1900.0
22430,4500.0
22431,5300.0
22432,2700.0
22433,2300.0
22434,1700.0
22435,3300.0
22436,3400.0
22437,5400.0
22438,1100.0
22439,2600.0
22440,5300.0
22441,4400.0
22442,2500.0
22443,3900.0
22444,3800.0
22445,2200.0
22446,2300.0
22447,4300.0
22448,2200.0
22449,5100.0
22450,1400.0
22451,4100.0
22452,2900.0
22453,1700.0
22454,4600.0
22455,4200.0
22456,1700.0
22457,2500.0
22458,1800.0
22459,4200.0
22460,4400.0
22461,3400.0
22462,2200.0
22463,2300.0
22464,2700.0
22465,5100.0
22466,4000.0
22467,4200.0
22468,4500.0
22469,4000.0
22470,1800.0
22471,2600.0
22472,2700.0
22473,2900.0
22474,2700.0
22475,3200.0
22476,1800.0
22477,2100.0
22478,5500.0
22479,2100.0
22480,5400.0
22481,1900.0
22482,4100.0
22483,2300.0
22484,3000.0
22485,3000.0
22486,2600.0
22487,4200.0
22488,3200.0
22489,3800.0
22490,2500.0
22491,2400.0
22492,4400.0
22493,3200.0
22494,4100.0
22495,4000.0
22496,3800.0
22497,4500.0
22498,2600.0
22499,3100.0
22500,3100.0
22501,2700.0
22502,2400.0
22503,5600.0
22504,5600.0
22505,3300.0
22506,2800.0
22507,5500.0
22508,3600.0
22509,3800.0
22510,3300.0
22511,2700.0
22512,3500.0
22513,2400.0
22514,2900.0
22515,3000.0
22516,1800.0
22517,3900.0
22518,2100.0
22519,2500.0
22520,3000.0
22521,3900.0
22522,2600.0
22523,2500.0
22524,3600.0
22525,1800.0
22526,1800.0
22527,2700.0
22528,4400.0
22529,2900.0
22530,1600.0
22531,2000.0
22532,4000.0
22533,2800.0
22534,2600.0
22535,3400.0
22536,1800.0
22537,5000.0
22538,2000.0
22539,1500.0
22540,4000.0
22541,2700.0
22542,2700.0
22543,2900.0
22544,3600.0
22545,2800.0
22546,3900.0
22547,2500.0
22548,2800.0
22549,2200.0
22550,3800.0
22551,2900.0
22552,2900.0
22553,2900.0
22554,2400.0
22555,4100.0
22556,3900.0
22557,3500.0
22558,3600.0
22559,2900.0
22560,1100.0
22561,1800.0
22562,3500.0
22563,3200.0
22564,3900.0
22565,900.0
22566,2800.0
22567,3200.0
22568,2800.0
22569,4600.0
22570,4300.0
22571,4200.0
22572,1800.0
22573,3300.0
22574,2000.0
22575,2400.0
22576,2400.0
22577,5200.0
22578,3600.0
22579,2300.0
22580,5800.0
22581,2700.0
22582,1100.0
22583,1200.0
22584,4000.0
22585,4800.0
22586,2200.0
22587,4500.0
22588,3300.0
22589,3900.0
22590,3900.0
22591,2400.0
22592,1300.0
22593,3500.0
22594,3700.0
22595,3000.0
22596,1500.0
22597,1600.0
22598,4100.0
22599,3500.0
22600,4500.0
22601,3500.0
22602,3200.0
22603,5000.0
22604,2600.0
22605,3800.0
22606,1700.0
22607,3900.0
22608,3000.0
22609,1300.0
22610,2600.0
22611,3300.0
22612,3700.0
22613,2200.0
22614,3300.0
22615,4300.0
22616,3000.0
22617,3700.0
22618,3800.0
22619,4600.0
22620,3600.0
22621,3400.0
22622,900.0
22623,3300.0
22624,2000.0
22625,2600.0
22626,4400.0
22627,2500.0
22628,3200.0
22629,4000.0
22630,2500.0
22631,2700.0
22632,2200.0
22633,3700.0
22634,2000.0
22635,4300.0
22636,3700.0
22637,1800.0
22638,1700.0
22639,2600.0
22640,3700.0
22641,3100.0
22642,4100.0
22643,3600.0
22644,4600.0
22645,3300.0
22646,3500.0
22647,2000.0
22648,3900.0
22649,4600.0
22650,1400.0
22651,5800.0
22652,1600.0
22653,2300.0
22654,3300.0
22655,2300.0
22656,3600.0
22657,1900.0
22658,4600.0
22659,2700.0
22660,4500.0
22661,3300.0
22662,4300.0
22663,4000.0
22664,4200.0
22665,2100.0
22666,2700.0
22667,2200.0
22668,3700.0
22669,1500.0
22670,1700.0
22671,2600.0
22672,1500.0
22673,3500.0
22674,5100.0
22675,3800.0
22676,4000.0
22677,5700.0
22678,5100.0
22679,5100.0
22680,3200.0
22681,2200.0
22682,5900.0
22683,2800.0
22684,2800.0
22685,3000.0
22686,4700.0
22687,2800.0
22688,1700.0
22689,1800.0
22690,6400.0
22691,3700.0
22692,2200.0
22693,5900.0
22694,1600.0
22695,4200.0
22696,1800.0
22697,3800.0
22698,1700.0
22699,4500.0
22700,2100.0
22701,1800.0
22702,2600.0
22703,4500.0
22704,3200.0
22705,2300.0
22706,3200.0
22707,2000.0
22708,3700.0
22709,2400.0
22710,2600.0
22711,2000.0
22712,1400.0
22713,4300.0
22714,2200.0
22715,1600.0
22716,3500.0
22717,2900.0
22718,2000.0
22719,1500.0
22720,1900.0
22721,1700.0
22722,2300.0
22723,1500.0
22724,1500.0
22725,1900.0
22726,3000.0
22727,4900.0
22728,3000.0
22729,3700.0
22730,2900.0
22731,2800.0
22732,3900.0
22733,3600.0
22734,4600.0
22735,2800.0
22736,2400.0
22737,3800.0
22738,2000.0
22739,3100.0
22740,1900.0
22741,3400.0
22742,4300.0
22743,3100.0
22744,3200.0
22745,3100.0
22746,4100.0
22747,900.0
22748,5100.0
22749,2600.0
22750,1900.0
22751,5100.0
22752,4300.0
22753,1500.0
22754,1900.0
22755,2100.0
22756,1400.0
22757,3200.0
22758,2500.0
22759,3400.0
22760,4000.0
22761,2900.0
22762,4000.0
22763,2200.0
22764,1700.0
22765,4700.0
22766,2100.0
22767,2800.0
22768,2400.0
22769,3300.0
22770,4300.0
22771,1800.0
22772,1600.0
22773,3400.0
22774,1700.0
22775,2900.0
22776,5000.0
22777,5400.0
22778,2800.0
22779,2300.0
22780,3700.0
22781,1600.0
22782,2400.0
22783,3700.0
22784,1900.0
22785,5500.0
22786,1800.0
22787,3200.0
22788,1600.0
22789,4300.0
22790,4300.0
22791,2700.0
22792,2200.0
22793,3400.0
22794,3300.0
22795,2800.0
22796,4400.0
22797,1600.0
22798,3400.0
22799,1500.0
22800,4400.0
22801,3900.0
22802,3300.0
22803,3600.0
22804,4500.0
22805,2700.0
22806,3800.0
22807,3700.0
22808,2700.0
22809,2500.0
22810,4600.0
22811,4100.0
22812,1900.0
22813,4900.0
22814,4600.0
22815,3300.0
22816,2600.0
22817,2700.0
22818,3900.0
22819,5400.0
22820,2300.0
22821,2000.0
22822,3400.0
22823,4400.0
22824,3600.0
22825,1500.0
22826,2400.0
22827,1900.0
22828,1900.0
22829,3600.0
22830,4200.0
22831,1800.0
22832,1800.0
22833,2000.0
22834,2900.0
22835,7300.0
22836,1700.0
22837,4000.0
22838,4400.0
22839,2400.0
22840,3400.0
22841,4500.0
22842,1600.0
22843,3400.0
22844,2100.0
22845,1000.0
22846,4100.0
22847,3000.0
22848,1800.0
22849,4900.0
22850,3100.0
22851,2100.0
22852,4500.0
22853,4000.0
22854,2200.0
22855,3000.0
22856,3400.0
22857,2200.0
22858,1600.0
22859,5300.0
22860,6300.0
22861,4100.0
22862,3900.0
22863,5000.0
22864,4100.0
22865,5500.0
22866,1700.0
22867,3900.0
22868,2400.0
22869,3600.0
22870,2800.0
22871,2600.0
22872,4000.0
22873,2400.0
22874,2100.0
22875,2000.0
22876,4300.0
22877,5300.0
22878,1500.0
22879,4400.0
22880,3900.0
22881,2300.0
22882,1300.0
22883,2600.0
22884,5800.0
22885,3700.0
22886,4200.0
22887,2000.0
22888,2500.0
22889,3400.0
22890,2400.0
22891,3100.0
22892,4300.0
22893,3500.0
22894,3900.0
22895,1600.0
22896,3000.0
22897,3800.0
22898,4200.0
22899,3100.0
22900,3200.0
22901,2700.0
22902,2900.0
22903,2300.0
22904,6100.0
22905,4200.0
22906,5700.0
22907,4200.0
22908,2200.0
22909,4300.0
22910,2100.0
22911,3500.0
22912,1900.0
22913,1800.0
22914,2300.0
22915,5600.0
22916,2000.0
22917,1600.0
22918,1500.0
22919,2100.0
22920,3700.0
22921,2500.0
22922,2800.0
22923,4100.0
22924,2100.0
22925,4600.0
22926,2300.0
22927,2500.0
22928,2200.0
22929,4500.0
22930,2000.0
22931,2300.0
22932,2400.0
22933,2300.0
22934,1500.0
22935,3600.0
22936,2000.0
22937,3100.0
22938,2500.0
22939,3300.0
22940,3200.0
22941,2800.0
22942,1700.0
22943,4700.0
22944,2100.0
22945,2900.0
22946,3700.0
22947,3400.0
22948,2000.0
22949,3600.0
22950,3800.0
22951,2500.0
22952,3800.0
22953,5500.0
22954,1700.0
22955,2600.0
22956,4000.0
22957,4200.0
22958,2900.0
22959,4200.0
22960,5400.0
22961,2300.0
22962,4000.0
22963,1800.0
22964,4600.0
22965,1800.0
22966,2100.0
22967,2700.0
22968,4000.0
22969,4000.0
22970,2500.0
22971,4100.0
22972,2300.0
22973,5200.0
22974,3000.0
22975,2700.0
22976,1200.0
22977,2800.0
22978,4900.0
22979,3900.0
22980,3500.0
22981,1600.0
22982,3600.0
22983,3200.0
22984,3000.0
22985,2000.0
22986,4100.0
22987,4000.0
22988,2700.0
22989,1900.0
22990,3000.0
22991,4300.0
22992,4600.0
22993,2100.0
22994,4200.0
22995,1600.0
22996,3700.0
22997,3300.0
22998,1700.0
22999,3200.0
23000,3900.0
23001,4200.0
23002,3700.0
23003,3600.0
23004,1600.0
23005,4800.0
23006,3900.0
23007,3900.0
23008,4800.0
23009,3100.0
23010,1900.0
23011,2700.0
23012,2800.0
23013,2900.0
23014,4200.0
23015,5000.0
23016,900.0
23017,2000.0
23018,3500.0
23019,4600.0
23020,2800.0
23021,3800.0
23022,3800.0
23023,3200.0
23024,3100.0
23025,2300.0
23026,4300.0
23027,1900.0
23028,2500.0
23029,4100.0
23030,4300.0
23031,4600.0
23032,2800.0
23033,1900.0
23034,3100.0
23035,5300.0
23036,4100.0
23037,3200.0
23038,3800.0
23039,3300.0
23040,2300.0
23041,1500.0
23042,4000.0
23043,4700.0
23044,5300.0
23045,1900.0
23046,2800.0
23047,2700.0
23048,3500.0
23049,3900.0
23050,1500.0
23051,2000.0
23052,3600.0
23053,2200.0
23054,3000.0
23055,3200.0
23056,1900.0
23057,600.0
23058,2300.0
23059,3700.0
23060,5100.0
23061,2300.0
23062,2400.0
23063,2700.0
23064,1400.0
23065,4900.0
23066,3800.0
23067,2600.0
23068,1800.0
23069,3800.0
23070,2000.0
23071,6000.0
23072,1900.0
23073,3400.0
23074,3100.0
23075,2000.0
23076,1600.0
23077,1700.0
23078,1300.0
23079,2000.0
23080,1700.0
23081,1900.0
23082,700.0
23083,4000.0
23084,3400.0
23085,3600.0
23086,1700.0
23087,2300.0
23088,2900.0
23089,4000.0
23090,2400.0
23091,3800.0
23092,600.0
23093,3500.0
23094,4000.0
23095,3700.0
23096,3900.0
23097,5600.0
23098,2000.0
23099,2800.0
23100,2900.0
23101,2300.0
23102,3000.0
23103,3600.0
23104,2500.0
23105,3300.0
23106,2500.0
23107,2600.0
23108,2600.0
23109,5200.0
23110,1500.0
23111,3000.0
23112,6900.0
23113,3400.0
23114,3000.0
23115,1400.0
23116,3400.0
23117,3900.0
23118,4000.0
23119,4400.0
23120,2400.0
23121,5500.0
23122,3900.0
23123,2500.0
23124,1300.0
23125,1600.0
23126,3100.0
23127,3700.0
23128,1900.0
23129,3500.0
23130,5100.0
23131,1700.0
23132,2800.0
23133,4400.0
23134,1700.0
23135,2800.0
23136,2600.0
23137,2100.0
23138,2300.0
23139,3800.0
23140,4900.0
23141,5400.0
23142,1800.0
23143,4900.0
23144,3200.0
23145,2900.0
23146,3500.0
23147,3200.0
23148,1900.0
23149,3800.0
23150,2700.0
23151,3100.0
23152,3200.0
23153,1700.0
23154,1700.0
23155,2900.0
23156,3700.0
23157,2500.0
23158,3000.0
23159,3800.0
23160,2200.0
23161,2000.0
23162,2300.0
23163,3400.0
23164,3800.0
23165,2600.0
23166,4200.0
23167,1500.0
23168,3500.0
23169,3900.0
23170,2700.0
23171,1300.0
23172,4800.0
23173,3300.0
23174,4100.0
23175,1700.0
23176,1400.0
23177,3000.0
23178,5600.0
23179,3400.0
23180,3900.0
23181,2200.0
23182,3700.0
23183,1900.0
23184,1800.0
23185,4500.0
23186,6900.0
23187,2500.0
23188,2300.0
23189,1800.0
23190,2800.0
23191,3000.0
23192,2300.0
23193,2600.0
23194,2300.0
23195,3000.0
23196,1400.0
23197,4300.0
23198,4000.0
23199,3300.0
23200,1800.0
23201,1600.0
23202,3300.0
23203,2800.0
23204,3600.0
23205,2400.0
23206,3100.0
23207,4400.0
23208,2400.0
23209,3800.0
23210,3800.0
23211,2600.0
23212,3200.0
23213,3000.0
23214,3600.0
23215,3100.0
23216,5100.0
23217,1900.0
23218,3100.0
23219,1900.0
23220,2700.0
23221,3000.0
23222,1900.0
23223,5000.0
23224,2800.0
23225,2700.0
23226,4200.0
23227,4100.0
23228,4100.0
23229,1300.0
23230,1600.0
23231,4700.0
23232,5000.0
23233,2100.0
23234,3300.0
23235,1600.0
23236,1600.0
23237,4300.0
23238,4400.0
23239,3700.0
23240,2100.0
23241,2700.0
23242,5000.0
23243,3000.0
23244,2900.0
23245,3200.0
23246,3800.0
23247,3000.0
23248,4700.0
23249,2600.0
23250,3600.0
23251,2100.0
23252,3900.0
23253,1400.0
23254,2600.0
23255,4200.0
23256,3200.0
23257,5500.0
23258,4800.0
23259,4400.0
23260,2400.0
23261,2700.0
23262,2500.0
23263,3100.0
23264,3300.0
23265,5100.0
23266,2100.0
23267,2700.0
23268,4000.0
23269,3600.0
23270,2800.0
23271,3100.0
23272,2400.0
23273,2500.0
23274,2700.0
23275,2700.0
23276,4100.0
23277,2800.0
23278,3900.0
23279,2400.0
23280,2700.0
23281,2800.0
23282,2600.0
23283,3000.0
23284,2500.0
23285,5000.0
23286,2600.0
23287,2900.0
23288,2200.0
23289,4400.0
23290,2100.0
23291,6100.0
23292,2200.0
23293,2400.0
23294,1600.0
23295,1600.0
23296,2200.0
23297,2000.0
23298,2200.0
23299,4600.0
23300,6100.0
23301,4200.0
23302,3100.0
23303,2700.0
23304,2600.0
23305,4900.0
23306,2700.0
23307,3100.0
23308,1900.0
23309,3800.0
23310,2200.0
23311,2600.0
23312,3900.0
23313,4500.0
23314,4100.0
23315,4000.0
23316,2500.0
23317,2500.0
23318,2000.0
23319,3900.0
23320,4000.0
23321,2500.0
23322,2300.0
23323,5000.0
23324,2300.0
23325,1900.0
23326,3400.0
23327,2900.0
23328,5700.0
23329,5400.0
23330,4000.0
23331,1600.0
23332,2900.0
23333,3000.0
23334,3300.0
23335,3400.0
23336,2300.0
23337,2500.0
23338,4500.0
23339,3000.0
23340,2300.0
23341,3700.0
23342,4000.0
23343,4000.0
23344,4100.0
23345,3800.0
23346,4300.0
23347,3300.0
23348,2200.0
23349,3800.0
23350,3600.0
23351,1600.0
23352,5100.0
23353,3300.0
23354,800.0
23355,5800.0
23356,4800.0
23357,3300.0
23358,3400.0
23359,2800.0
23360,4100.0
23361,1900.0
23362,2000.0
23363,1400.0
23364,3800.0
23365,4100.0
23366,4300.0
23367,2000.0
23368,4700.0
23369,4100.0
23370,4700.0
23371,3100.0
23372,4900.0
23373,4000.0
23374,4700.0
23375,3800.0
23376,2600.0
23377,2200.0
23378,3300.0
23379,1900.0
23380,3800.0
23381,3400.0
23382,4000.0
23383,3800.0
23384,3600.0
23385,2100.0
23386,1600.0
23387,3400.0
23388,4000.0
23389,1900.0
23390,3100.0
23391,3800.0
23392,2000.0
23393,2700.0
23394,1500.0
23395,3700.0
23396,2600.0
23397,3200.0
23398,3400.0
23399,2000.0
23400,3000.0
23401,4100.0
23402,1300.0
23403,3800.0
23404,4200.0
23405,3500.0
23406,3400.0
23407,2900.0
23408,4700.0
23409,3200.0
23410,5600.0
23411,4100.0
23412,4900.0
23413,2300.0
23414,3700.0
23415,4000.0
23416,1800.0
23417,2400.0
23418,3400.0
23419,5900.0
23420,4000.0
23421,3800.0
23422,2500.0
23423,3100.0
23424,2000.0
23425,3900.0
23426,2900.0
23427,3900.0
23428,4700.0
23429,3100.0
23430,3100.0
23431,3200.0
23432,2400.0
23433,1400.0
23434,4400.0
23435,3500.0
23436,2700.0
23437,3300.0
23438,2400.0
23439,4500.0
23440,4300.0
23441,2600.0
23442,3800.0
23443,2000.0
23444,2800.0
23445,4200.0
23446,2400.0
23447,4300.0
23448,5800.0
23449,2500.0
23450,1800.0
23451,1300.0
23452,1600.0
23453,3500.0
23454,1900.0
23455,4700.0
23456,2200.0
23457,4000.0
23458,3200.0
23459,2500.0
23460,3500.0
23461,3900.0
23462,4800.0
23463,4400.0
23464,3200.0
23465,2400.0
23466,3800.0
23467,1000.0
23468,2100.0
23469,4000.0
23470,6400.0
23471,7500.0
23472,1200.0
23473,1800.0
23474,2200.0
23475,1800.0
23476,4400.0
23477,3300.0
23478,1400.0
23479,2500.0
23480,2500.0
23481,2500.0
23482,4400.0
23483,3800.0
23484,2500.0
23485,3100.0
23486,5100.0
23487,2700.0
23488,2600.0
23489,2300.0
23490,2500.0
23491,1700.0
23492,4900.0
23493,4200.0
23494,3000.0
23495,2300.0
23496,4400.0
23497,4200.0
23498,2700.0
23499,3500.0
23500,4500.0
23501,2600.0
23502,4500.0
23503,3400.0
23504,4000.0
23505,2800.0
23506,3800.0
23507,2500.0
23508,2400.0
23509,2600.0
23510,3700.0
23511,2100.0
23512,2700.0
23513,3600.0
23514,1700.0
23515,1700.0
23516,2900.0
23517,2700.0
23518,2100.0
23519,2600.0
23520,2800.0
23521,3400.0
23522,2300.0
23523,2400.0
23524,3900.0
23525,6300.0
23526,2000.0
23527,3900.0
23528,2000.0
23529,3800.0
23530,2700.0
23531,3600.0
23532,1800.0
23533,5000.0
23534,4100.0
23535,2600.0
23536,2100.0
23537,4700.0
23538,1900.0
23539,3100.0
23540,3400.0
23541,1800.0
23542,4400.0
23543,3100.0
23544,3600.0
23545,2800.0
23546,4800.0
23547,2300.0
23548,3400.0
23549,2800.0
23550,1900.0
23551,2200.0
23552,1500.0
23553,3300.0
23554,1900.0
23555,6200.0
23556,1900.0
23557,2500.0
23558,2500.0
23559,1700.0
23560,5100.0
23561,2300.0
23562,4000.0
23563,4400.0
23564,3200.0
23565,1500.0
23566,1700.0
23567,1400.0
23568,3100.0
23569,1800.0
23570,3500.0
23571,4000.0
23572,2500.0
23573,2800.0
23574,700.0
23575,3000.0
23576,6900.0
23577,1600.0
23578,4900.0
23579,2000.0
23580,4400.0
23581,3200.0
23582,3800.0
23583,2000.0
23584,1700.0
23585,4000.0
23586,2100.0
23587,1600.0
23588,5200.0
23589,4200.0
23590,4300.0
23591,4500.0
23592,2000.0
23593,3800.0
23594,2600.0
23595,3400.0
23596,2200.0
23597,3300.0
23598,3700.0
23599,4300.0
23600,2300.0
23601,4200.0
23602,4800.0
23603,3100.0
23604,2300.0
23605,4200.0
23606,2000.0
23607,4900.0
23608,3700.0
23609,4400.0
23610,3000.0
23611,1500.0
23612,1800.0
23613,3100.0
23614,2200.0
23615,5300.0
23616,2200.0
23617,2600.0
23618,2800.0
23619,2800.0
23620,3400.0
23621,1800.0
23622,4500.0
23623,4000.0
23624,4000.0
23625,6000.0
23626,2700.0
23627,4200.0
23628,2900.0
23629,3100.0
23630,4600.0
23631,5000.0
23632,1800.0
23633,2200.0
23634,2700.0
23635,1200.0
23636,2900.0
23637,1700.0
23638,2800.0
23639,3000.0
23640,3700.0
23641,6000.0
23642,2000.0
23643,4200.0
23644,2100.0
23645,2200.0
23646,1800.0
23647,3400.0
23648,3600.0
23649,4300.0
23650,2200.0
23651,4100.0
23652,2600.0
23653,2800.0
23654,2700.0
23655,2200.0
23656,2000.0
23657,5100.0
23658,2100.0
23659,1800.0
23660,3800.0
23661,4000.0
23662,3200.0
23663,4100.0
23664,2900.0
23665,1400.0
23666,1700.0
23667,1600.0
23668,2200.0
23669,3900.0
23670,3500.0
23671,800.0
23672,4400.0
23673,4200.0
23674,3100.0
23675,2900.0
23676,3100.0
23677,4300.0
23678,1400.0
23679,3700.0
23680,2900.0
23681,1600.0
23682,4700.0
23683,4000.0
23684,1900.0
23685,4000.0
23686,2800.0
23687,3600.0
23688,4600.0
23689,3400.0
23690,2800.0
23691,3500.0
23692,3000.0
23693,3600.0
23694,2900.0
23695,3100.0
23696,4700.0
23697,1500.0
23698,2500.0
23699,1900.0
23700,4600.0
23701,2200.0
23702,5500.0
23703,3800.0
23704,3900.0
23705,1900.0
23706,5100.0
23707,4700.0
23708,2500.0
23709,4500.0
23710,600.0
23711,4400.0
23712,4000.0
23713,1600.0
23714,2900.0
23715,5800.0
23716,3500.0
23717,5600.0
23718,2200.0
23719,4400.0
23720,2400.0
23721,1900.0
23722,1500.0
23723,2900.0
23724,2400.0
23725,1700.0
23726,3000.0
23727,2200.0
23728,3100.0
23729,2700.0
23730,4100.0
23731,3300.0
23732,4000.0
23733,4400.0
23734,2900.0
23735,3200.0
23736,1800.0
23737,1800.0
23738,2300.0
23739,3400.0
23740,3700.0
23741,4300.0
23742,3600.0
23743,2800.0
23744,3000.0
23745,1500.0
23746,2100.0
23747,4900.0
23748,4400.0
23749,2900.0
23750,3600.0
23751,1200.0
23752,4400.0
23753,3800.0
23754,2400.0
23755,3100.0
23756,700.0
23757,4500.0
23758,3000.0
23759,2800.0
23760,2200.0
23761,2200.0
23762,3600.0
23763,3000.0
23764,3200.0
23765,2600.0
23766,3700.0
23767,1200.0
23768,3100.0
23769,3600.0
23770,2900.0
23771,3500.0
23772,1900.0
23773,4400.0
23774,1900.0
23775,3800.0
23776,4000.0
23777,2600.0
23778,2700.0
23779,3800.0
23780,1700.0
23781,1300.0
23782,2000.0
23783,5100.0
23784,4000.0
23785,3600.0
23786,3000.0
23787,1900.0
23788,2200.0
23789,3900.0
23790,1600.0
23791,1400.0
23792,2500.0
23793,2100.0
23794,2700.0
23795,2300.0
23796,4400.0
23797,1800.0
23798,2800.0
23799,3600.0
23800,1300.0
23801,1700.0
23802,4100.0
23803,3600.0
23804,3600.0
23805,3300.0
23806,3600.0
23807,2700.0
23808,3000.0
23809,2500.0
23810,3300.0
23811,2600.0
23812,4400.0
23813,3700.0
23814,3100.0
23815,2900.0
23816,4100.0
23817,3400.0
23818,3800.0
23819,4100.0
23820,1200.0
23821,1900.0
23822,1700.0
23823,3500.0
23824,1900.0
23825,3300.0
23826,5300.0
23827,1700.0
23828,2000.0
23829,5100.0
23830,3100.0
23831,1800.0
23832,1500.0
23833,2800.0
23834,2700.0
23835,3200.0
23836,4200.0
23837,4200.0
23838,1700.0
23839,4900.0
23840,5600.0
23841,1800.0
23842,1900.0
23843,3600.0
23844,4800.0
23845,4200.0
23846,3400.0
23847,1900.0
23848,2400.0
23849,1300.0
23850,5000.0
23851,3400.0
23852,3200.0
23853,4500.0
23854,2700.0
23855,1900.0
23856,4000.0
23857,2500.0
23858,4700.0
23859,3200.0
23860,3800.0
23861,4200.0
23862,2000.0
23863,3900.0
23864,2700.0
23865,1300.0
23866,2500.0
23867,5900.0
23868,2000.0
23869,2400.0
23870,4300.0
23871,1800.0
23872,2000.0
23873,3200.0
23874,3000.0
23875,2300.0
23876,4900.0
23877,4500.0
23878,2600.0
23879,2000.0
23880,5200.0
23881,2600.0
23882,2800.0
23883,3900.0
23884,4800.0
23885,5400.0
23886,3400.0
23887,3300.0
23888,3000.0
23889,2600.0
23890,4700.0
23891,4600.0
23892,1900.0
23893,3200.0
23894,3100.0
23895,1000.0
23896,2200.0
23897,1300.0
23898,4100.0
23899,2200.0
23900,1900.0
23901,4200.0
23902,3300.0
23903,2400.0
23904,1900.0
23905,1800.0
23906,2900.0
23907,3400.0
23908,2400.0
23909,2800.0
23910,2700.0
23911,3100.0
23912,1600.0
23913,4300.0
23914,2800.0
23915,2500.0
23916,4400.0
23917,1200.0
23918,3000.0
23919,1400.0
23920,5200.0
23921,3900.0
23922,3600.0
23923,2000.0
23924,3800.0
23925,4000.0
23926,2400.0
23927,4000.0
23928,2100.0
23929,2700.0
23930,2700.0
23931,4300.0
23932,3600.0
23933,3300.0
23934,2400.0
23935,2500.0
23936,2200.0
23937,3200.0
23938,2900.0
23939,3300.0
23940,5000.0
23941,3000.0
23942,1600.0
23943,2100.0
23944,2900.0
23945,3100.0
23946,2000.0
23947,3300.0
23948,1000.0
23949,2100.0
23950,3700.0
23951,3800.0
23952,3700.0
23953,3500.0
23954,3300.0
23955,1400.0
23956,1900.0
23957,2800.0
23958,2600.0
23959,1700.0
23960,3400.0
23961,3800.0
23962,4200.0
23963,3500.0
23964,2200.0
23965,2900.0
23966,2300.0
23967,3200.0
23968,3700.0
23969,3500.0
23970,3000.0
23971,2900.0
23972,3700.0
23973,1500.0
23974,3500.0
23975,2900.0
23976,5100.0
23977,4500.0
23978,3200.0
23979,3300.0
23980,3700.0
23981,2100.0
23982,2700.0
23983,2800.0
23984,5000.0
23985,3400.0
23986,3700.0
23987,2700.0
23988,4500.0
23989,1900.0
23990,4900.0
23991,2700.0
23992,4700.0
23993,2300.0
23994,2400.0
23995,3900.0
23996,2600.0
23997,1800.0
23998,4400.0
23999,3500.0
24000,4500.0
24001,2400.0
24002,3600.0
24003,2300.0
24004,4100.0
24005,1600.0
24006,2200.0
24007,1800.0
24008,3200.0
24009,2000.0
24010,2500.0
24011,4800.0
24012,3600.0
24013,2000.0
24014,1200.0
24015,4800.0
24016,2100.0
24017,1800.0
24018,2500.0
24019,3000.0
24020,4200.0
24021,2700.0
24022,5100.0
24023,3300.0
24024,2400.0
24025,4600.0
24026,3800.0
24027,1600.0
24028,3700.0
24029,3400.0
24030,3000.0
24031,2800.0
24032,1000.0
24033,5500.0
24034,3600.0
24035,3700.0
24036,2900.0
24037,2800.0
24038,3000.0
24039,3400.0
24040,2700.0
24041,3700.0
24042,3500.0
24043,4100.0
24044,1600.0
24045,2800.0
24046,3200.0
24047,3400.0
24048,2700.0
24049,3600.0
24050,2700.0
24051,4600.0
24052,2700.0
24053,5700.0
24054,3200.0
24055,2400.0
24056,2100.0
24057,2800.0
24058,2300.0
24059,5700.0
24060,2400.0
24061,4200.0
24062,2600.0
24063,3300.0
24064,2400.0
24065,4700.0
24066,4500.0
24067,4400.0
24068,1900.0
24069,2900.0
24070,3200.0
24071,1800.0
24072,3400.0
24073,1200.0
24074,2200.0
24075,3600.0
24076,2800.0
24077,4300.0
24078,3000.0
24079,3400.0
24080,2700.0
24081,5000.0
24082,4500.0
24083,4400.0
24084,5300.0
24085,4500.0
24086,4900.0
24087,2300.0
24088,3000.0
24089,5100.0
24090,1900.0
24091,2600.0
24092,3800.0
24093,2600.0
24094,1900.0
24095,4100.0
24096,2000.0
24097,2500.0
24098,3800.0
24099,3600.0
24100,2000.0
24101,3100.0
24102,1800.0
24103,2700.0
24104,2400.0
24105,3400.0
24106,1800.0
24107,3100.0
24108,2100.0
24109,3500.0
24110,3200.0
24111,3300.0
24112,3100.0
24113,3500.0
24114,2800.0
24115,4400.0
24116,3100.0
24117,4000.0
24118,2000.0
24119,1700.0
24120,3200.0
24121,4100.0
24122,3600.0
24123,4100.0
24124,1800.0
24125,2800.0
24126,3000.0
24127,2300.0
24128,3200.0
24129,2200.0
24130,2000.0
24131,2500.0
24132,3300.0
24133,4100.0
24134,2700.0
24135,2400.0
24136,1500.0
24137,2300.0
24138,2300.0
24139,1600.0
24140,3100.0
24141,2300.0
24142,2200.0
24143,1700.0
24144,4300.0
24145,2000.0
24146,3300.0
24147,1700.0
24148,5100.0
24149,1500.0
24150,5300.0
24151,4400.0
24152,1900.0
24153,3600.0
24154,2100.0
24155,2600.0
24156,2000.0
24157,2700.0
24158,3300.0
24159,2200.0
24160,4500.0
24161,5200.0
24162,3600.0
24163,5300.0
24164,3000.0
24165,1800.0
24166,4700.0
24167,3200.0
24168,4400.0
24169,3500.0
24170,4900.0
24171,1600.0
24172,2600.0
24173,3000.0
24174,1400.0
24175,3600.0
24176,3200.0
24177,4100.0
24178,4500.0
24179,3300.0
24180,1900.0
24181,2100.0
24182,3100.0
24183,4200.0
24184,2000.0
24185,2000.0
24186,2300.0
24187,4500.0
24188,4200.0
24189,4000.0
24190,2900.0
24191,3000.0
24192,3800.0
24193,5800.0
24194,2900.0
24195,4300.0
24196,3800.0
24197,2600.0
24198,7900.0
24199,3900.0
24200,3300.0
24201,3900.0
24202,3200.0
24203,5100.0
24204,3900.0
24205,1900.0
24206,2700.0
24207,3300.0
24208,1700.0
24209,2900.0
24210,1400.0
24211,2800.0
24212,5400.0
24213,1800.0
24214,4600.0
24215,1200.0
24216,3700.0
24217,3400.0
24218,3700.0
24219,5300.0
24220,2900.0
24221,1200.0
24222,2300.0
24223,2500.0
24224,2000.0
24225,4100.0
24226,2700.0
24227,2400.0
24228,3100.0
24229,4000.0
24230,1300.0
24231,2700.0
24232,4500.0
24233,3600.0
24234,4200.0
24235,3200.0
24236,3000.0
24237,1600.0
24238,2400.0
24239,2500.0
24240,1800.0
24241,2000.0
24242,2800.0
24243,5200.0
24244,4100.0
24245,3900.0
24246,4900.0
24247,4000.0
24248,3000.0
24249,4000.0
24250,3000.0
24251,4200.0
24252,3700.0
24253,1800.0
24254,3200.0
24255,1200.0
24256,3000.0
24257,2700.0
24258,2400.0
24259,3000.0
24260,2300.0
24261,3400.0
24262,1900.0
24263,2500.0
24264,1500.0
24265,4400.0
24266,2600.0
24267,2900.0
24268,2000.0
24269,2700.0
24270,1600.0
24271,2000.0
24272,4500.0
24273,2800.0
24274,3200.0
24275,2600.0
24276,1900.0
24277,5800.0
24278,3300.0
24279,3800.0
24280,3200.0
24281,3700.0
24282,2900.0
24283,1900.0
24284,3100.0
24285,1900.0
24286,3400.0
24287,3000.0
24288,4900.0
24289,2200.0
24290,4300.0
24291,2100.0
24292,2300.0
24293,3600.0
24294,2300.0
24295,4200.0
24296,1600.0
24297,4600.0
24298,3300.0
24299,4700.0
24300,4100.0
24301,1700.0
24302,1600.0
24303,1900.0
24304,2300.0
24305,1700.0
24306,2600.0
24307,2700.0
24308,2000.0
24309,4600.0
24310,3900.0
24311,2700.0
24312,4200.0
24313,4400.0
24314,1400.0
24315,4400.0
24316,3800.0
24317,2400.0
24318,2900.0
24319,4800.0
24320,4600.0
24321,2300.0
24322,4600.0
24323,2400.0
24324,2500.0
24325,3700.0
24326,2000.0
24327,1600.0
24328,5000.0
24329,3300.0
24330,3600.0
24331,3500.0
24332,2600.0
24333,3500.0
24334,2500.0
24335,2800.0
24336,3300.0
24337,1600.0
24338,3400.0
24339,3600.0
24340,2700.0
24341,1200.0
24342,2000.0
24343,1700.0
24344,3000.0
24345,2100.0
24346,4200.0
24347,2600.0
24348,2900.0
24349,3900.0
24350,3100.0
24351,3700.0
24352,2200.0
24353,3900.0
24354,2800.0
24355,1200.0
24356,2900.0
24357,1700.0
24358,1600.0
24359,2200.0
24360,3400.0
24361,3600.0
24362,3800.0
24363,3600.0
24364,4000.0
24365,3800.0
24366,2000.0
24367,4400.0
24368,2300.0
24369,3600.0
24370,2500.0
24371,2500.0
24372,4300.0
24373,4100.0
24374,2000.0
24375,3400.0
24376,6600.0
24377,2100.0
24378,4300.0
24379,2300.0
24380,3000.0
24381,2500.0
24382,3000.0
24383,3700.0
24384,2500.0
24385,3300.0
24386,2100.0
24387,4100.0
24388,1500.0
24389,1100.0
24390,3900.0
24391,3600.0
24392,4700.0
24393,2300.0
24394,1200.0
24395,1700.0
24396,3800.0
24397,2100.0
24398,4400.0
24399,3000.0
24400,3300.0
24401,2600.0
24402,1700.0
24403,2800.0
24404,2000.0
24405,1700.0
24406,2000.0
24407,6200.0
24408,2000.0
24409,2900.0
24410,2700.0
24411,3000.0
24412,5400.0
24413,1400.0
24414,3400.0
24415,1400.0
24416,2700.0
24417,3600.0
24418,6000.0
24419,2400.0
24420,3700.0
24421,2800.0
24422,2700.0
24423,3300.0
24424,4700.0
24425,4000.0
24426,3300.0
24427,3100.0
24428,2500.0
24429,5000.0
24430,4000.0
24431,5900.0
24432,4300.0
24433,5400.0
24434,2000.0
24435,1900.0
24436,4600.0
24437,2900.0
24438,1600.0
24439,5800.0
24440,1900.0
24441,3900.0
24442,1000.0
24443,2000.0
24444,3600.0
24445,3500.0
24446,1400.0
24447,1200.0
24448,2500.0
24449,2000.0
24450,5500.0
24451,3300.0
24452,1800.0
24453,1900.0
24454,4500.0
24455,1600.0
24456,4100.0
24457,3200.0
24458,4800.0
24459,2600.0
24460,4100.0
24461,4300.0
24462,3300.0
24463,3400.0
24464,3900.0
24465,2700.0
24466,1300.0
24467,3700.0
24468,3200.0
24469,3600.0
24470,2400.0
24471,4200.0
24472,5000.0
24473,4200.0
24474,3000.0
24475,2700.0
24476,4100.0
24477,2000.0
24478,4300.0
24479,3700.0
24480,3400.0
24481,3400.0
24482,4800.0
24483,4700.0
24484,5200.0
24485,3000.0
24486,1800.0
24487,3300.0
24488,4900.0
24489,4900.0
24490,3400.0
24491,2100.0
24492,2900.0
24493,3700.0
24494,2000.0
24495,4500.0
24496,3900.0
24497,3200.0
24498,3100.0
24499,3500.0
24500,3300.0
24501,4600.0
24502,2900.0
24503,4600.0
24504,2800.0
24505,2000.0
24506,4800.0
24507,4900.0
24508,3100.0
24509,3300.0
24510,4400.0
24511,2900.0
24512,2000.0
24513,600.0
24514,4400.0
24515,2100.0
24516,1700.0
24517,800.0
24518,3300.0
24519,2300.0
24520,2800.0
24521,3300.0
24522,3600.0
24523,2400.0
24524,2500.0
24525,4100.0
24526,5600.0
24527,2000.0
24528,4000.0
24529,2600.0
24530,3600.0
24531,2100.0
24532,4400.0
24533,4100.0
24534,1800.0
24535,4200.0
24536,1900.0
24537,3000.0
24538,2900.0
24539,3400.0
24540,3200.0
24541,2000.0
24542,1900.0
24543,3800.0
24544,1600.0
24545,3300.0
24546,2900.0
24547,2800.0
24548,4600.0
24549,1600.0
24550,1300.0
24551,4400.0
24552,2300.0
24553,2000.0
24554,3000.0
24555,2900.0
24556,3200.0
24557,3000.0
24558,2400.0
24559,5700.0
24560,1400.0
24561,3100.0
24562,1800.0
24563,4600.0
24564,2500.0
24565,3200.0
24566,1900.0
24567,2500.0
24568,3300.0
24569,4600.0
24570,2700.0
24571,1900.0
24572,2100.0
24573,2400.0
24574,3300.0
24575,1400.0
24576,1900.0
24577,3900.0
24578,2000.0
24579,3500.0
24580,3000.0
24581,4100.0
24582,3500.0
24583,1900.0
24584,2100.0
24585,1500.0
24586,4600.0
24587,2900.0
24588,2200.0
24589,2900.0
24590,2000.0
24591,3500.0
24592,3800.0
24593,5200.0
24594,3200.0
24595,1600.0
24596,3000.0
24597,3900.0
24598,4900.0
24599,3500.0
24600,3300.0
24601,4900.0
24602,4800.0
24603,4500.0
24604,1800.0
24605,2300.0
24606,2900.0
24607,3000.0
24608,2300.0
24609,2500.0
24610,2800.0
24611,3700.0
24612,1700.0
24613,3100.0
24614,2500.0
24615,4200.0
24616,4500.0
24617,3200.0
24618,3700.0
24619,2300.0
24620,1900.0
24621,2300.0
24622,1600.0
24623,1400.0
24624,2100.0
24625,4300.0
24626,2600.0
24627,1700.0
24628,4000.0
24629,3200.0
24630,3800.0
24631,3900.0
24632,3900.0
24633,2000.0
24634,2700.0
24635,1700.0
24636,4700.0
24637,1500.0
24638,4000.0
24639,2300.0
24640,3300.0
24641,2700.0
24642,5400.0
24643,4300.0
24644,700.0
24645,3200.0
24646,1700.0
24647,4700.0
24648,3000.0
24649,2600.0
24650,3400.0
24651,3000.0
24652,3700.0
24653,2300.0
24654,4400.0
24655,5800.0
24656,1600.0
24657,2200.0
24658,2600.0
24659,1700.0
24660,1600.0
24661,3000.0
24662,4400.0
24663,1800.0
24664,3300.0
24665,4500.0
24666,1900.0
24667,3400.0
24668,3800.0
24669,5100.0
24670,3500.0
24671,3100.0
24672,3800.0
24673,4500.0
24674,1600.0
24675,2600.0
24676,4300.0
24677,2800.0
24678,1400.0
24679,4200.0
24680,4000.0
24681,5100.0
24682,2100.0
24683,1400.0
24684,2800.0
24685,2200.0
24686,3100.0
24687,4300.0
24688,1500.0
24689,1400.0
24690,4700.0
24691,2700.0
24692,3600.0
24693,4900.0
24694,3100.0
24695,2300.0
24696,2100.0
24697,5200.0
24698,3600.0
24699,1900.0
24700,3500.0
24701,2400.0
24702,2800.0
24703,2500.0
24704,4800.0
24705,2700.0
24706,3000.0
24707,2400.0
24708,3700.0
24709,5500.0
24710,3200.0
24711,3700.0
24712,2000.0
24713,3600.0
24714,2900.0
24715,2600.0
24716,2200.0
24717,3900.0
24718,5000.0
24719,4600.0
24720,4300.0
24721,2000.0
24722,1800.0
24723,1000.0
24724,1500.0
24725,1900.0
24726,1900.0
24727,1900.0
24728,4100.0
24729,2700.0
24730,3400.0
24731,3200.0
24732,2600.0
24733,7300.0
24734,2300.0
24735,2700.0
24736,2700.0
24737,3700.0
24738,1700.0
24739,5700.0
24740,1900.0
24741,3600.0
24742,1300.0
24743,2000.0
24744,3700.0
24745,2800.0
24746,3300.0
24747,4300.0
24748,5000.0
24749,1800.0
24750,4200.0
24751,7200.0
24752,2100.0
24753,4500.0
24754,4400.0
24755,2000.0
24756,1500.0
24757,2200.0
24758,3100.0
24759,1800.0
24760,4400.0
24761,4700.0
24762,5200.0
24763,1800.0
24764,1500.0
24765,5800.0
24766,3200.0
24767,3100.0
24768,2100.0
24769,4400.0
24770,4700.0
24771,1700.0
24772,2100.0
24773,3300.0
24774,1400.0
24775,4100.0
24776,3800.0
24777,1800.0
24778,2400.0
24779,2800.0
24780,2900.0
24781,2600.0
24782,2200.0
24783,1300.0
24784,3400.0
24785,3900.0
24786,2800.0
24787,4000.0
24788,1600.0
24789,2100.0
24790,3700.0
24791,2100.0
24792,2200.0
24793,2400.0
24794,4900.0
24795,5900.0
24796,3600.0
24797,2000.0
24798,4200.0
24799,4600.0
24800,3500.0
24801,2700.0
24802,2600.0
24803,2800.0
24804,4500.0
24805,4000.0
24806,1900.0
24807,2700.0
24808,5000.0
24809,2100.0
24810,3300.0
24811,3900.0
24812,3200.0
24813,2900.0
24814,3700.0
24815,3500.0
24816,3000.0
24817,4300.0
24818,2200.0
24819,2600.0
24820,3300.0
24821,5300.0
24822,2600.0
24823,4900.0
24824,2900.0
24825,4200.0
24826,5900.0
24827,1100.0
24828,4400.0
24829,3500.0
24830,3400.0
24831,3000.0
24832,3200.0
24833,4100.0
24834,3200.0
24835,4600.0
24836,3600.0
24837,4100.0
24838,3800.0
24839,2500.0
24840,2200.0
24841,3200.0
24842,2100.0
24843,2300.0
24844,4900.0
24845,3100.0
24846,2600.0
24847,2000.0
24848,2000.0
24849,2700.0
24850,2400.0
24851,3400.0
24852,4000.0
24853,3800.0
24854,5800.0
24855,1700.0
24856,4000.0
24857,2500.0
24858,3500.0
24859,4100.0
24860,5400.0
24861,2700.0
24862,4900.0
24863,2200.0
24864,4300.0
24865,2600.0
24866,4000.0
24867,5000.0
24868,3300.0
24869,3200.0
24870,3200.0
24871,2600.0
24872,4300.0
24873,3100.0
24874,3100.0
24875,2000.0
24876,2000.0
24877,2800.0
24878,3100.0
24879,1900.0
24880,4600.0
24881,1800.0
24882,1900.0
24883,3800.0
24884,4600.0
24885,1700.0
24886,4100.0
24887,2000.0
24888,2600.0
24889,3900.0
24890,1800.0
24891,2500.0
24892,3900.0
24893,1400.0
24894,3000.0
24895,3200.0
24896,2000.0
24897,1800.0
24898,4700.0
24899,3700.0
24900,7200.0
24901,2400.0
24902,1800.0
24903,4200.0
24904,3900.0
24905,1800.0
24906,2200.0
24907,2500.0
24908,4300.0
24909,5900.0
24910,5600.0
24911,3100.0
24912,2400.0
24913,1600.0
24914,4200.0
24915,3800.0
24916,3000.0
24917,2200.0
24918,2000.0
24919,1500.0
24920,4000.0
24921,4100.0
24922,5000.0
24923,3900.0
24924,2300.0
24925,3800.0
24926,3700.0
24927,4900.0
24928,3700.0
24929,2000.0
24930,3400.0
24931,2000.0
24932,1700.0
24933,2200.0
24934,4000.0
24935,5000.0
24936,3200.0
24937,4500.0
24938,2600.0
24939,2900.0
24940,4100.0
24941,3600.0
24942,4000.0
24943,4500.0
24944,1900.0
24945,2700.0
24946,1600.0
24947,3500.0
24948,2700.0
24949,4300.0
24950,2000.0
24951,1800.0
24952,1800.0
24953,2200.0
24954,1800.0
24955,2000.0
24956,3600.0
24957,4900.0
24958,2400.0
24959,2000.0
24960,1900.0
24961,3400.0
24962,2700.0
24963,3200.0
24964,4500.0
24965,2700.0
24966,3000.0
24967,3400.0
24968,800.0
24969,3600.0
24970,2200.0
24971,2100.0
24972,1700.0
24973,3600.0
24974,2400.0
24975,4800.0
24976,2500.0
24977,5100.0
24978,2200.0
24979,1900.0
24980,4700.0
24981,3500.0
24982,1700.0
24983,4000.0
24984,4700.0
24985,3200.0
24986,1800.0
24987,3300.0
24988,4500.0
24989,3000.0
24990,4400.0
24991,1600.0
24992,3100.0
24993,1600.0
24994,2400.0
24995,3500.0
24996,5300.0
24997,3000.0
24998,3200.0
24999,2700.0
25000,2400.0
25001,4600.0
25002,2600.0
25003,2700.0
25004,3100.0
25005,3800.0
25006,3300.0
25007,4000.0
25008,1700.0
25009,2700.0
25010,2200.0
25011,2500.0
25012,1700.0
25013,3100.0
25014,2300.0
25015,3600.0
25016,3100.0
25017,3700.0
25018,3200.0
25019,4900.0
25020,4200.0
25021,5100.0
25022,3300.0
25023,2500.0
25024,1600.0
25025,2900.0
25026,2300.0
25027,3600.0
25028,1900.0
25029,3100.0
25030,5200.0
25031,5400.0
25032,1800.0
25033,4200.0
25034,2400.0
25035,3600.0
25036,5000.0
25037,2700.0
25038,2800.0
25039,2000.0
25040,2500.0
25041,3600.0
25042,2400.0
25043,2900.0
25044,2600.0
25045,4000.0
25046,1400.0
25047,2500.0
25048,2400.0
25049,2100.0
25050,2400.0
25051,2000.0
25052,3400.0
25053,2300.0
25054,2900.0
25055,2400.0
25056,4900.0
25057,4400.0
25058,3100.0
25059,5400.0
25060,4200.0
25061,2000.0
25062,4700.0
25063,3400.0
25064,1700.0
25065,1800.0
25066,4000.0
25067,1400.0
25068,3600.0
25069,1900.0
25070,2300.0
25071,800.0
25072,1900.0
25073,3300.0
25074,3900.0
25075,4000.0
25076,4100.0
25077,2700.0
25078,2700.0
25079,4600.0
25080,2200.0
25081,1700.0
25082,1500.0
25083,3600.0
25084,3600.0
25085,1600.0
25086,4500.0
25087,2500.0
25088,5100.0
25089,3300.0
25090,2500.0
25091,2800.0
25092,3300.0
25093,5100.0
25094,3400.0
25095,2000.0
25096,2900.0
25097,3200.0
25098,2200.0
25099,3100.0
25100,2000.0
25101,4300.0
25102,5000.0
25103,4400.0
25104,3400.0
25105,2100.0
25106,4700.0
25107,2900.0
25108,3000.0
25109,2000.0
25110,1600.0
25111,4900.0
25112,2600.0
25113,4400.0
25114,4200.0
25115,1600.0
25116,1900.0
25117,5000.0
25118,3100.0
25119,4000.0
25120,2800.0
25121,6000.0
25122,3000.0
25123,3200.0
25124,1500.0
25125,4100.0
25126,3900.0
25127,4800.0
25128,2600.0
25129,3400.0
25130,1600.0
25131,1600.0
25132,2100.0
25133,4100.0
25134,4400.0
25135,1800.0
25136,4400.0
25137,5700.0
25138,3700.0
25139,3200.0
25140,3000.0
25141,1000.0
25142,6400.0
25143,4900.0
25144,1500.0
25145,2500.0
25146,2000.0
25147,5600.0
25148,1600.0
25149,2900.0
25150,4300.0
25151,4000.0
25152,1500.0
25153,3000.0
25154,4300.0
25155,1100.0
25156,1000.0
25157,4900.0
25158,3500.0
25159,2400.0
25160,1900.0
25161,2500.0
25162,1700.0
25163,5900.0
25164,2000.0
25165,3600.0
25166,2100.0
25167,4700.0
25168,3500.0
25169,4300.0
25170,1400.0
25171,2600.0
25172,1600.0
25173,4600.0
25174,4900.0
25175,2200.0
25176,4800.0
25177,2400.0
25178,2500.0
25179,2700.0
25180,7000.0
25181,2600.0
25182,2800.0
25183,5600.0
25184,1800.0
25185,3900.0
25186,2000.0
25187,3600.0
25188,2900.0
25189,2900.0
25190,1900.0
25191,5800.0
25192,4900.0
25193,3300.0
25194,2400.0
25195,2400.0
25196,3900.0
25197,3700.0
25198,1800.0
25199,5600.0
25200,2300.0
25201,3900.0
25202,2700.0
25203,2100.0
25204,1800.0
25205,1400.0
25206,3200.0
25207,3100.0
25208,3600.0
25209,2500.0
25210,2300.0
25211,2800.0
25212,2000.0
25213,2500.0
25214,2100.0
25215,1500.0
25216,3900.0
25217,1100.0
25218,3800.0
25219,3800.0
25220,3900.0
25221,3200.0
25222,2300.0
25223,1900.0
25224,3800.0
25225,1700.0
25226,3700.0
25227,3300.0
25228,3500.0
25229,2700.0
25230,2900.0
25231,2200.0
25232,2200.0
25233,2900.0
25234,2500.0
25235,2900.0
25236,4400.0
25237,3100.0
25238,5300.0
25239,1100.0
25240,3600.0
25241,4100.0
25242,2800.0
25243,1700.0
25244,1800.0
25245,2100.0
25246,4000.0
25247,5400.0
25248,3800.0
25249,800.0
25250,2500.0
25251,1500.0
25252,2300.0
25253,2700.0
25254,3000.0
25255,2100.0
25256,4200.0
25257,3200.0
25258,1700.0
25259,3300.0
25260,1700.0
25261,3400.0
25262,3100.0
25263,2600.0
25264,4500.0
25265,2400.0
25266,4100.0
25267,4300.0
25268,4100.0
25269,3700.0
25270,5200.0
25271,3400.0
25272,2200.0
25273,3800.0
25274,3800.0
25275,2200.0
25276,3900.0
25277,3600.0
25278,3800.0
25279,1800.0
25280,2800.0
25281,3900.0
25282,3700.0
25283,2300.0
25284,3700.0
25285,2000.0
25286,4200.0
25287,5600.0
25288,2200.0
25289,2300.0
25290,3200.0
25291,2700.0
25292,1900.0
25293,2000.0
25294,3800.0
25295,5300.0
25296,4600.0
25297,3100.0
25298,1700.0
25299,2100.0
25300,4300.0
25301,4900.0
25302,3800.0
25303,2300.0
25304,4700.0
25305,2500.0
25306,2400.0
25307,2200.0
25308,4900.0
25309,2100.0
25310,2700.0
25311,4100.0
25312,2100.0
25313,5800.0
25314,2900.0
25315,2700.0
25316,3300.0
25317,2100.0
25318,2000.0
25319,2900.0
25320,2300.0
25321,4600.0
25322,2400.0
25323,2600.0
25324,2400.0
25325,3400.0
25326,4800.0
25327,2600.0
25328,6400.0
25329,1700.0
25330,900.0
25331,3000.0
25332,1700.0
25333,3000.0
25334,2200.0
25335,1900.0
25336,3500.0
25337,4400.0
25338,3600.0
25339,4600.0
25340,4200.0
25341,4400.0
25342,3300.0
25343,1900.0
25344,5600.0
25345,3600.0
25346,2200.0
25347,3700.0
25348,2200.0
25349,2800.0
25350,2400.0
25351,3100.0
25352,4400.0
25353,4200.0
25354,2000.0
25355,1800.0
25356,4600.0
25357,1700.0
25358,2700.0
25359,1700.0
25360,3500.0
25361,6300.0
25362,2000.0
25363,4200.0
25364,5500.0
25365,1900.0
25366,2900.0
25367,3400.0
25368,2100.0
25369,4600.0
25370,3800.0
25371,800.0
25372,5000.0
25373,4600.0
25374,3300.0
25375,2800.0
25376,1400.0
25377,3700.0
25378,1900.0
25379,1800.0
25380,2400.0
25381,1800.0
25382,4500.0
25383,3500.0
25384,2700.0
25385,1700.0
25386,2200.0
25387,7000.0
25388,3600.0
25389,2200.0
25390,2100.0
25391,4500.0
25392,4200.0
25393,1600.0
25394,4700.0
25395,3600.0
25396,3600.0
25397,3600.0
25398,3000.0
25399,1800.0
25400,3700.0
25401,2100.0
25402,3900.0
25403,2300.0
25404,2900.0
25405,1600.0
25406,3000.0
25407,3400.0
25408,3800.0
25409,3100.0
25410,5100.0
25411,3100.0
25412,2800.0
25413,3100.0
25414,3200.0
25415,1600.0
25416,5000.0
25417,3600.0
25418,4200.0
25419,2000.0
25420,2200.0
25421,2300.0
25422,3300.0
25423,4300.0
25424,3800.0
25425,1600.0
25426,2800.0
25427,4200.0
25428,4600.0
25429,4300.0
25430,1800.0
25431,3800.0
25432,2300.0
25433,2000.0
25434,5600.0
25435,5000.0
25436,4900.0
25437,4000.0
25438,2600.0
25439,1400.0
25440,1300.0
25441,4100.0
25442,1300.0
25443,2500.0
25444,4200.0
25445,2500.0
25446,2200.0
25447,5100.0
25448,3600.0
25449,2600.0
25450,3300.0
25451,2400.0
25452,2000.0
25453,2900.0
25454,1700.0
25455,1500.0
25456,1700.0
25457,3200.0
25458,1500.0
25459,1800.0
25460,3200.0
25461,5300.0
25462,1600.0
25463,4000.0
25464,5000.0
25465,3700.0
25466,2300.0
25467,2800.0
25468,1500.0
25469,2600.0
25470,2800.0
25471,3300.0
25472,4000.0
25473,2500.0
25474,3500.0
25475,5900.0
25476,600.0
25477,2800.0
25478,3400.0
25479,4700.0
25480,4700.0
25481,2300.0
25482,3500.0
25483,2300.0
25484,2800.0
25485,3200.0
25486,3900.0
25487,2800.0
25488,4300.0
25489,5500.0
25490,2500.0
25491,3500.0
25492,2100.0
25493,2200.0
25494,3200.0
25495,2200.0
25496,2800.0
25497,3400.0
25498,4500.0
25499,2600.0
25500,2400.0
25501,4700.0
25502,4100.0
25503,2700.0
25504,2500.0
25505,3900.0
25506,1800.0
25507,3200.0
25508,3500.0
25509,5800.0
25510,3000.0
25511,1900.0
25512,3400.0
25513,4400.0
25514,1800.0
25515,5100.0
25516,1600.0
25517,4400.0
25518,3000.0
25519,3600.0
25520,2600.0
25521,5300.0
25522,4000.0
25523,3900.0
25524,1500.0
25525,3100.0
25526,2100.0
25527,2700.0
25528,4700.0
25529,3800.0
25530,2300.0
25531,5200.0
25532,3000.0
25533,3800.0
25534,1700.0
25535,3700.0
25536,2400.0
25537,4400.0
25538,3600.0
25539,2100.0
25540,1900.0
25541,4000.0
25542,2000.0
25543,2700.0
25544,4500.0
25545,2300.0
25546,4400.0
25547,2800.0
25548,2600.0
25549,2800.0
25550,2600.0
25551,1400.0
25552,3500.0
25553,2900.0
25554,3800.0
25555,2300.0
25556,2900.0
25557,2900.0
25558,3300.0
25559,3600.0
25560,3700.0
25561,4400.0
25562,2700.0
25563,2500.0
25564,3500.0
25565,3900.0
25566,5700.0
25567,2800.0
25568,5400.0
25569,3800.0
25570,4200.0
25571,5500.0
25572,1800.0
25573,3100.0
25574,2800.0
25575,2600.0
25576,2300.0
25577,3300.0
25578,4500.0
25579,3700.0
25580,3500.0
25581,2100.0
25582,3300.0
25583,6800.0
25584,2300.0
25585,3000.0
25586,3600.0
25587,3200.0
25588,4200.0
25589,2800.0
25590,1800.0
25591,1900.0
25592,3200.0
25593,3600.0
25594,2900.0
25595,1200.0
25596,4500.0
25597,1600.0
25598,2700.0
25599,3400.0
25600,1800.0
25601,3900.0
25602,3300.0
25603,4600.0
25604,1900.0
25605,4400.0
25606,3800.0
25607,5000.0
25608,3000.0
25609,4200.0
25610,2800.0
25611,3800.0
25612,4400.0
25613,1800.0
25614,3900.0
25615,4700.0
25616,4900.0
25617,3100.0
25618,2800.0
25619,2800.0
25620,4300.0
25621,3100.0
25622,1400.0
25623,2900.0
25624,1800.0
25625,4600.0
25626,2400.0
25627,2900.0
25628,3900.0
25629,5000.0
25630,1900.0
25631,4900.0
25632,2800.0
25633,4000.0
25634,3100.0
25635,3800.0
25636,4000.0
25637,4000.0
25638,2000.0
25639,2400.0
25640,2100.0
25641,3000.0
25642,4300.0
25643,3700.0
25644,3300.0
25645,2800.0
25646,1300.0
25647,4400.0
25648,4000.0
25649,2600.0
25650,4100.0
25651,4400.0
25652,2700.0
25653,3200.0
25654,2500.0
25655,4700.0
25656,4400.0
25657,2400.0
25658,2800.0
25659,2700.0
25660,6300.0
25661,4000.0
25662,4400.0
25663,2000.0
25664,2800.0
25665,2800.0
25666,4500.0
25667,4200.0
25668,2100.0
25669,3600.0
25670,2400.0
25671,1500.0
25672,2300.0
25673,1700.0
25674,3900.0
25675,4500.0
25676,4700.0
25677,1600.0
25678,2900.0
25679,1800.0
25680,900.0
25681,4000.0
25682,3200.0
25683,2200.0
25684,3700.0
25685,3200.0
25686,2300.0
25687,3500.0
25688,3900.0
25689,3300.0
25690,4600.0
25691,3300.0
25692,4200.0
25693,1400.0
25694,1900.0
25695,2800.0
25696,1500.0
25697,4600.0
25698,3200.0
25699,600.0
25700,2300.0
25701,2700.0
25702,2200.0
25703,2700.0
25704,3600.0
25705,3600.0
25706,1800.0
25707,4300.0
25708,3000.0
25709,3200.0
25710,1900.0
25711,4500.0
25712,2800.0
25713,4000.0
25714,2000.0
25715,4400.0
25716,1800.0
25717,2800.0
25718,2800.0
25719,4000.0
25720,2400.0
25721,2400.0
25722,3300.0
25723,2200.0
25724,2700.0
25725,2400.0
25726,3000.0
25727,2600.0
25728,2000.0
25729,3700.0
25730,3900.0
25731,3900.0
25732,1300.0
25733,1800.0
25734,3900.0
25735,3000.0
25736,2900.0
25737,1700.0
25738,3800.0
25739,2100.0
25740,2600.0
25741,2800.0
25742,2900.0
25743,2600.0
25744,2800.0
25745,1300.0
25746,4300.0
25747,3300.0
25748,4300.0
25749,2300.0
25750,2000.0
25751,3900.0
25752,4900.0
25753,3600.0
25754,3500.0
25755,3400.0
25756,5900.0
25757,3700.0
25758,1200.0
25759,2800.0
25760,3600.0
25761,1700.0
25762,1900.0
25763,3700.0
25764,2200.0
25765,3300.0
25766,2100.0
25767,4500.0
25768,2500.0
25769,3900.0
25770,2900.0
25771,2800.0
25772,4000.0
25773,4500.0
25774,2800.0
25775,2900.0
25776,2400.0
25777,3400.0
25778,4700.0
25779,3900.0
25780,4600.0
25781,2400.0
25782,3400.0
25783,3900.0
25784,3300.0
25785,2900.0
25786,3300.0
25787,2300.0
25788,3200.0
25789,2100.0
25790,2200.0
25791,4700.0
25792,3500.0
25793,4100.0
25794,1500.0
25795,2700.0
25796,1800.0
25797,4300.0
25798,4800.0
25799,3900.0
25800,1700.0
25801,3200.0
25802,3300.0
25803,2000.0
25804,4400.0
25805,2400.0
25806,4400.0
25807,2800.0
25808,3500.0
25809,3200.0
25810,2600.0
25811,1600.0
25812,2000.0
25813,3100.0
25814,5000.0
25815,2500.0
25816,3600.0
25817,4800.0
25818,3800.0
25819,2200.0
25820,5000.0
25821,3500.0
25822,3100.0
25823,2300.0
25824,1400.0
25825,3100.0
25826,3700.0
25827,3100.0
25828,4500.0
25829,1600.0
25830,2700.0
25831,3200.0
25832,3100.0
25833,3500.0
25834,3100.0
25835,3300.0
25836,3100.0
25837,1400.0
25838,4300.0
25839,3400.0
25840,2400.0
25841,1200.0
25842,3600.0
25843,4300.0
25844,2200.0
25845,2100.0
25846,2000.0
25847,4200.0
25848,3900.0
25849,2000.0
25850,5300.0
25851,4000.0
25852,2300.0
25853,1400.0
25854,4700.0
25855,4200.0
25856,1900.0
25857,2300.0
25858,5200.0
25859,4600.0
25860,2200.0
25861,2000.0
25862,3000.0
25863,2300.0
25864,2400.0
25865,4200.0
25866,3500.0
25867,2500.0
25868,4600.0
25869,2300.0
25870,3100.0
25871,1900.0
25872,1700.0
25873,4300.0
25874,4200.0
25875,2100.0
25876,2300.0
25877,3100.0
25878,1400.0
25879,4500.0
25880,4900.0
25881,2400.0
25882,2100.0
25883,5400.0
25884,2300.0
25885,2600.0
25886,2500.0
25887,4100.0
25888,5200.0
25889,2000.0
25890,3100.0
25891,2800.0
25892,5900.0
25893,3500.0
25894,2400.0
25895,5100.0
25896,3000.0
25897,3500.0
25898,1700.0
25899,5400.0
25900,4000.0
25901,2600.0
25902,3500.0
25903,5600.0
25904,3800.0
25905,2800.0
25906,1900.0
25907,4200.0
25908,3900.0
25909,1700.0
25910,2600.0
25911,4200.0
25912,4400.0
25913,2700.0
25914,1800.0
25915,2200.0
25916,2300.0
25917,2800.0
25918,3000.0
25919,5200.0
25920,4200.0
25921,2400.0
25922,1200.0
25923,3800.0
25924,2200.0
25925,2800.0
25926,3400.0
25927,3800.0
25928,2400.0
25929,3700.0
25930,5900.0
25931,4900.0
25932,2800.0
25933,2900.0
25934,3000.0
25935,2300.0
25936,1900.0
25937,4400.0
25938,2500.0
25939,5900.0
25940,4400.0
25941,1600.0
25942,3800.0
25943,2000.0
25944,4300.0
25945,3700.0
25946,3700.0
25947,5500.0
25948,3200.0
25949,2600.0
25950,1800.0
25951,1700.0
25952,3800.0
25953,3800.0
25954,2100.0
25955,3100.0
25956,3900.0
25957,1500.0
25958,2400.0
25959,4600.0
25960,3000.0
25961,4000.0
25962,2300.0
25963,3800.0
25964,4500.0
25965,2300.0
25966,2600.0
25967,1800.0
25968,2400.0
25969,4200.0
25970,3000.0
25971,2500.0
25972,1900.0
25973,2300.0
25974,1000.0
25975,3800.0
25976,2800.0
25977,2800.0
25978,5500.0
25979,3300.0
25980,2500.0
25981,1700.0
25982,2600.0
25983,2100.0
25984,3500.0
25985,2000.0
25986,2200.0
25987,3600.0
25988,3800.0
25989,2200.0
25990,4500.0
25991,3300.0
25992,3500.0
25993,1800.0
25994,2500.0
25995,4000.0
25996,3800.0
25997,3900.0
25998,6300.0
25999,4100.0
26000,4300.0
26001,2500.0
26002,2700.0
26003,4100.0
26004,3300.0
26005,4500.0
26006,4900.0
26007,3800.0
26008,2900.0
26009,3700.0
26010,5100.0
26011,3200.0
26012,3400.0
26013,2700.0
26014,3200.0
26015,2100.0
26016,2200.0
26017,2900.0
26018,2800.0
26019,3200.0
26020,5300.0
26021,2200.0
26022,3100.0
26023,4000.0
26024,3200.0
26025,2600.0
26026,3500.0
26027,4000.0
26028,3800.0
26029,2100.0
26030,2700.0
26031,5900.0
26032,4100.0
26033,3800.0
26034,4400.0
26035,1900.0
26036,2900.0
26037,4000.0
26038,5100.0
26039,3500.0
26040,3700.0
26041,2200.0
26042,2000.0
26043,2200.0
26044,2100.0
26045,3900.0
26046,4400.0
26047,2300.0
26048,2800.0
26049,3100.0
26050,4600.0
26051,2900.0
26052,3000.0
26053,2400.0
26054,4900.0
26055,5100.0
26056,2100.0
26057,2300.0
26058,1500.0
26059,2100.0
26060,2700.0
26061,4200.0
26062,3100.0
26063,2900.0
26064,4000.0
26065,3100.0
26066,3000.0
26067,2700.0
26068,3400.0
26069,3900.0
26070,4200.0
26071,2600.0
26072,5400.0
26073,3200.0
26074,4200.0
26075,3800.0
26076,4100.0
26077,3700.0
26078,5100.0
26079,1600.0
26080,1900.0
26081,5200.0
26082,4400.0
26083,3800.0
26084,2600.0
26085,4000.0
26086,4400.0
26087,4400.0
26088,3900.0
26089,1700.0
26090,3300.0
26091,3100.0
26092,4200.0
26093,4100.0
26094,2800.0
26095,4200.0
26096,1700.0
26097,2100.0
26098,4600.0
26099,3800.0
26100,3400.0
26101,2600.0
26102,2300.0
26103,3300.0
26104,3800.0
26105,2000.0
26106,1900.0
26107,4300.0
26108,3100.0
26109,3400.0
26110,3900.0
26111,3200.0
26112,3800.0
26113,3000.0
26114,2800.0
26115,2400.0
26116,2600.0
26117,1900.0
26118,3100.0
26119,2000.0
26120,3100.0
26121,1400.0
26122,3600.0
26123,4500.0
26124,3700.0
26125,4300.0
26126,3200.0
26127,3800.0
26128,5700.0
26129,3700.0
26130,4800.0
26131,3300.0
26132,2400.0
26133,4800.0
26134,2100.0
26135,3000.0
26136,1600.0
26137,2400.0
26138,2100.0
26139,1400.0
26140,2400.0
26141,5200.0
26142,1700.0
26143,3500.0
26144,1900.0
26145,3600.0
26146,3500.0
26147,3200.0
26148,2100.0
26149,2700.0
26150,1900.0
26151,2500.0
26152,4900.0
26153,1700.0
26154,2900.0
26155,4000.0
26156,2000.0
26157,3300.0
26158,3200.0
26159,3300.0
26160,4400.0
26161,2300.0
26162,4400.0
26163,3200.0
26164,4100.0
26165,2100.0
26166,2000.0
26167,5200.0
26168,2600.0
26169,3400.0
26170,4300.0
26171,5600.0
26172,5000.0
26173,1500.0
26174,2100.0
26175,2500.0
26176,2000.0
26177,3800.0
26178,2200.0
26179,2700.0
26180,4100.0
26181,3500.0
26182,3200.0
26183,2000.0
26184,3600.0
26185,2200.0
26186,2200.0
26187,4600.0
26188,4500.0
26189,2200.0
26190,2100.0
26191,4300.0
26192,3600.0
26193,2000.0
26194,4800.0
26195,3500.0
26196,5400.0
26197,3900.0
26198,1900.0
26199,5100.0
26200,2500.0
26201,2900.0
26202,2700.0
26203,2300.0
26204,2800.0
26205,1500.0
26206,2400.0
26207,2700.0
26208,2400.0
26209,5000.0
26210,6700.0
26211,6900.0
26212,2000.0
26213,1600.0
26214,3300.0
26215,2600.0
26216,5100.0
26217,3900.0
26218,4100.0
26219,2300.0
26220,3300.0
26221,1700.0
26222,4300.0
26223,2600.0
26224,3800.0
26225,4300.0
26226,4100.0
26227,1600.0
26228,2800.0
26229,2500.0
26230,3700.0
26231,3000.0
26232,4400.0
26233,2200.0
26234,3100.0
26235,2300.0
26236,6100.0
26237,2100.0
26238,3000.0
26239,4300.0
26240,3200.0
26241,3700.0
26242,3700.0
26243,1400.0
26244,3600.0
26245,2000.0
26246,2100.0
26247,1800.0
26248,3500.0
26249,2200.0
26250,4500.0
26251,1500.0
26252,3900.0
26253,1700.0
26254,4100.0
26255,3600.0
26256,5300.0
26257,4300.0
26258,3700.0
26259,2400.0
26260,1600.0
26261,1600.0
26262,3200.0
26263,3600.0
26264,3600.0
26265,3200.0
26266,4900.0
26267,1700.0
26268,3600.0
26269,3000.0
26270,2600.0
26271,3700.0
26272,1600.0
26273,3600.0
26274,3300.0
26275,2500.0
26276,3600.0
26277,3600.0
26278,4700.0
26279,2200.0
26280,5700.0
26281,2800.0
26282,3200.0
26283,3300.0
26284,4600.0
26285,3100.0
26286,4000.0
26287,2300.0
26288,1800.0
26289,4100.0
26290,2200.0
26291,7400.0
26292,3200.0
26293,2700.0
26294,3500.0
26295,3200.0
26296,1900.0
26297,2700.0
26298,3300.0
26299,2500.0
26300,5000.0
26301,3600.0
26302,2700.0
26303,4500.0
26304,1600.0
26305,2200.0
26306,1400.0
26307,4100.0
26308,2400.0
26309,1500.0
26310,2900.0
26311,2600.0
26312,2700.0
26313,7400.0
26314,2000.0
26315,3700.0
26316,4400.0
26317,2500.0
26318,2700.0
26319,3600.0
26320,3700.0
26321,3200.0
26322,3600.0
26323,2200.0
26324,2600.0
26325,3700.0
26326,3500.0
26327,3400.0
26328,2400.0
26329,2400.0
26330,1900.0
26331,2600.0
26332,2800.0
26333,2500.0
26334,3100.0
26335,3000.0
26336,3900.0
26337,3800.0
26338,4200.0
26339,3900.0
26340,5100.0
26341,4200.0
26342,2400.0
26343,5000.0
26344,1700.0
26345,3200.0
26346,3100.0
26347,2600.0
26348,5100.0
26349,1400.0
26350,3400.0
26351,1800.0
26352,5600.0
26353,2900.0
26354,3300.0
26355,3300.0
26356,3100.0
26357,5200.0
26358,2100.0
26359,2300.0
26360,2900.0
26361,4800.0
26362,2400.0
26363,2900.0
26364,3700.0
26365,1900.0
26366,1800.0
26367,4700.0
26368,3500.0
26369,4200.0
26370,1600.0
26371,4000.0
26372,2000.0
26373,4900.0
26374,5100.0
26375,1400.0
26376,2500.0
26377,3900.0
26378,2300.0
26379,2500.0
26380,4300.0
26381,1900.0
26382,2800.0
26383,2000.0
26384,1700.0
26385,4200.0
26386,5000.0
26387,5700.0
26388,5400.0
26389,3700.0
26390,1300.0
26391,1900.0
26392,2800.0
26393,4100.0
26394,3800.0
26395,2200.0
26396,3200.0
26397,2000.0
26398,1800.0
26399,4100.0
26400,4100.0
26401,5100.0
26402,3900.0
26403,1900.0
26404,5800.0
26405,2000.0
26406,3300.0
26407,3700.0
26408,1900.0
26409,2000.0
26410,3500.0
26411,1700.0
26412,3800.0
26413,2700.0
26414,2500.0
26415,4000.0
26416,4600.0
26417,2100.0
26418,3300.0
26419,5500.0
26420,1900.0
26421,3400.0
26422,4800.0
26423,2100.0
26424,5000.0
26425,2200.0
26426,4500.0
26427,1800.0
26428,2400.0
26429,1800.0
26430,3300.0
26431,4600.0
26432,1600.0
26433,1200.0
26434,2700.0
26435,2600.0
26436,2000.0
26437,5000.0
26438,3400.0
26439,3300.0
26440,2400.0
26441,5300.0
26442,2800.0
26443,1700.0
26444,2700.0
26445,4200.0
26446,2400.0
26447,1900.0
26448,3500.0
26449,4000.0
26450,4400.0
26451,5000.0
26452,3000.0
26453,4300.0
26454,2400.0
26455,2600.0
26456,3600.0
26457,2200.0
26458,1700.0
26459,5400.0
26460,2900.0
26461,3400.0
26462,2100.0
26463,2400.0
26464,5000.0
26465,2200.0
26466,2800.0
26467,1300.0
26468,4800.0
26469,3900.0
26470,3400.0
26471,4200.0
26472,4300.0
26473,2600.0
26474,3200.0
26475,3400.0
26476,3300.0
26477,3200.0
26478,4900.0
26479,4500.0
26480,2500.0
26481,3100.0
26482,2500.0
26483,1800.0
26484,4400.0
26485,1900.0
26486,1700.0
26487,3700.0
26488,2400.0
26489,3300.0
26490,2600.0
26491,3600.0
26492,2600.0
26493,4000.0
26494,2000.0
26495,4000.0
26496,1200.0
26497,2400.0
26498,2800.0
26499,1900.0
26500,3700.0
26501,5500.0
26502,2700.0
26503,2500.0
26504,2500.0
26505,3300.0
26506,5900.0
26507,4800.0
26508,2300.0
26509,4200.0
26510,3000.0
26511,5200.0
26512,2400.0
26513,2000.0
26514,3200.0
26515,3500.0
26516,7500.0
26517,3000.0
26518,5700.0
26519,5900.0
26520,4300.0
26521,3700.0
26522,4200.0
26523,1800.0
26524,1600.0
26525,2300.0
26526,2900.0
26527,3300.0
26528,1800.0
26529,5200.0
26530,5300.0
26531,4300.0
26532,1900.0
26533,5500.0
26534,1100.0
26535,3200.0
26536,1700.0
26537,3900.0
26538,4200.0
26539,1900.0
26540,2600.0
26541,2000.0
26542,4100.0
26543,2700.0
26544,4000.0
26545,2600.0
26546,5000.0
26547,4600.0
26548,5300.0
26549,4100.0
26550,3500.0
26551,1600.0
26552,5600.0
26553,2700.0
26554,2100.0
26555,3000.0
26556,5000.0
26557,2100.0
26558,2100.0
26559,1900.0
26560,3900.0
26561,2500.0
26562,3500.0
26563,3500.0
26564,4100.0
26565,3200.0
26566,3500.0
26567,3200.0
26568,4100.0
26569,4200.0
26570,2600.0
26571,3200.0
26572,4300.0
26573,4500.0
26574,4000.0
26575,1800.0
26576,4800.0
26577,1100.0
26578,2200.0
26579,2600.0
26580,2900.0
26581,2400.0
26582,2300.0
26583,2200.0
26584,3000.0
26585,1800.0
26586,2000.0
26587,1500.0
26588,2100.0
26589,3200.0
26590,3600.0
26591,3100.0
26592,3300.0
26593,5000.0
26594,2400.0
26595,3700.0
26596,1600.0
26597,3900.0
26598,2800.0
26599,4900.0
26600,3300.0
26601,2800.0
26602,4000.0
26603,1600.0
26604,3300.0
26605,2300.0
26606,1500.0
26607,3800.0
26608,3900.0
26609,5600.0
26610,4300.0
26611,4000.0
26612,2100.0
26613,3300.0
26614,1500.0
26615,3800.0
26616,4500.0
26617,2200.0
26618,3200.0
26619,2600.0
26620,3200.0
26621,2800.0
26622,4000.0
26623,4300.0
26624,2800.0
26625,2600.0
26626,2500.0
26627,2600.0
26628,2000.0
26629,4200.0
26630,4600.0
26631,3600.0
26632,3100.0
26633,4400.0
26634,2900.0
26635,3300.0
26636,2400.0
26637,700.0
26638,1100.0
26639,3300.0
26640,2800.0
26641,2300.0
26642,2200.0
26643,2500.0
26644,2900.0
26645,4000.0
26646,1900.0
26647,3400.0
26648,2900.0
26649,3200.0
26650,1400.0
26651,2600.0
26652,3900.0
26653,3500.0
26654,3200.0
26655,2400.0
26656,4600.0
26657,3200.0
26658,4700.0
26659,3600.0
26660,2700.0
26661,2700.0
26662,1900.0
26663,3000.0
26664,4300.0
26665,4300.0
26666,4600.0
26667,2000.0
26668,4000.0
26669,2200.0
26670,2000.0
26671,1200.0
26672,3500.0
26673,2900.0
26674,3400.0
26675,3600.0
26676,2100.0
26677,2400.0
26678,1600.0
26679,1800.0
26680,4800.0
26681,2300.0
26682,3400.0
26683,3900.0
26684,2200.0
26685,5300.0
26686,4900.0
26687,3600.0
26688,3200.0
26689,3600.0
26690,1800.0
26691,5000.0
26692,5400.0
26693,1900.0
26694,2400.0
26695,2200.0
26696,3800.0
26697,3600.0
26698,1900.0
26699,2200.0
26700,4300.0
26701,2400.0
26702,2300.0
26703,3900.0
26704,4800.0
26705,3500.0
26706,3400.0
26707,4600.0
26708,3000.0
26709,2000.0
26710,1800.0
26711,3400.0
26712,2200.0
26713,5700.0
26714,5100.0
26715,4200.0
26716,3800.0
26717,2200.0
26718,3500.0
26719,3600.0
26720,3600.0
26721,1600.0
26722,5500.0
26723,4200.0
26724,1500.0
26725,2800.0
26726,4000.0
26727,2900.0
26728,3100.0
26729,1800.0
26730,2200.0
26731,2400.0
26732,3300.0
26733,4200.0
26734,2900.0
26735,4200.0
26736,4800.0
26737,4000.0
26738,4700.0
26739,5600.0
26740,2500.0
26741,4700.0
26742,2400.0
26743,2900.0
26744,2800.0
26745,5100.0
26746,3200.0
26747,3000.0
26748,5200.0
26749,3900.0
26750,4200.0
26751,3500.0
26752,2500.0
26753,1600.0
26754,3300.0
26755,3100.0
26756,2800.0
26757,3400.0
26758,3600.0
26759,1700.0
26760,4400.0
26761,3300.0
26762,3500.0
26763,5900.0
26764,5800.0
26765,3800.0
26766,1800.0
26767,3100.0
26768,5700.0
26769,2300.0
26770,4400.0
26771,3100.0
26772,3100.0
26773,3600.0
26774,2100.0
26775,2900.0
26776,3300.0
26777,2700.0
26778,7300.0
26779,4100.0
26780,4000.0
26781,1900.0
26782,3300.0
26783,3500.0
26784,4500.0
26785,3100.0
26786,3200.0
26787,3600.0
26788,3200.0
26789,3300.0
26790,4700.0
26791,2100.0
26792,2700.0
26793,3700.0
26794,2000.0
26795,5500.0
26796,4200.0
26797,1800.0
26798,3700.0
26799,3700.0
26800,2700.0
26801,3300.0
26802,3200.0
26803,3000.0
26804,2300.0
26805,3000.0
26806,3000.0
26807,1300.0
26808,3700.0
26809,2200.0
26810,3000.0
26811,3700.0
26812,2500.0
26813,3500.0
26814,3600.0
26815,3600.0
26816,5000.0
26817,3600.0
26818,4000.0
26819,1700.0
26820,6900.0
26821,2100.0
26822,4600.0
26823,4700.0
26824,2300.0
26825,2600.0
26826,2600.0
26827,4700.0
26828,3100.0
26829,2400.0
26830,2000.0
26831,5600.0
26832,4200.0
26833,5700.0
26834,3400.0
26835,2000.0
26836,4500.0
26837,1800.0
26838,4600.0
26839,3000.0
26840,3100.0
26841,2900.0
26842,1800.0
26843,2500.0
26844,1800.0
26845,4200.0
26846,1700.0
26847,2400.0
26848,1800.0
26849,3800.0
26850,1700.0
26851,2000.0
26852,2500.0
26853,5600.0
26854,4800.0
26855,4800.0
26856,3300.0
26857,3900.0
26858,2500.0
26859,2700.0
26860,4200.0
26861,3500.0
26862,2300.0
26863,3300.0
26864,1600.0
26865,2400.0
26866,3000.0
26867,2900.0
26868,2300.0
26869,5500.0
26870,3100.0
26871,2300.0
26872,3900.0
26873,3700.0
26874,4900.0
26875,3600.0
26876,1700.0
26877,3000.0
26878,4400.0
26879,2400.0
26880,2300.0
26881,2800.0
26882,2700.0
26883,2700.0
26884,1400.0
26885,1500.0
26886,3100.0
26887,2800.0
26888,3900.0
26889,2200.0
26890,2700.0
26891,2700.0
26892,4700.0
26893,2100.0
26894,4300.0
26895,4100.0
26896,1500.0
26897,2800.0
26898,4200.0
26899,1400.0
26900,2300.0
26901,3600.0
26902,2700.0
26903,3000.0
26904,1800.0
26905,3900.0
26906,1800.0
26907,2900.0
26908,5100.0
26909,3200.0
26910,2800.0
26911,4800.0
26912,2400.0
26913,2700.0
26914,2100.0
26915,5300.0
26916,3200.0
26917,3100.0
26918,4300.0
26919,2000.0
26920,2200.0
26921,3400.0
26922,3200.0
26923,4700.0
26924,1100.0
26925,4800.0
26926,2500.0
26927,4700.0
26928,1900.0
26929,1300.0
26930,3300.0
26931,3200.0
26932,4500.0
26933,1900.0
26934,2300.0
26935,3500.0
26936,2100.0
26937,2600.0
26938,3500.0
26939,2400.0
26940,2900.0
26941,2100.0
26942,3200.0
26943,3300.0
26944,1800.0
26945,3800.0
26946,2000.0
26947,2000.0
26948,4300.0
26949,3500.0
26950,3400.0
26951,4000.0
26952,4300.0
26953,2500.0
26954,1900.0
26955,4900.0
26956,2900.0
26957,1800.0
26958,5500.0
26959,4800.0
26960,5400.0
26961,2400.0
26962,3100.0
26963,3300.0
26964,3600.0
26965,2900.0
26966,4700.0
26967,700.0
26968,2000.0
26969,3300.0
26970,2100.0
26971,1600.0
26972,1400.0
26973,3100.0
26974,2900.0
26975,1600.0
26976,2000.0
26977,2900.0
26978,4100.0
26979,3900.0
26980,3700.0
26981,2000.0
26982,3000.0
26983,2000.0
26984,3500.0
26985,2600.0
26986,3200.0
26987,4800.0
26988,3100.0
26989,2600.0
26990,3500.0
26991,3100.0
26992,2700.0
26993,3100.0
26994,3800.0
26995,2800.0
26996,2700.0
26997,3700.0
26998,1400.0
26999,2400.0
27000,5000.0
27001,5600.0
27002,3700.0
27003,3700.0
27004,4600.0
27005,2900.0
27006,4400.0
27007,2500.0
27008,2700.0
27009,2200.0
27010,1900.0
27011,1900.0
27012,2600.0
27013,2400.0
27014,4300.0
27015,2200.0
27016,2400.0
27017,2800.0
27018,4900.0
27019,3600.0
27020,3600.0
27021,5500.0
27022,1800.0
27023,2100.0
27024,3000.0
27025,1700.0
27026,3300.0
27027,1800.0
27028,5300.0
27029,2300.0
27030,5300.0
27031,4300.0
27032,2600.0
27033,2000.0
27034,1600.0
27035,4400.0
27036,1900.0
27037,3400.0
27038,2300.0
27039,2500.0
27040,6000.0
27041,2800.0
27042,3600.0
27043,1400.0
27044,4400.0
27045,3500.0
27046,3800.0
27047,1600.0
27048,2100.0
27049,1500.0
27050,4200.0
27051,3800.0
27052,4200.0
27053,3400.0
27054,4300.0
27055,3200.0
27056,2100.0
27057,2600.0
27058,5100.0
27059,2200.0
27060,3800.0
27061,2400.0
27062,3000.0
27063,2800.0
27064,3400.0
27065,1800.0
27066,2200.0
27067,3200.0
27068,4000.0
27069,2000.0
27070,5200.0
27071,2100.0
27072,2900.0
27073,2600.0
27074,2500.0
27075,1500.0
27076,2500.0
27077,3800.0
27078,4400.0
27079,2400.0
27080,1800.0
27081,1700.0
27082,3600.0
27083,3000.0
27084,2200.0
27085,1800.0
27086,2800.0
27087,4200.0
27088,2100.0
27089,2900.0
27090,2900.0
27091,4100.0
27092,3200.0
27093,2000.0
27094,4700.0
27095,3000.0
27096,2000.0
27097,3000.0
27098,4000.0
27099,2400.0
27100,1800.0
27101,2100.0
27102,1800.0
27103,3500.0
27104,2700.0
27105,2100.0
27106,2500.0
27107,3200.0
27108,4600.0
27109,3200.0
27110,2600.0
27111,2700.0
27112,3900.0
27113,4500.0
27114,2300.0
27115,3600.0
27116,3200.0
27117,2500.0
27118,2900.0
27119,4500.0
27120,4400.0
27121,1600.0
27122,4300.0
27123,4800.0
27124,3200.0
27125,2100.0
27126,600.0
27127,5000.0
27128,2900.0
27129,3100.0
27130,3700.0
27131,3700.0
27132,2500.0
27133,4700.0
27134,3800.0
27135,3700.0
27136,2000.0
27137,3300.0
27138,3500.0
27139,2400.0
27140,3100.0
27141,3400.0
27142,2000.0
27143,4000.0
27144,3500.0
27145,4100.0
27146,2200.0
27147,1800.0
27148,3500.0
27149,4100.0
27150,4100.0
27151,2400.0
27152,3700.0
27153,3200.0
27154,3800.0
27155,3500.0
27156,4100.0
27157,4700.0
27158,1900.0
27159,3600.0
27160,3800.0
27161,2200.0
27162,1200.0
27163,4200.0
27164,5800.0
27165,3800.0
27166,4400.0
27167,1900.0
27168,1800.0
27169,1500.0
27170,1800.0
27171,3400.0
27172,4600.0
27173,1600.0
27174,2800.0
27175,4300.0
27176,2300.0
27177,3300.0
27178,3600.0
27179,2700.0
27180,1400.0
27181,4100.0
27182,2800.0
27183,4700.0
27184,2100.0
27185,3900.0
27186,1800.0
27187,3600.0
27188,4600.0
27189,2100.0
27190,3600.0
27191,1700.0
27192,3000.0
27193,3500.0
27194,1500.0
27195,1900.0
27196,5400.0
27197,2200.0
27198,3000.0
27199,2600.0
27200,4000.0
27201,4600.0
27202,2100.0
27203,2000.0
27204,2800.0
27205,3900.0
27206,2600.0
27207,1700.0
27208,3800.0
27209,2300.0
27210,1200.0
27211,3600.0
27212,4800.0
27213,5700.0
27214,2800.0
27215,4200.0
27216,3400.0
27217,2400.0
27218,1700.0
27219,3800.0
27220,3800.0
27221,4600.0
27222,3700.0
27223,3500.0
27224,6700.0
27225,2200.0
27226,2700.0
27227,3000.0
27228,3500.0
27229,1600.0
27230,5300.0
27231,1400.0
27232,3900.0
27233,1700.0
27234,2100.0
27235,2000.0
27236,2500.0
27237,800.0
27238,3400.0
27239,1800.0
27240,4400.0
27241,2800.0
27242,1800.0
27243,3800.0
27244,2400.0
27245,2300.0
27246,3700.0
27247,4900.0
27248,3200.0
27249,3900.0
27250,2500.0
27251,3900.0
27252,3600.0
27253,2200.0
27254,1000.0
27255,2000.0
27256,1800.0
27257,2000.0
27258,4700.0
27259,2700.0
27260,3400.0
27261,2500.0
27262,1300.0
27263,3200.0
27264,4600.0
27265,1900.0
27266,4300.0
27267,4500.0
27268,2000.0
27269,5400.0
27270,4100.0
27271,2900.0
27272,1800.0
27273,3100.0
27274,5700.0
27275,4300.0
27276,1800.0
27277,4500.0
27278,5200.0
27279,4400.0
27280,4000.0
27281,2700.0
27282,2100.0
27283,5000.0
27284,3300.0
27285,3600.0
27286,5800.0
27287,2900.0
27288,3100.0
27289,1800.0
27290,4800.0
27291,5100.0
27292,3500.0
27293,2600.0
27294,2700.0
27295,1700.0
27296,2200.0
27297,1000.0
27298,3200.0
27299,5000.0
27300,3800.0
27301,2900.0
27302,2700.0
27303,2800.0
27304,3800.0
27305,3100.0
27306,3400.0
27307,2800.0
27308,2400.0
27309,5200.0
27310,2700.0
27311,1900.0
27312,3900.0
27313,4500.0
27314,2700.0
27315,2000.0
27316,3800.0
27317,4500.0
27318,2600.0
27319,3600.0
27320,3100.0
27321,6200.0
27322,1600.0
27323,1700.0
27324,1600.0
27325,4400.0
27326,1400.0
27327,2600.0
27328,3500.0
27329,2500.0
27330,2100.0
27331,4300.0
27332,3900.0
27333,2800.0
27334,2400.0
27335,5800.0
27336,2100.0
27337,2100.0
27338,1900.0
27339,5500.0
27340,2000.0
27341,2900.0
27342,2000.0
27343,2000.0
27344,1800.0
27345,3600.0
27346,4800.0
27347,1800.0
27348,2100.0
27349,2500.0
27350,3700.0
27351,2900.0
27352,5200.0
27353,3400.0
27354,1900.0
27355,5000.0
27356,2800.0
27357,2000.0
27358,4600.0
27359,2600.0
27360,2700.0
27361,4400.0
27362,3400.0
27363,3300.0
27364,3900.0
27365,4800.0
27366,4500.0
27367,4900.0
27368,2800.0
27369,2500.0
27370,3600.0
27371,4400.0
27372,1100.0
27373,3800.0
27374,2200.0
27375,4800.0
27376,3900.0
27377,2800.0
27378,3300.0
27379,3600.0
27380,4100.0
27381,3200.0
27382,2600.0
27383,4500.0
27384,2600.0
27385,4000.0
27386,2100.0
27387,2100.0
27388,5000.0
27389,2700.0
27390,2700.0
27391,2600.0
27392,3600.0
27393,3100.0
27394,4000.0
27395,2100.0
27396,2800.0
27397,4000.0
27398,3100.0
27399,2900.0
27400,2200.0
27401,2300.0
27402,4200.0
27403,1700.0
27404,4100.0
27405,2800.0
27406,4200.0
27407,2800.0
27408,4300.0
27409,2800.0
27410,3100.0
27411,2800.0
27412,1400.0
27413,3500.0
27414,2100.0
27415,4500.0
27416,3800.0
27417,2800.0
27418,3100.0
27419,2400.0
27420,4900.0
27421,1700.0
27422,1600.0
27423,1400.0
27424,2500.0
27425,2900.0
27426,2900.0
27427,2000.0
27428,4200.0
27429,3200.0
27430,1800.0
27431,3800.0
27432,2500.0
27433,700.0
27434,2700.0
27435,3000.0
27436,1500.0
27437,2000.0
27438,2500.0
27439,5700.0
27440,5200.0
27441,2500.0
27442,1500.0
27443,2800.0
27444,3100.0
27445,2400.0
27446,3700.0
27447,2700.0
27448,5800.0
27449,3700.0
27450,1600.0
27451,2400.0
27452,3900.0
27453,2700.0
27454,3300.0
27455,2000.0
27456,2800.0
27457,2300.0
27458,2600.0
27459,5500.0
27460,3200.0
27461,2300.0
27462,3100.0
27463,3800.0
27464,2700.0
27465,2300.0
27466,1700.0
27467,1900.0
27468,3200.0
27469,3300.0
27470,1700.0
27471,1900.0
27472,5700.0
27473,2900.0
27474,5200.0
27475,3000.0
27476,2700.0
27477,2800.0
27478,6100.0
27479,5500.0
27480,4400.0
27481,2700.0
27482,2000.0
27483,3200.0
27484,2900.0
27485,6200.0
27486,3700.0
27487,5200.0
27488,1200.0
27489,2400.0
27490,5700.0
27491,3800.0
27492,3200.0
27493,3500.0
27494,1700.0
27495,2600.0
27496,3500.0
27497,4400.0
27498,3900.0
27499,3000.0
27500,3200.0
27501,2100.0
27502,3400.0
27503,4000.0
27504,2800.0
27505,2200.0
27506,3200.0
27507,3600.0
27508,3500.0
27509,3500.0
27510,4600.0
27511,2800.0
27512,4900.0
27513,2400.0
27514,2900.0
27515,2400.0
27516,1900.0
27517,2900.0
27518,2200.0
27519,4700.0
27520,1600.0
27521,3300.0
27522,3100.0
27523,5500.0
27524,1800.0
27525,4200.0
27526,3400.0
27527,2200.0
27528,4000.0
27529,1200.0
27530,3700.0
27531,4800.0
27532,2900.0
27533,3900.0
27534,1500.0
27535,2700.0
27536,2200.0
27537,3300.0
27538,2800.0
27539,4400.0
27540,3600.0
27541,2300.0
27542,4800.0
27543,5800.0
27544,2900.0
27545,2400.0
27546,1600.0
27547,1600.0
27548,4300.0
27549,3300.0
27550,1200.0
27551,4100.0
27552,2400.0
27553,3100.0
27554,4400.0
27555,1900.0
27556,1900.0
27557,4100.0
27558,4900.0
27559,3300.0
27560,2800.0
27561,2400.0
27562,1900.0
27563,4500.0
27564,800.0
27565,3200.0
27566,3300.0
27567,2400.0
27568,2500.0
27569,4400.0
27570,2200.0
27571,3700.0
27572,1800.0
27573,2400.0
27574,1500.0
27575,3400.0
27576,3200.0
27577,4200.0
27578,4900.0
27579,4300.0
27580,1600.0
27581,4600.0
27582,2400.0
27583,3700.0
27584,1900.0
27585,2600.0
27586,3000.0
27587,3600.0
27588,1900.0
27589,2400.0
27590,2800.0
27591,3000.0
27592,1600.0
27593,2200.0
27594,2600.0
27595,1700.0
27596,4900.0
27597,4000.0
27598,1600.0
27599,2600.0
27600,2000.0
27601,3500.0
27602,2200.0
27603,4100.0
27604,2100.0
27605,1400.0
27606,2400.0
27607,4500.0
27608,4300.0
27609,2300.0
27610,2500.0
27611,3600.0
27612,3900.0
27613,3600.0
27614,3100.0
27615,4400.0
27616,3400.0
27617,3300.0
27618,4800.0
27619,3400.0
27620,2700.0
27621,2100.0
27622,2400.0
27623,2000.0
27624,2900.0
27625,2700.0
27626,4100.0
27627,3500.0
27628,4400.0
27629,2400.0
27630,4300.0
27631,4400.0
27632,4200.0
27633,2900.0
27634,5000.0
27635,4200.0
27636,2200.0
27637,1900.0
27638,3100.0
27639,2100.0
27640,4300.0
27641,3800.0
27642,4700.0
27643,3800.0
27644,1600.0
27645,3300.0
27646,1800.0
27647,3700.0
27648,4700.0
27649,3100.0
27650,2400.0
27651,3000.0
27652,2600.0
27653,1800.0
27654,4000.0
27655,4700.0
27656,2900.0
27657,3600.0
27658,4700.0
27659,3800.0
27660,3600.0
27661,2000.0
27662,4600.0
27663,2100.0
27664,1600.0
27665,600.0
27666,2900.0
27667,1400.0
27668,3900.0
27669,1800.0
27670,3300.0
27671,2800.0
27672,4800.0
27673,2600.0
27674,2800.0
27675,2800.0
27676,5600.0
27677,3800.0
27678,1400.0
27679,2200.0
27680,1300.0
27681,3000.0
27682,4700.0
27683,5800.0
27684,2700.0
27685,2900.0
27686,4700.0
27687,1800.0
27688,3400.0
27689,3600.0
27690,2000.0
27691,5500.0
27692,1800.0
27693,3000.0
27694,3100.0
27695,3600.0
27696,2100.0
27697,1800.0
27698,2800.0
27699,3300.0
27700,1600.0
27701,4000.0
27702,3000.0
27703,1500.0
27704,2900.0
27705,4100.0
27706,2300.0
27707,4400.0
27708,4600.0
27709,4300.0
27710,4500.0
27711,2600.0
27712,4500.0
27713,3900.0
27714,5600.0
27715,1900.0
27716,3200.0
27717,2900.0
27718,4300.0
27719,4800.0
27720,2000.0
27721,4000.0
27722,3700.0
27723,3400.0
27724,2600.0
27725,4000.0
27726,4000.0
27727,2600.0
27728,4500.0
27729,2700.0
27730,1800.0
27731,2200.0
27732,4600.0
27733,3800.0
27734,2200.0
27735,3700.0
27736,2100.0
27737,3700.0
27738,2500.0
27739,4000.0
27740,2500.0
27741,3800.0
27742,2000.0
27743,3400.0
27744,3300.0
27745,3100.0
27746,4100.0
27747,2900.0
27748,4500.0
27749,1900.0
27750,5600.0
27751,4800.0
27752,3400.0
27753,3700.0
27754,2300.0
27755,4600.0
27756,5100.0
27757,2400.0
27758,7000.0
27759,2200.0
27760,2600.0
27761,4400.0
27762,5900.0
27763,2200.0
27764,1700.0
27765,2600.0
27766,3100.0
27767,2400.0
27768,2400.0
27769,1900.0
27770,2700.0
27771,3600.0
27772,3400.0
27773,2100.0
27774,3400.0
27775,4300.0
27776,1600.0
27777,3200.0
27778,3200.0
27779,3100.0
27780,4900.0
27781,1200.0
27782,3200.0
27783,2300.0
27784,2900.0
27785,3700.0
27786,2200.0
27787,3000.0
27788,2900.0
27789,4100.0
27790,5700.0
27791,1600.0
27792,2100.0
27793,3900.0
27794,1700.0
27795,3400.0
27796,4700.0
27797,1600.0
27798,3000.0
27799,3700.0
27800,1900.0
27801,3400.0
27802,2600.0
27803,2200.0
27804,3800.0
27805,4000.0
27806,6000.0
27807,4200.0
27808,4500.0
27809,2600.0
27810,5100.0
27811,3000.0
27812,4100.0
27813,1200.0
27814,3300.0
27815,3800.0
27816,2700.0
27817,3500.0
27818,5600.0
27819,2000.0
27820,1400.0
27821,2300.0
27822,3600.0
27823,2300.0
27824,3500.0
27825,4100.0
27826,4000.0
27827,3500.0
27828,1700.0
27829,4700.0
27830,3200.0
27831,3600.0
27832,2900.0
27833,2100.0
27834,2000.0
27835,3700.0
27836,3900.0
27837,3300.0
27838,4200.0
27839,2800.0
27840,2500.0
27841,1200.0
27842,3900.0
27843,3100.0
27844,3800.0
27845,3200.0
27846,1800.0
27847,3300.0
27848,3900.0
27849,3300.0
27850,1800.0
27851,3900.0
27852,3200.0
27853,2900.0
27854,2200.0
27855,4900.0
27856,2100.0
27857,2300.0
27858,4600.0
27859,3900.0
27860,4100.0
27861,4500.0
27862,4700.0
27863,1800.0
27864,4000.0
27865,1900.0
27866,3100.0
27867,1800.0
27868,1800.0
27869,4900.0
27870,2400.0
27871,2200.0
27872,1700.0
27873,3400.0
27874,4500.0
27875,2800.0
27876,2300.0
27877,3000.0
27878,2100.0
27879,2800.0
27880,2100.0
27881,2000.0
27882,2400.0
27883,3400.0
27884,2200.0
27885,2100.0
27886,2900.0
27887,4800.0
27888,3600.0
27889,1800.0
27890,3300.0
27891,3500.0
27892,1600.0
27893,2000.0
27894,2800.0
27895,4100.0
27896,1600.0
27897,3000.0
27898,3300.0
27899,2900.0
27900,3100.0
27901,3300.0
27902,3100.0
27903,4100.0
27904,3200.0
27905,3100.0
27906,2100.0
27907,2900.0
27908,4300.0
27909,1800.0
27910,4200.0
27911,1600.0
27912,3000.0
27913,2100.0
27914,3000.0
27915,5100.0
27916,3700.0
27917,2100.0
27918,1900.0
27919,3500.0
27920,4200.0
27921,5300.0
27922,7500.0
27923,4100.0
27924,3000.0
27925,2900.0
27926,3700.0
27927,4200.0
27928,3200.0
27929,1500.0
27930,1900.0
27931,2400.0
27932,3700.0
27933,4000.0
27934,2900.0
27935,2800.0
27936,5000.0
27937,5800.0
27938,3000.0
27939,4200.0
27940,2000.0
27941,3800.0
27942,1500.0
27943,4100.0
27944,3400.0
27945,1700.0
27946,4400.0
27947,3300.0
27948,3400.0
27949,2700.0
27950,3600.0
27951,3800.0
27952,3800.0
27953,2300.0
27954,4700.0
27955,2700.0
27956,4700.0
27957,2300.0
27958,1200.0
27959,4200.0
27960,2500.0
27961,5800.0
27962,3800.0
27963,5000.0
27964,4000.0
27965,4500.0
27966,4200.0
27967,1400.0
27968,1500.0
27969,1600.0
27970,2200.0
27971,4600.0
27972,3300.0
27973,2200.0
27974,1600.0
27975,1500.0
27976,3200.0
27977,1900.0
27978,2700.0
27979,3500.0
27980,3000.0
27981,2000.0
27982,2000.0
27983,3500.0
27984,3600.0
27985,3900.0
27986,2000.0
27987,5000.0
27988,1500.0
27989,3600.0
27990,1700.0
27991,1100.0
27992,4700.0
27993,3100.0
27994,3900.0
27995,1600.0
27996,3500.0
27997,2400.0
27998,2000.0
27999,1600.0
28000,6300.0
28001,3200.0
28002,2900.0
28003,3800.0
28004,4100.0
28005,3600.0
28006,2200.0
28007,4300.0
28008,2600.0
28009,2500.0
28010,4200.0
28011,3500.0
28012,3900.0
28013,3800.0
28014,4400.0
28015,1900.0
28016,3300.0
28017,4000.0
28018,2800.0
28019,1400.0
28020,3600.0
28021,4400.0
28022,4500.0
28023,4100.0
28024,4000.0
28025,2700.0
28026,2200.0
28027,2700.0
28028,5200.0
28029,3400.0
28030,2600.0
28031,6800.0
28032,2700.0
28033,2300.0
28034,4600.0
28035,2000.0
28036,2600.0
28037,1600.0
28038,4000.0
28039,1800.0
28040,2000.0
28041,3700.0
28042,3100.0
28043,1600.0
28044,3700.0
28045,4700.0
28046,4700.0
28047,2500.0
28048,2400.0
28049,1700.0
28050,3900.0
28051,4600.0
28052,3500.0
28053,4900.0
28054,3500.0
28055,4200.0
28056,3400.0
28057,4500.0
28058,3200.0
28059,4000.0
28060,2000.0
28061,2500.0
28062,2000.0
28063,4900.0
28064,3800.0
28065,2200.0
28066,2400.0
28067,4100.0
28068,4200.0
28069,2700.0
28070,2900.0
28071,4400.0
28072,2900.0
28073,2700.0
28074,3600.0
28075,3000.0
28076,3100.0
28077,4400.0
28078,4700.0
28079,3200.0
28080,800.0
28081,4600.0
28082,4100.0
28083,2900.0
28084,2300.0
28085,1900.0
28086,2100.0
28087,2600.0
28088,2500.0
28089,2200.0
28090,3700.0
28091,2500.0
28092,5100.0
28093,3000.0
28094,2500.0
28095,3300.0
28096,2300.0
28097,2700.0
28098,1700.0
28099,1800.0
28100,4100.0
28101,4000.0
28102,1900.0
28103,3700.0
28104,2900.0
28105,1800.0
28106,5400.0
28107,3200.0
28108,4100.0
28109,2500.0
28110,3800.0
28111,2100.0
28112,4000.0
28113,2700.0
28114,4300.0
28115,1800.0
28116,3800.0
28117,4900.0
28118,3000.0
28119,4100.0
28120,4100.0
28121,3300.0
28122,2000.0
28123,3100.0
28124,2400.0
28125,400.0
28126,2400.0
28127,2700.0
28128,2200.0
28129,3700.0
28130,4200.0
28131,1200.0
28132,2600.0
28133,2100.0
28134,2700.0
28135,2400.0
28136,4100.0
28137,3600.0
28138,5800.0
28139,3500.0
28140,2500.0
28141,2100.0
28142,4300.0
28143,3700.0
28144,1200.0
28145,2400.0
28146,4800.0
28147,2400.0
28148,3900.0
28149,1500.0
28150,1600.0
28151,6700.0
28152,1700.0
28153,2000.0
28154,4300.0
28155,2200.0
28156,4700.0
28157,3000.0
28158,3600.0
28159,3600.0
28160,2000.0
28161,1400.0
28162,1800.0
28163,4500.0
28164,4800.0
28165,1800.0
28166,1400.0
28167,4800.0
28168,5700.0
28169,3100.0
28170,1700.0
28171,3300.0
28172,3700.0
28173,3100.0
28174,3400.0
28175,2900.0
28176,1900.0
28177,2000.0
28178,2100.0
28179,4700.0
28180,5600.0
28181,4200.0
28182,5100.0
28183,4100.0
28184,1700.0
28185,3800.0
28186,4200.0
28187,4700.0
28188,4100.0
28189,5400.0
28190,3500.0
28191,2500.0
28192,2000.0
28193,2700.0
28194,3500.0
28195,3500.0
28196,1600.0
28197,4400.0
28198,2200.0
28199,2100.0
28200,2300.0
28201,3000.0
28202,2100.0
28203,4000.0
28204,2600.0
28205,2700.0
28206,2600.0
28207,1700.0
28208,3400.0
28209,2000.0
28210,1600.0
28211,2500.0
28212,4700.0
28213,2700.0
28214,4500.0
28215,3700.0
28216,5100.0
28217,4200.0
28218,4100.0
28219,3300.0
28220,1700.0
28221,4500.0
28222,4600.0
28223,3700.0
28224,2100.0
28225,1800.0
28226,4500.0
28227,700.0
28228,2200.0
28229,3400.0
28230,2300.0
28231,2500.0
28232,1700.0
28233,3000.0
28234,4800.0
28235,4000.0
28236,2900.0
28237,3400.0
28238,3600.0
28239,1800.0
28240,4700.0
28241,5100.0
28242,4000.0
28243,3600.0
28244,4100.0
28245,5500.0
28246,2600.0
28247,4100.0
28248,3600.0
28249,1900.0
28250,3400.0
28251,7300.0
28252,2400.0
28253,1500.0
28254,2900.0
28255,2500.0
28256,5200.0
28257,3300.0
28258,2700.0
28259,5900.0
28260,3500.0
28261,4500.0
28262,2400.0
28263,2600.0
28264,2700.0
28265,4200.0
28266,3100.0
28267,5100.0
28268,2400.0
28269,4100.0
28270,3600.0
28271,1700.0
28272,2500.0
28273,2200.0
28274,2600.0
28275,2100.0
28276,1400.0
28277,3200.0
28278,4400.0
28279,1900.0
28280,2100.0
28281,1700.0
28282,2100.0
28283,5300.0
28284,3500.0
28285,4400.0
28286,3200.0
28287,4500.0
28288,2600.0
28289,2200.0
28290,3800.0
28291,1600.0
28292,2100.0
28293,3600.0
28294,3500.0
28295,3700.0
28296,3000.0
28297,3200.0
28298,3600.0
28299,2200.0
28300,2200.0
28301,2800.0
28302,2000.0
28303,3300.0
28304,3200.0
28305,2100.0
28306,2600.0
28307,3500.0
28308,4800.0
28309,1400.0
28310,1000.0
28311,1700.0
28312,4400.0
28313,2500.0
28314,4800.0
28315,2900.0
28316,4100.0
28317,2900.0
28318,3500.0
28319,2800.0
28320,2000.0
28321,2000.0
28322,2100.0
28323,4800.0
28324,4800.0
28325,2400.0
28326,4600.0
28327,4800.0
28328,1200.0
28329,3800.0
28330,2800.0
28331,2100.0
28332,2400.0
28333,3800.0
28334,1900.0
28335,4600.0
28336,2600.0
28337,2400.0
28338,5600.0
28339,2800.0
28340,2900.0
28341,2700.0
28342,1400.0
28343,3200.0
28344,2300.0
28345,1900.0
28346,4700.0
28347,3100.0
28348,4000.0
28349,3100.0
28350,1500.0
28351,4900.0
28352,3500.0
28353,3700.0
28354,4100.0
28355,3600.0
28356,1900.0
28357,1800.0
28358,4500.0
28359,2600.0
28360,3600.0
28361,5200.0
28362,3200.0
28363,3200.0
28364,2400.0
28365,1500.0
28366,1600.0
28367,5800.0
28368,4900.0
28369,2100.0
28370,3000.0
28371,3100.0
28372,2600.0
28373,4500.0
28374,3200.0
28375,3600.0
28376,2300.0
28377,4000.0
28378,2400.0
28379,3900.0
28380,2500.0
28381,2800.0
28382,3300.0
28383,3900.0
28384,1700.0
28385,1900.0
28386,1000.0
28387,1400.0
28388,3100.0
28389,1700.0
28390,3600.0
28391,4800.0
28392,2600.0
28393,3300.0
28394,3900.0
28395,2600.0
28396,4900.0
28397,4000.0
28398,4000.0
28399,2500.0
28400,3100.0
28401,2500.0
28402,4800.0
28403,2700.0
28404,1800.0
28405,4000.0
28406,3000.0
28407,1400.0
28408,2400.0
28409,4900.0
28410,3200.0
28411,3000.0
28412,4300.0
28413,3000.0
28414,1500.0
28415,3100.0
28416,2500.0
28417,3300.0
28418,3000.0
28419,2500.0
28420,1800.0
28421,4700.0
28422,2900.0
28423,2200.0
28424,2200.0
28425,2500.0
28426,5200.0
28427,2700.0
28428,3100.0
28429,2400.0
28430,5400.0
28431,4000.0
28432,3500.0
28433,2300.0
28434,4300.0
28435,3100.0
28436,3000.0
28437,3600.0
28438,3400.0
28439,1500.0
28440,1700.0
28441,3800.0
28442,2800.0
28443,5000.0
28444,2100.0
28445,4300.0
28446,3400.0
28447,2800.0
28448,1800.0
28449,3300.0
28450,6100.0
28451,2000.0
28452,2400.0
28453,3200.0
28454,3700.0
28455,2200.0
28456,2300.0
28457,3100.0
28458,4900.0
28459,2400.0
28460,3300.0
28461,2300.0
28462,3600.0
28463,1000.0
28464,5300.0
28465,2400.0
28466,2700.0
28467,3500.0
28468,3300.0
28469,3000.0
28470,1800.0
28471,4300.0
28472,2100.0
28473,3900.0
28474,3400.0
28475,2800.0
28476,2800.0
28477,2900.0
28478,2700.0
28479,3900.0
28480,4400.0
28481,3800.0
28482,5500.0
28483,2300.0
28484,2500.0
28485,4000.0
28486,6100.0
28487,4700.0
28488,2900.0
28489,1400.0
28490,3800.0
28491,2200.0
28492,2300.0
28493,800.0
28494,2700.0
28495,4500.0
28496,3400.0
28497,3700.0
28498,2000.0
28499,2800.0
28500,4900.0
28501,2700.0
28502,4000.0
28503,2100.0
28504,1500.0
28505,3700.0
28506,2800.0
28507,3400.0
28508,1700.0
28509,2200.0
28510,4900.0
28511,3400.0
28512,2700.0
28513,1700.0
28514,3600.0
28515,3300.0
28516,1600.0
28517,1900.0
28518,2500.0
28519,2800.0
28520,4000.0
28521,2700.0
28522,2200.0
28523,2100.0
28524,5700.0
28525,5100.0
28526,1400.0
28527,2800.0
28528,5400.0
28529,1300.0
28530,3000.0
28531,3300.0
28532,2700.0
28533,3400.0
28534,3100.0
28535,2400.0
28536,4200.0
28537,1400.0
28538,6400.0
28539,3200.0
28540,2200.0
28541,3600.0
28542,3700.0
28543,3800.0
28544,3300.0
28545,4000.0
28546,3900.0
28547,3200.0
28548,1700.0
28549,4000.0
28550,3800.0
28551,4300.0
28552,3700.0
28553,4800.0
28554,3200.0
28555,5300.0
28556,3600.0
28557,3700.0
28558,3700.0
28559,3800.0
28560,3000.0
28561,2800.0
28562,4000.0
28563,2500.0
28564,2500.0
28565,4100.0
28566,2300.0
28567,2300.0
28568,4600.0
28569,4500.0
28570,2200.0
28571,3100.0
28572,3800.0
28573,1800.0
28574,1700.0
28575,5800.0
28576,3700.0
28577,3700.0
28578,2400.0
28579,3900.0
28580,2600.0
28581,2400.0
28582,1400.0
28583,6200.0
28584,2100.0
28585,2700.0
28586,2800.0
28587,3500.0
28588,2800.0
28589,4600.0
28590,1800.0
28591,1600.0
28592,2900.0
28593,3600.0
28594,5000.0
28595,4000.0
28596,2200.0
28597,3500.0
28598,1900.0
28599,2800.0
28600,2400.0
28601,2200.0
28602,3700.0
28603,1800.0
28604,2100.0
28605,3800.0
28606,2600.0
28607,3000.0
28608,4200.0
28609,3400.0
28610,4300.0
28611,2200.0
28612,3700.0
28613,1500.0
28614,3100.0
28615,4900.0
28616,3000.0
28617,2600.0
28618,2100.0
28619,1400.0
28620,2100.0
28621,3200.0
28622,1300.0
28623,4400.0
28624,2600.0
28625,1800.0
28626,3000.0
28627,1900.0
28628,2000.0
28629,4200.0
28630,4700.0
28631,3600.0
28632,2300.0
28633,2000.0
28634,2800.0
28635,3600.0
28636,2800.0
28637,3800.0
28638,2600.0
28639,2000.0
28640,2200.0
28641,5100.0
28642,4400.0
28643,1900.0
28644,3200.0
28645,4000.0
28646,1500.0
28647,3600.0
28648,3800.0
28649,3300.0
28650,3800.0
28651,1100.0
28652,3100.0
28653,2000.0
28654,2000.0
28655,6700.0
28656,4100.0
28657,3000.0
28658,5000.0
28659,2900.0
28660,3700.0
28661,2700.0
28662,2500.0
28663,3700.0
28664,1900.0
28665,1600.0
28666,2000.0
28667,2800.0
28668,2600.0
28669,3900.0
28670,4900.0
28671,2500.0
28672,3800.0
28673,4900.0
28674,4800.0
28675,1200.0
28676,4500.0
28677,3000.0
28678,2000.0
28679,4400.0
28680,2600.0
28681,1200.0
28682,4800.0
28683,3700.0
28684,4800.0
28685,4900.0
28686,2300.0
28687,2100.0
28688,2900.0
28689,2200.0
28690,4000.0
28691,3500.0
28692,3600.0
28693,2000.0
28694,3000.0
28695,2400.0
28696,2100.0
28697,1500.0
28698,4500.0
28699,1900.0
28700,4300.0
28701,4300.0
28702,2300.0
28703,2800.0
28704,2300.0
28705,3400.0
28706,2400.0
28707,1400.0
28708,4500.0
28709,3300.0
28710,4600.0
28711,4400.0
28712,3600.0
28713,2200.0
28714,1600.0
28715,3400.0
28716,4400.0
28717,2100.0
28718,5400.0
28719,5300.0
28720,2900.0
28721,4300.0
28722,3600.0
28723,3100.0
28724,4100.0
28725,1800.0
28726,3000.0
28727,3300.0
28728,3400.0
28729,2300.0
28730,3600.0
28731,3700.0
28732,2100.0
28733,3800.0
28734,5100.0
28735,1900.0
28736,4100.0
28737,2800.0
28738,4500.0
28739,2400.0
28740,3100.0
28741,2900.0
28742,4300.0
28743,2700.0
28744,2600.0
28745,3200.0
28746,1900.0
28747,3900.0
28748,1500.0
28749,3700.0
28750,2600.0
28751,1400.0
28752,5800.0
28753,3400.0
28754,3300.0
28755,3100.0
28756,4500.0
28757,5100.0
28758,3600.0
28759,2500.0
28760,4000.0
28761,1800.0
28762,2700.0
28763,3900.0
28764,3000.0
28765,2700.0
28766,4100.0
28767,3100.0
28768,2300.0
28769,5300.0
28770,3000.0
28771,2700.0
28772,3600.0
28773,2100.0
28774,3600.0
28775,2500.0
28776,3100.0
28777,2500.0
28778,4300.0
28779,4200.0
28780,2300.0
28781,1900.0
28782,3800.0
28783,2100.0
28784,3100.0
28785,1800.0
28786,3000.0
28787,1400.0
28788,2300.0
28789,3900.0
28790,2500.0
28791,2200.0
28792,1700.0
28793,3000.0
28794,3600.0
28795,2000.0
28796,2800.0
28797,2100.0
28798,5600.0
28799,2200.0
28800,4800.0
28801,4200.0
28802,4200.0
28803,3700.0
28804,4800.0
28805,6000.0
28806,3800.0
28807,3500.0
28808,3000.0
28809,3300.0
28810,3500.0
28811,2000.0
28812,4200.0
28813,4200.0
28814,1800.0
28815,3700.0
28816,1600.0
28817,1900.0
28818,2400.0
28819,2100.0
28820,3700.0
28821,2700.0
28822,3300.0
28823,3400.0
28824,4100.0
28825,2200.0
28826,3000.0
28827,3600.0
28828,4300.0
28829,2200.0
28830,3800.0
28831,3300.0
28832,3400.0
28833,1000.0
28834,2300.0
28835,2000.0
28836,1500.0
28837,3700.0
28838,2500.0
28839,2600.0
28840,3600.0
28841,1600.0
28842,6000.0
28843,1500.0
28844,4700.0
28845,3200.0
28846,3400.0
28847,2000.0
28848,5200.0
28849,4500.0
28850,4700.0
28851,3300.0
28852,1700.0
28853,3800.0
28854,1800.0
28855,1900.0
28856,2900.0
28857,5900.0
28858,2100.0
28859,3300.0
28860,2000.0
28861,1700.0
28862,3300.0
28863,5600.0
28864,4300.0
28865,5700.0
28866,1800.0
28867,4500.0
28868,2500.0
28869,1500.0
28870,2900.0
28871,1900.0
28872,800.0
28873,1700.0
28874,2100.0
28875,2200.0
28876,2500.0
28877,2800.0
28878,2900.0
28879,3600.0
28880,1800.0
28881,2000.0
28882,4500.0
28883,2200.0
28884,2200.0
28885,2100.0
28886,4400.0
28887,2900.0
28888,7000.0
28889,2300.0
28890,4000.0
28891,2400.0
28892,4700.0
28893,5100.0
28894,3500.0
28895,3200.0
28896,2600.0
28897,5900.0
28898,2900.0
28899,3200.0
28900,2000.0
28901,1400.0
28902,3100.0
28903,2600.0
28904,2500.0
28905,4500.0
28906,1800.0
28907,6000.0
28908,4400.0
28909,4900.0
28910,4900.0
28911,5100.0
28912,1500.0
28913,3800.0
28914,2800.0
28915,2500.0
28916,2500.0
28917,3100.0
28918,3500.0
28919,3400.0
28920,5600.0
28921,2800.0
28922,3100.0
28923,3000.0
28924,2700.0
28925,3200.0
28926,1700.0
28927,2600.0
28928,1700.0
28929,1700.0
28930,2300.0
28931,1400.0
28932,2600.0
28933,4200.0
28934,1700.0
28935,3700.0
28936,4000.0
28937,5700.0
28938,3200.0
28939,4200.0
28940,2000.0
28941,5100.0
28942,4400.0
28943,3600.0
28944,2900.0
28945,3900.0
28946,4300.0
28947,3800.0
28948,2600.0
28949,1900.0
28950,3300.0
28951,1300.0
28952,3300.0
28953,5400.0
28954,1400.0
28955,4500.0
28956,5000.0
28957,2200.0
28958,2100.0
28959,4000.0
28960,1200.0
28961,2400.0
28962,1800.0
28963,1800.0
28964,2400.0
28965,3300.0
28966,3800.0
28967,4900.0
28968,3500.0
28969,2900.0
28970,2300.0
28971,5300.0
28972,5300.0
28973,2400.0
28974,2600.0
28975,3500.0
28976,1900.0
28977,2000.0
28978,1700.0
28979,1100.0
28980,1300.0
28981,2700.0
28982,2100.0
28983,3100.0
28984,3200.0
28985,3000.0
28986,2800.0
28987,2500.0
28988,1700.0
28989,4600.0
28990,3300.0
28991,2100.0
28992,2100.0
28993,1600.0
28994,1900.0
28995,3300.0
28996,3900.0
28997,2900.0
28998,3700.0
28999,3200.0
29000,5100.0
29001,2600.0
29002,1900.0
29003,4400.0
29004,1800.0
29005,2400.0
29006,3600.0
29007,4300.0
29008,3200.0
29009,4300.0
29010,2000.0
29011,4800.0
29012,4500.0
29013,3600.0
29014,1500.0
29015,2600.0
29016,4600.0
29017,4300.0
29018,6600.0
29019,4400.0
29020,2900.0
29021,3700.0
29022,1700.0
29023,6700.0
29024,2600.0
29025,1800.0
29026,2600.0
29027,2400.0
29028,3100.0
29029,2800.0
29030,3000.0
29031,2900.0
29032,6900.0
29033,4000.0
29034,5100.0
29035,3500.0
29036,2900.0
29037,3900.0
29038,2200.0
29039,3900.0
29040,5500.0
29041,5800.0
29042,2600.0
29043,3900.0
29044,5200.0
29045,3000.0
29046,2100.0
29047,1600.0
29048,3200.0
29049,4400.0
29050,2800.0
29051,3200.0
29052,2000.0
29053,2600.0
29054,2000.0
29055,2600.0
29056,6100.0
29057,5100.0
29058,6500.0
29059,4000.0
29060,2900.0
29061,4900.0
29062,1300.0
29063,3600.0
29064,3400.0
29065,3500.0
29066,4100.0
29067,7200.0
29068,3000.0
29069,4500.0
29070,1900.0
29071,3300.0
29072,3600.0
29073,4400.0
29074,4800.0
29075,4900.0
29076,4200.0
29077,2700.0
29078,3500.0
29079,3800.0
29080,3100.0
29081,4000.0
29082,1300.0
29083,4400.0
29084,5000.0
29085,1100.0
29086,1600.0
29087,2700.0
29088,3400.0
29089,1400.0
29090,3900.0
29091,1300.0
29092,1500.0
29093,5400.0
29094,3200.0
29095,2600.0
29096,3500.0
29097,3300.0
29098,4400.0
29099,2000.0
29100,4500.0
29101,3100.0
29102,3700.0
29103,1100.0
29104,5500.0
29105,4100.0
29106,1200.0
29107,1700.0
29108,2300.0
29109,2000.0
29110,2700.0
29111,3600.0
29112,3400.0
29113,4400.0
29114,5500.0
29115,2500.0
29116,1900.0
29117,1800.0
29118,2200.0
29119,2800.0
29120,2800.0
29121,4600.0
29122,3800.0
29123,5400.0
29124,2200.0
29125,3500.0
29126,3200.0
29127,4300.0
29128,3800.0
29129,3500.0
29130,2400.0
29131,3600.0
29132,1400.0
29133,6000.0
29134,4800.0
29135,2100.0
29136,1700.0
29137,3000.0
29138,3200.0
29139,2300.0
29140,4700.0
29141,2100.0
29142,3000.0
29143,4200.0
29144,2500.0
29145,3500.0
29146,1500.0
29147,3300.0
29148,2400.0
29149,1500.0
29150,3900.0
29151,2300.0
29152,3300.0
29153,4700.0
29154,4800.0
29155,4500.0
29156,2300.0
29157,4600.0
29158,4100.0
29159,3900.0
29160,2400.0
29161,4600.0
29162,2000.0
29163,5500.0
29164,3500.0
29165,1500.0
29166,3400.0
29167,2900.0
29168,4900.0
29169,3400.0
29170,4200.0
29171,2800.0
29172,3300.0
29173,3400.0
29174,1400.0
29175,1900.0
29176,2600.0
29177,3800.0
29178,2300.0
29179,3200.0
29180,1900.0
29181,4400.0
29182,2100.0
29183,5200.0
29184,1800.0
29185,1300.0
29186,3800.0
29187,4400.0
29188,2600.0
29189,3600.0
29190,3100.0
29191,2500.0
29192,4500.0
29193,4500.0
29194,5700.0
29195,2600.0
29196,3900.0
29197,2400.0
29198,4700.0
29199,2800.0
29200,4700.0
29201,3100.0
29202,3800.0
29203,1700.0
29204,4600.0
29205,3400.0
29206,1700.0
29207,5300.0
29208,2400.0
29209,2100.0
29210,3800.0
29211,2200.0
29212,2600.0
29213,1500.0
29214,2700.0
29215,2700.0
29216,3800.0
29217,2200.0
29218,3200.0
29219,4100.0
29220,2700.0
29221,4900.0
29222,3800.0
29223,2200.0
29224,3700.0
29225,2700.0
29226,5800.0
29227,4900.0
29228,4200.0
29229,3500.0
29230,1600.0
29231,3700.0
29232,3000.0
29233,4000.0
29234,3400.0
29235,4200.0
29236,2700.0
29237,1700.0
29238,4800.0
29239,2300.0
29240,2000.0
29241,3500.0
29242,5200.0
29243,4300.0
29244,4200.0
29245,5300.0
29246,2000.0
29247,3800.0
29248,3500.0
29249,1700.0
29250,2400.0
29251,4100.0
29252,3700.0
29253,2900.0
29254,2000.0
29255,2000.0
29256,4000.0
29257,3000.0
29258,3400.0
29259,2800.0
29260,5100.0
29261,3800.0
29262,5000.0
29263,3300.0
29264,3500.0
29265,1200.0
29266,3400.0
29267,1800.0
29268,1800.0
29269,3200.0
29270,3900.0
29271,2100.0
29272,2900.0
29273,1700.0
29274,1800.0
29275,2000.0
29276,3200.0
29277,2000.0
29278,3600.0
29279,4000.0
29280,4500.0
29281,2000.0
29282,2300.0
29283,2000.0
29284,3500.0
29285,2500.0
29286,2700.0
29287,3900.0
29288,2700.0
29289,4000.0
29290,4000.0
29291,5500.0
29292,2000.0
29293,2400.0
29294,2800.0
29295,2800.0
29296,4600.0
29297,4500.0
29298,3500.0
29299,3200.0
29300,2100.0
29301,2400.0
29302,5500.0
29303,4300.0
29304,4400.0
29305,4600.0
29306,1600.0
29307,5500.0
29308,2900.0
29309,4500.0
29310,3900.0
29311,1700.0
29312,4900.0
29313,2000.0
29314,1700.0
29315,3200.0
29316,3200.0
29317,2200.0
29318,5400.0
29319,5100.0
29320,3800.0
29321,2200.0
29322,3100.0
29323,4300.0
29324,3100.0
29325,3600.0
29326,2700.0
29327,1800.0
29328,3700.0
29329,2000.0
29330,1500.0
29331,3900.0
29332,4900.0
29333,3600.0
29334,3200.0
29335,3100.0
29336,3000.0
29337,2100.0
29338,2700.0
29339,2600.0
29340,3700.0
29341,2100.0
29342,4400.0
29343,4100.0
29344,3700.0
29345,5100.0
29346,4700.0
29347,4400.0
29348,3500.0
29349,3300.0
29350,4300.0
29351,3800.0
29352,2000.0
29353,4200.0
29354,1800.0
29355,2000.0
29356,2200.0
29357,2900.0
29358,2800.0
29359,2000.0
29360,3600.0
29361,5300.0
29362,2400.0
29363,3300.0
29364,3900.0
29365,2700.0
29366,3100.0
29367,4200.0
29368,3600.0
29369,2000.0
29370,3800.0
29371,4900.0
29372,2800.0
29373,4100.0
29374,3100.0
29375,1400.0
29376,2000.0
29377,4200.0
29378,5100.0
29379,3300.0
29380,3600.0
29381,2200.0
29382,4900.0
29383,5300.0
29384,6100.0
29385,3800.0
29386,3600.0
29387,3800.0
29388,3000.0
29389,3200.0
29390,3500.0
29391,4800.0
29392,1300.0
29393,3300.0
29394,2700.0
29395,2300.0
29396,3200.0
29397,1600.0
29398,2900.0
29399,3000.0
29400,2600.0
29401,4100.0
29402,2700.0
29403,3500.0
29404,4500.0
29405,4100.0
29406,4000.0
29407,1600.0
29408,3300.0
29409,2600.0
29410,4100.0
29411,3700.0
29412,4400.0
29413,600.0
29414,3000.0
29415,3500.0
29416,2700.0
29417,4700.0
29418,1800.0
29419,5000.0
29420,2300.0
29421,3400.0
29422,4600.0
29423,1800.0
29424,4100.0
29425,3200.0
29426,5800.0
29427,2500.0
29428,4000.0
29429,5800.0
29430,2900.0
29431,3300.0
29432,2900.0
29433,2500.0
29434,2900.0
29435,3400.0
29436,3800.0
29437,3700.0
29438,2100.0
29439,3300.0
29440,2200.0
29441,3600.0
29442,3900.0
29443,3700.0
29444,3500.0
29445,1600.0
29446,3000.0
29447,5300.0
29448,4000.0
29449,6000.0
29450,1800.0
29451,4200.0
29452,1900.0
29453,4000.0
29454,2200.0
29455,3500.0
29456,2600.0
29457,4900.0
29458,2300.0
29459,2500.0
29460,3100.0
29461,4400.0
29462,5500.0
29463,3400.0
29464,2200.0
29465,1400.0
29466,4400.0
29467,5300.0
29468,3900.0
29469,1800.0
29470,2200.0
29471,1800.0
29472,2100.0
29473,1700.0
29474,3100.0
29475,5100.0
29476,4200.0
29477,4100.0
29478,1900.0
29479,4000.0
29480,2200.0
29481,2700.0
29482,2800.0
29483,2800.0
29484,2900.0
29485,3200.0
29486,2100.0
29487,1600.0
29488,2600.0
29489,3400.0
29490,4800.0
29491,2400.0
29492,1300.0
29493,2000.0
29494,2400.0
29495,4100.0
29496,2800.0
29497,3400.0
29498,2700.0
29499,2600.0
29500,2900.0
29501,4500.0
29502,4400.0
29503,4500.0
29504,2000.0
29505,4300.0
29506,4400.0
29507,1800.0
29508,1500.0
29509,800.0
29510,2000.0
29511,3600.0
29512,4200.0
29513,1800.0
29514,4700.0
29515,1800.0
29516,1500.0
29517,3700.0
29518,2600.0
29519,3400.0
29520,1600.0
29521,3500.0
29522,3100.0
29523,1700.0
29524,4800.0
29525,2300.0
29526,2800.0
29527,1900.0
29528,3400.0
29529,2000.0
29530,1400.0
29531,2900.0
29532,2100.0
29533,2900.0
29534,1600.0
29535,1900.0
29536,1300.0
29537,3100.0
29538,2400.0
29539,3200.0
29540,3500.0
29541,2400.0
29542,4300.0
29543,2200.0
29544,1400.0
29545,4200.0
29546,3400.0
29547,4600.0
29548,2000.0
29549,1800.0
29550,2800.0
29551,4000.0
29552,5500.0
29553,2500.0
29554,2600.0
29555,1700.0
29556,3100.0
29557,4500.0
29558,2200.0
29559,2500.0
29560,3100.0
29561,1000.0
29562,4000.0
29563,3900.0
29564,2100.0
29565,2500.0
29566,5400.0
29567,2700.0
29568,2900.0
29569,2600.0
29570,4200.0
29571,3300.0
29572,2900.0
29573,4600.0
29574,3700.0
29575,2700.0
29576,2000.0
29577,2900.0
29578,4500.0
29579,4300.0
29580,4900.0
29581,2400.0
29582,3400.0
29583,2700.0
29584,3600.0
29585,5200.0
29586,4700.0
29587,3300.0
29588,3600.0
29589,2100.0
29590,5900.0
29591,3700.0
29592,2200.0
29593,4800.0
29594,4200.0
29595,3500.0
29596,4200.0
29597,4500.0
29598,7900.0
29599,4900.0
29600,2700.0
29601,2300.0
29602,2200.0
29603,5600.0
29604,2000.0
29605,3500.0
29606,2700.0
29607,2900.0
29608,1400.0
29609,3900.0
29610,4900.0
29611,2400.0
29612,4300.0
29613,2500.0
29614,2500.0
29615,3000.0
29616,4500.0
29617,4300.0
29618,2500.0
29619,1400.0
29620,3300.0
29621,3900.0
29622,2800.0
29623,2300.0
29624,4200.0
29625,4900.0
29626,4900.0
29627,4000.0
29628,3700.0
29629,1800.0
29630,3800.0
29631,3000.0
29632,4300.0
29633,2500.0
29634,4700.0
29635,1000.0
29636,3200.0
29637,3700.0
29638,2700.0
29639,3100.0
29640,4600.0
29641,4600.0
29642,4600.0
29643,2900.0
29644,3200.0
29645,4400.0
29646,3200.0
29647,3400.0
29648,4000.0
29649,3500.0
29650,3100.0
29651,2200.0
29652,5100.0
29653,2800.0
29654,3600.0
29655,2800.0
29656,3600.0
29657,2300.0
29658,1900.0
29659,2200.0
29660,4700.0
29661,3600.0
29662,6700.0
29663,3000.0
29664,3200.0
29665,1600.0
29666,1500.0
29667,3500.0
29668,2200.0
29669,4400.0
29670,6300.0
29671,1200.0
29672,4000.0
29673,2800.0
29674,2000.0
29675,1700.0
29676,1100.0
29677,3100.0
29678,5300.0
29679,1000.0
29680,3200.0
29681,3600.0
29682,2600.0
29683,2300.0
29684,3700.0
29685,3400.0
29686,1900.0
29687,3400.0
29688,2500.0
29689,3600.0
29690,3500.0
29691,2400.0
29692,2100.0
29693,2000.0
29694,4100.0
29695,4100.0
29696,1800.0
29697,3700.0
29698,6400.0
29699,2800.0
29700,3800.0
29701,2500.0
29702,3000.0
29703,2300.0
29704,2300.0
29705,2700.0
29706,3000.0
29707,3000.0
29708,3100.0
29709,3600.0
29710,1800.0
29711,3800.0
29712,3900.0
29713,1500.0
29714,4000.0
29715,3900.0
29716,2300.0
29717,2000.0
29718,4600.0
29719,1900.0
29720,2300.0
29721,900.0
29722,1500.0
29723,3800.0
29724,4200.0
29725,3500.0
29726,2200.0
29727,3800.0
29728,2600.0
29729,3500.0
29730,6300.0
29731,3100.0
29732,3900.0
29733,2300.0
29734,3800.0
29735,3800.0
29736,2600.0
29737,2800.0
29738,2300.0
29739,2900.0
29740,4800.0
29741,4800.0
29742,2500.0
29743,1700.0
29744,7100.0
29745,2800.0
29746,4800.0
29747,4800.0
29748,2700.0
29749,2400.0
29750,4600.0
29751,3600.0
29752,1400.0
29753,2200.0
29754,1800.0
29755,3500.0
29756,2600.0
29757,4200.0
29758,1400.0
29759,2400.0
29760,900.0
29761,2100.0
29762,3000.0
29763,1500.0
29764,1900.0
29765,3300.0
29766,2200.0
29767,4100.0
29768,2000.0
29769,1600.0
29770,2600.0
29771,1700.0
29772,1900.0
29773,3400.0
29774,3300.0
29775,3300.0
29776,3800.0
29777,2700.0
29778,3000.0
29779,2400.0
29780,1700.0
29781,2200.0
29782,8000.0
29783,2800.0
29784,1900.0
29785,3700.0
29786,3200.0
29787,1800.0
29788,4600.0
29789,1700.0
29790,1800.0
29791,2400.0
29792,2900.0
29793,2500.0
29794,5500.0
29795,4500.0
29796,1900.0
29797,2700.0
29798,3400.0
29799,2200.0
29800,3300.0
29801,5000.0
29802,3000.0
29803,4000.0
29804,3200.0
29805,3800.0
29806,2000.0
29807,2400.0
29808,1300.0
29809,1900.0
29810,3900.0
29811,1900.0
29812,1500.0
29813,2000.0
29814,1800.0
29815,1600.0
29816,2400.0
29817,2500.0
29818,1500.0
29819,2000.0
29820,4300.0
29821,3500.0
29822,2400.0
29823,2800.0
29824,1400.0
29825,2100.0
29826,3200.0
29827,5600.0
29828,4300.0
29829,3300.0
29830,3900.0
29831,3600.0
29832,3100.0
29833,4300.0
29834,3700.0
29835,3200.0
29836,4500.0
29837,1900.0
29838,4000.0
29839,3700.0
29840,4200.0
29841,2600.0
29842,3500.0
29843,400.0
29844,1900.0
29845,3100.0
29846,2800.0
29847,4400.0
29848,2400.0
29849,1700.0
29850,2200.0
29851,5700.0
29852,2400.0
29853,3300.0
29854,4300.0
29855,3700.0
29856,1500.0
29857,2700.0
29858,3900.0
29859,2600.0
29860,2900.0
29861,1900.0
29862,3000.0
29863,2300.0
29864,2400.0
29865,2300.0
29866,3900.0
29867,3500.0
29868,3700.0
29869,3900.0
29870,4100.0
29871,2500.0
29872,2600.0
29873,2600.0
29874,4200.0
29875,2500.0
29876,3200.0
29877,5000.0
29878,3000.0
29879,2600.0
29880,3300.0
29881,3500.0
29882,2200.0
29883,3300.0
29884,4100.0
29885,4200.0
29886,4100.0
29887,1500.0
29888,4600.0
29889,2200.0
29890,3800.0
29891,1500.0
29892,1700.0
29893,3300.0
29894,4000.0
29895,3100.0
29896,3200.0
29897,1700.0
29898,2200.0
29899,2200.0
29900,4500.0
29901,3900.0
29902,3200.0
29903,2300.0
29904,1400.0
29905,1100.0
29906,3100.0
29907,4400.0
29908,3900.0
29909,1900.0
29910,4100.0
29911,3200.0
29912,2800.0
29913,2300.0
29914,4200.0
29915,5500.0
29916,6000.0
29917,4100.0
29918,4100.0
29919,3500.0
29920,3000.0
29921,2900.0
29922,4800.0
29923,3100.0
29924,1400.0
29925,4000.0
29926,2300.0
29927,3600.0
29928,1800.0
29929,2400.0
29930,3900.0
29931,2200.0
29932,1100.0
29933,2600.0
29934,3600.0
29935,2900.0
29936,4800.0
29937,3600.0
29938,4500.0
29939,3400.0
29940,2400.0
29941,2200.0
29942,2700.0
29943,2100.0
29944,1600.0
29945,3300.0
29946,4200.0
29947,4500.0
29948,2400.0
29949,2000.0
29950,3500.0
29951,2000.0
29952,1900.0
29953,2500.0
29954,6000.0
29955,2600.0
29956,2500.0
29957,3400.0
29958,4200.0
29959,2200.0
29960,1500.0
29961,4300.0
29962,5400.0
29963,2900.0
29964,2600.0
29965,2900.0
29966,3400.0
29967,4500.0
29968,4600.0
29969,4900.0
29970,2200.0
29971,1800.0
29972,2000.0
29973,3000.0
29974,4500.0
29975,3000.0
29976,3200.0
29977,4600.0
29978,3600.0
29979,5700.0
29980,3800.0
29981,2300.0
29982,1900.0
29983,4000.0
29984,1000.0
29985,2100.0
29986,5000.0
29987,2900.0
29988,1500.0
29989,2000.0
29990,1800.0
29991,2500.0
29992,5200.0
29993,2500.0
29994,2800.0
29995,3900.0
29996,3000.0
29997,4200.0
29998,3400.0
29999,4900.0
30000,2400.0
30001,3600.0
30002,2500.0
30003,2700.0
30004,4100.0
30005,2300.0
30006,1900.0
30007,3200.0
30008,2400.0
30009,2800.0
30010,1900.0
30011,3200.0
30012,3000.0
30013,2900.0
30014,5700.0
30015,1800.0
30016,3400.0
30017,3100.0
30018,2500.0
30019,2800.0
30020,4600.0
30021,2000.0
30022,900.0
30023,2400.0
30024,4000.0
30025,5200.0
30026,3000.0
30027,1900.0
30028,3000.0
30029,5300.0
30030,1400.0
30031,4100.0
30032,5800.0
30033,4600.0
30034,2700.0
30035,1600.0
30036,3100.0
30037,2500.0
30038,1500.0
30039,4000.0
30040,2000.0
30041,2200.0
30042,2300.0
30043,2400.0
30044,4300.0
30045,3800.0
30046,3500.0
30047,2700.0
30048,2400.0
30049,3900.0
30050,1700.0
30051,2100.0
30052,4300.0
30053,5600.0
30054,3900.0
30055,3500.0
30056,5200.0
30057,2600.0
30058,3800.0
30059,4300.0
30060,5800.0
30061,1900.0
30062,1400.0
30063,3600.0
30064,1100.0
30065,4600.0
30066,5100.0
30067,3100.0
30068,2400.0
30069,4000.0
30070,5300.0
30071,2300.0
30072,4500.0
30073,4900.0
30074,2400.0
30075,1600.0
30076,1700.0
30077,2000.0
30078,4400.0
30079,2200.0
30080,2100.0
30081,2200.0
30082,4200.0
30083,2300.0
30084,1900.0
30085,2100.0
30086,1600.0
30087,2100.0
30088,1900.0
30089,2800.0
30090,1400.0
30091,2200.0
30092,3700.0
30093,5000.0
30094,3700.0
30095,4700.0
30096,4100.0
30097,2600.0
30098,3300.0
30099,3200.0
30100,4200.0
30101,2100.0
30102,2600.0
30103,1800.0
30104,3000.0
30105,1500.0
30106,2600.0
30107,5000.0
30108,3300.0
30109,2600.0
30110,3000.0
30111,2200.0
30112,4600.0
30113,4600.0
30114,2600.0
30115,2300.0
30116,3500.0
30117,1700.0
30118,3900.0
30119,2500.0
30120,5900.0
30121,2500.0
30122,1900.0
30123,2700.0
30124,3100.0
30125,3600.0
30126,3000.0
30127,2500.0
30128,3200.0
30129,1800.0
30130,2100.0
30131,3900.0
30132,1600.0
30133,2000.0
30134,1000.0
30135,3600.0
30136,4600.0
30137,1400.0
30138,2600.0
30139,2600.0
30140,2300.0
30141,1900.0
30142,2800.0
30143,5100.0
30144,3800.0
30145,3400.0
30146,4400.0
30147,3200.0
30148,3700.0
30149,3400.0
30150,1200.0
30151,2600.0
30152,3300.0
30153,2400.0
30154,2000.0
30155,3400.0
30156,2400.0
30157,3400.0
30158,3600.0
30159,1800.0
30160,3000.0
30161,5100.0
30162,4600.0
30163,4400.0
30164,1900.0
30165,5000.0
30166,2700.0
30167,4200.0
30168,2300.0
30169,5000.0
30170,3700.0
30171,4300.0
30172,1900.0
30173,4400.0
30174,3000.0
30175,3800.0
30176,5600.0
30177,3900.0
30178,1900.0
30179,900.0
30180,3000.0
30181,1900.0
30182,2200.0
30183,2000.0
30184,1900.0
30185,2700.0
30186,2400.0
30187,1800.0
30188,1700.0
30189,3000.0
30190,4900.0
30191,2300.0
30192,3800.0
30193,4100.0
30194,2600.0
30195,2000.0
30196,4800.0
30197,1800.0
30198,4400.0
30199,3100.0
30200,4900.0
30201,4300.0
30202,2000.0
30203,4100.0
30204,2800.0
30205,1500.0
30206,4900.0
30207,3800.0
30208,1800.0
30209,3600.0
30210,4800.0
30211,4300.0
30212,4000.0
30213,4600.0
30214,1800.0
30215,3200.0
30216,4000.0
30217,3000.0
30218,2800.0
30219,2100.0
30220,4700.0
30221,1800.0
30222,2100.0
30223,2000.0
30224,3100.0
30225,3800.0
30226,3400.0
30227,4100.0
30228,2500.0
30229,3400.0
30230,3200.0
30231,4000.0
30232,1900.0
30233,5600.0
30234,2400.0
30235,3300.0
30236,3100.0
30237,4100.0
30238,3200.0
30239,2100.0
30240,800.0
30241,3000.0
30242,2300.0
30243,3500.0
30244,1800.0
30245,4700.0
30246,1700.0
30247,1600.0
30248,2200.0
30249,3400.0
30250,3200.0
30251,2400.0
30252,2800.0
30253,4200.0
30254,4100.0
30255,1700.0
30256,3000.0
30257,2000.0
30258,2900.0
30259,4300.0
30260,2200.0
30261,2300.0
30262,5600.0
30263,4200.0
30264,2100.0
30265,4500.0
30266,1100.0
30267,2800.0
30268,4600.0
30269,3700.0
30270,3300.0
30271,1900.0
30272,2300.0
30273,3200.0
30274,4900.0
30275,3500.0
30276,3000.0
30277,4300.0
30278,2500.0
30279,1900.0
30280,2700.0
30281,3800.0
30282,2900.0
30283,2700.0
30284,4800.0
30285,2000.0
30286,1900.0
30287,4600.0
30288,1600.0
30289,2100.0
30290,1900.0
30291,2000.0
30292,3500.0
30293,3700.0
30294,2700.0
30295,3800.0
30296,3100.0
30297,5000.0
30298,3300.0
30299,3700.0
30300,2500.0
30301,4800.0
30302,3400.0
30303,3900.0
30304,4300.0
30305,3100.0
30306,2800.0
30307,2900.0
30308,4200.0
30309,1700.0
30310,1800.0
30311,3900.0
30312,1300.0
30313,4100.0
30314,3900.0
30315,4300.0
30316,2600.0
30317,2100.0
30318,4100.0
30319,2500.0
30320,3600.0
30321,2500.0
30322,4400.0
30323,3500.0
30324,3500.0
30325,2700.0
30326,1700.0
30327,2900.0
30328,4000.0
30329,2000.0
30330,5600.0
30331,3400.0
30332,2400.0
30333,4600.0
30334,2500.0
30335,1900.0
30336,4200.0
30337,3400.0
30338,4500.0
30339,2900.0
30340,3500.0
30341,3700.0
30342,1900.0
30343,5000.0
30344,2200.0
30345,3900.0
30346,3600.0
30347,2100.0
30348,3700.0
30349,1900.0
30350,1700.0
30351,1500.0
30352,3800.0
30353,3300.0
30354,2600.0
30355,2600.0
30356,2700.0
30357,3200.0
30358,5400.0
30359,3200.0
30360,3300.0
30361,3200.0
30362,2500.0
30363,1700.0
30364,3500.0
30365,1600.0
30366,2900.0
30367,3200.0
30368,3000.0
30369,3500.0
30370,3800.0
30371,4800.0
30372,2900.0
30373,3600.0
30374,1900.0
30375,3400.0
30376,3600.0
30377,2300.0
30378,2300.0
30379,2700.0
30380,3500.0
30381,2700.0
30382,3900.0
30383,4200.0
30384,3000.0
30385,2900.0
30386,3800.0
30387,3400.0
30388,2000.0
30389,1800.0
30390,1800.0
30391,1800.0
30392,3800.0
30393,4700.0
30394,3800.0
30395,2700.0
30396,2000.0
30397,4200.0
30398,4000.0
30399,2500.0
30400,1500.0
30401,3400.0
30402,1600.0
30403,3100.0
30404,2900.0
30405,2600.0
30406,1900.0
30407,2400.0
30408,6000.0
30409,3100.0
30410,3000.0
30411,1700.0
30412,6600.0
30413,5200.0
30414,2000.0
30415,3900.0
30416,3900.0
30417,2800.0
30418,3700.0
30419,3400.0
30420,2100.0
30421,5300.0
30422,1900.0
30423,2900.0
30424,3800.0
30425,2800.0
30426,4300.0
30427,5400.0
30428,4200.0
30429,4000.0
30430,4000.0
30431,3700.0
30432,3900.0
30433,1800.0
30434,2200.0
30435,2400.0
30436,2400.0
30437,1500.0
30438,1800.0
30439,4500.0
30440,5400.0
30441,1700.0
30442,2200.0
30443,3300.0
30444,1500.0
30445,2800.0
30446,2900.0
30447,1200.0
30448,4700.0
30449,2400.0
30450,2300.0
30451,2800.0
30452,2600.0
30453,3800.0
30454,4100.0
30455,4100.0
30456,1900.0
30457,2200.0
30458,2200.0
30459,3400.0
30460,1900.0
30461,1800.0
30462,1800.0
30463,2100.0
30464,2600.0
30465,4800.0
30466,2300.0
30467,1700.0
30468,1600.0
30469,4700.0
30470,5700.0
30471,4500.0
30472,3600.0
30473,4700.0
30474,4700.0
30475,2500.0
30476,2500.0
30477,3000.0
30478,4700.0
30479,3000.0
30480,3600.0
30481,4400.0
30482,3200.0
30483,3700.0
30484,5400.0
30485,3800.0
30486,800.0
30487,1800.0
30488,2800.0
30489,1500.0
30490,2500.0
30491,2600.0
30492,4600.0
30493,2800.0
30494,2300.0
30495,3400.0
30496,4200.0
30497,4400.0
30498,2900.0
30499,4300.0
30500,2200.0
30501,2100.0
30502,3800.0
30503,5000.0
30504,4000.0
30505,3700.0
30506,4500.0
30507,6100.0
30508,3400.0
30509,3300.0
30510,3500.0
30511,3600.0
30512,5600.0
30513,2600.0
30514,2300.0
30515,3200.0
30516,3700.0
30517,1400.0
30518,3100.0
30519,3700.0
30520,600.0
30521,2300.0
30522,5200.0
30523,2800.0
30524,3600.0
30525,4800.0
30526,1500.0
30527,2800.0
30528,3100.0
30529,4400.0
30530,3700.0
30531,3300.0
30532,2700.0
30533,3700.0
30534,1700.0
30535,2400.0
30536,2500.0
30537,5500.0
30538,5900.0
30539,5800.0
30540,2100.0
30541,3100.0
30542,5200.0
30543,4500.0
30544,1800.0
30545,2500.0
30546,4300.0
30547,3400.0
30548,4200.0
30549,1700.0
30550,3700.0
30551,2300.0
30552,2000.0
30553,2300.0
30554,2200.0
30555,5000.0
30556,2500.0
30557,4400.0
30558,2800.0
30559,1300.0
30560,2800.0
30561,1200.0
30562,1200.0
30563,4200.0
30564,1900.0
30565,2400.0
30566,2900.0
30567,1600.0
30568,3800.0
30569,2200.0
30570,2200.0
30571,3400.0
30572,1900.0
30573,3000.0
30574,2600.0
30575,3900.0
30576,1700.0
30577,3400.0
30578,3200.0
30579,1400.0
30580,2600.0
30581,5700.0
30582,3500.0
30583,2600.0
30584,2600.0
30585,2300.0
30586,1100.0
30587,4600.0
30588,1400.0
30589,2100.0
30590,5200.0
30591,2800.0
30592,3500.0
30593,1300.0
30594,1500.0
30595,3300.0
30596,3700.0
30597,3800.0
30598,2000.0
30599,2900.0
30600,2100.0
30601,2000.0
30602,4800.0
30603,2200.0
30604,3500.0
30605,4300.0
30606,3400.0
30607,3700.0
30608,3400.0
30609,4300.0
30610,2300.0
30611,2600.0
30612,2600.0
30613,2800.0
30614,3000.0
30615,1900.0
30616,3800.0
30617,1600.0
30618,1100.0
30619,3700.0
30620,2300.0
30621,4000.0
30622,3300.0
30623,3100.0
30624,2200.0
30625,4300.0
30626,1800.0
30627,3600.0
30628,4000.0
30629,1700.0
30630,3800.0
30631,1900.0
30632,1700.0
30633,5100.0
30634,1000.0
30635,900.0
30636,2900.0
30637,4100.0
30638,2300.0
30639,2400.0
30640,2000.0
30641,1700.0
30642,2100.0
30643,4200.0
30644,3500.0
30645,3600.0
30646,1900.0
30647,4300.0
30648,1900.0
30649,1300.0
30650,1500.0
30651,2700.0
30652,2100.0
30653,4300.0
30654,3400.0
30655,5100.0
30656,3800.0
30657,1400.0
30658,2900.0
30659,2600.0
30660,3000.0
30661,2500.0
30662,5000.0
30663,3200.0
30664,4500.0
30665,3800.0
30666,5100.0
30667,1000.0
30668,5300.0
30669,2100.0
30670,3100.0
30671,3700.0
30672,4500.0
30673,4100.0
30674,2500.0
30675,4000.0
30676,1700.0
30677,1800.0
30678,3100.0
30679,5700.0
30680,5200.0
30681,2300.0
30682,2100.0
30683,2800.0
30684,2100.0
30685,2300.0
30686,2800.0
30687,2900.0
30688,4300.0
30689,2700.0
30690,4800.0
30691,4500.0
30692,1600.0
30693,3300.0
30694,3200.0
30695,3000.0
30696,4700.0
30697,1500.0
30698,4100.0
30699,4400.0
30700,2800.0
30701,3000.0
30702,2300.0
30703,1400.0
30704,3400.0
30705,2000.0
30706,4400.0
30707,4000.0
30708,2200.0
30709,3600.0
30710,2100.0
30711,3800.0
30712,4600.0
30713,3400.0
30714,5400.0
30715,2500.0
30716,5600.0
30717,2600.0
30718,4000.0
30719,2500.0
30720,1900.0
30721,2000.0
30722,4000.0
30723,4600.0
30724,2900.0
30725,2700.0
30726,2400.0
30727,4300.0
30728,2700.0
30729,2700.0
30730,2200.0
30731,2600.0
30732,1700.0
30733,4700.0
30734,2000.0
30735,4400.0
30736,3900.0
30737,2100.0
30738,2000.0
30739,3800.0
30740,3500.0
30741,4700.0
30742,1800.0
30743,1700.0
30744,3600.0
30745,1900.0
30746,700.0
30747,2200.0
30748,2600.0
30749,1000.0
30750,2800.0
30751,2100.0
30752,1600.0
30753,1000.0
30754,3000.0
30755,1800.0
30756,2500.0
30757,2800.0
30758,2600.0
30759,1900.0
30760,4200.0
30761,1600.0
30762,1600.0
30763,3800.0
30764,4100.0
30765,3300.0
30766,2600.0
30767,1700.0
30768,4800.0
30769,2300.0
30770,2100.0
30771,5000.0
30772,2300.0
30773,700.0
30774,2500.0
30775,1700.0
30776,1600.0
30777,3400.0
30778,5600.0
30779,2700.0
30780,2700.0
30781,4700.0
30782,4500.0
30783,5000.0
30784,5800.0
30785,4600.0
30786,3100.0
30787,4100.0
30788,3800.0
30789,1500.0
30790,1600.0
30791,1800.0
30792,2300.0
30793,3000.0
30794,2000.0
30795,6500.0
30796,2000.0
30797,2100.0
30798,2900.0
30799,3400.0
30800,1900.0
30801,2800.0
30802,5400.0
30803,3200.0
30804,1600.0
30805,2400.0
30806,2100.0
30807,4400.0
30808,2700.0
30809,3400.0
30810,3000.0
30811,4300.0
30812,3400.0
30813,3200.0
30814,2800.0
30815,4700.0
30816,2100.0
30817,4600.0
30818,1700.0
30819,3500.0
30820,3000.0
30821,5000.0
30822,2300.0
30823,6100.0
30824,2400.0
30825,3100.0
30826,5200.0
30827,3600.0
30828,2700.0
30829,1700.0
30830,2000.0
30831,1600.0
30832,3900.0
30833,3300.0
30834,3500.0
30835,5700.0
30836,3200.0
30837,2300.0
30838,3600.0
30839,3900.0
30840,5200.0
30841,1300.0
30842,3100.0
30843,1900.0
30844,4300.0
30845,1900.0
30846,3900.0
30847,3100.0
30848,1900.0
30849,3800.0
30850,3300.0
30851,1200.0
30852,2200.0
30853,6600.0
30854,1300.0
30855,2600.0
30856,2300.0
30857,2200.0
30858,4700.0
30859,700.0
30860,4400.0
30861,5000.0
30862,3400.0
30863,1300.0
30864,2500.0
30865,2600.0
30866,1400.0
30867,3000.0
30868,2600.0
30869,2300.0
30870,4400.0
30871,2700.0
30872,3400.0
30873,1700.0
30874,2100.0
30875,3000.0
30876,4800.0
30877,3900.0
30878,2900.0
30879,2200.0
30880,3700.0
30881,2300.0
30882,4600.0
30883,2400.0
30884,4200.0
30885,1300.0
30886,3300.0
30887,6300.0
30888,3400.0
30889,4100.0
30890,4000.0
30891,2300.0
30892,3200.0
30893,4700.0
30894,1800.0
30895,2100.0
30896,5100.0
30897,3900.0
30898,3200.0
30899,3000.0
30900,2800.0
30901,4100.0
30902,2000.0
30903,4200.0
30904,3000.0
30905,5500.0
30906,4000.0
30907,2600.0
30908,2500.0
30909,2500.0
30910,2000.0
30911,4500.0
30912,1800.0
30913,5400.0
30914,4000.0
30915,4300.0
30916,3200.0
30917,3100.0
30918,3800.0
30919,1900.0
30920,3700.0
30921,2800.0
30922,1600.0
30923,3300.0
30924,4500.0
30925,2100.0
30926,3700.0
30927,2300.0
30928,4900.0
30929,6500.0
30930,3700.0
30931,3000.0
30932,2100.0
30933,4400.0
30934,2800.0
30935,1500.0
30936,1000.0
30937,3300.0
30938,3200.0
30939,3500.0
30940,3200.0
30941,1600.0
30942,2500.0
30943,4000.0
30944,3200.0
30945,2200.0
30946,2900.0
30947,2900.0
30948,1400.0
30949,3800.0
30950,4400.0
30951,3400.0
30952,4600.0
30953,2100.0
30954,2300.0
30955,3300.0
30956,1700.0
30957,1300.0
30958,3200.0
30959,2700.0
30960,4400.0
30961,1500.0
30962,2300.0
30963,4000.0
30964,3900.0
30965,2000.0
30966,3200.0
30967,1700.0
30968,3100.0
30969,2700.0
30970,3900.0
30971,2800.0
30972,3100.0
30973,2000.0
30974,2200.0
30975,4100.0
30976,2500.0
30977,4600.0
30978,2500.0
30979,3000.0
30980,3100.0
30981,2700.0
30982,2800.0
30983,3500.0
30984,4000.0
30985,2600.0
30986,2000.0
30987,4100.0
30988,2900.0
30989,3000.0
30990,1700.0
30991,4400.0
30992,3000.0
30993,2700.0
30994,2400.0
30995,3200.0
30996,2200.0
30997,3400.0
30998,1800.0
30999,4400.0
31000,4300.0
31001,3800.0
31002,2700.0
31003,5300.0
31004,3400.0
31005,4800.0
31006,2700.0
31007,2000.0
31008,1900.0
31009,3300.0
31010,4400.0
31011,2100.0
31012,1800.0
31013,2800.0
31014,2600.0
31015,2100.0
31016,3100.0
31017,2800.0
31018,2700.0
31019,2600.0
31020,1400.0
31021,1700.0
31022,2600.0
31023,3400.0
31024,2200.0
31025,2200.0
31026,2900.0
31027,3300.0
31028,3900.0
31029,5000.0
31030,3400.0
31031,1500.0
31032,5200.0
31033,3900.0
31034,2100.0
31035,3700.0
31036,3300.0
31037,1500.0
31038,5100.0
31039,2100.0
31040,6100.0
31041,2600.0
31042,2600.0
31043,2600.0
31044,2000.0
31045,2800.0
31046,2100.0
31047,2700.0
31048,1200.0
31049,3400.0
31050,3100.0
31051,2000.0
31052,2500.0
31053,5900.0
31054,4900.0
31055,3400.0
31056,1700.0
31057,1700.0
31058,5100.0
31059,2100.0
31060,4300.0
31061,1900.0
31062,2900.0
31063,4200.0
31064,2300.0
31065,3000.0
31066,3500.0
31067,3000.0
31068,1900.0
31069,1500.0
31070,1900.0
31071,3800.0
31072,2400.0
31073,2600.0
31074,3400.0
31075,2000.0
31076,3600.0
31077,3000.0
31078,3300.0
31079,3700.0
31080,2000.0
31081,1600.0
31082,3900.0
31083,5100.0
31084,3400.0
31085,4100.0
31086,2200.0
31087,2700.0
31088,3600.0
31089,1200.0
31090,5300.0
31091,2200.0
31092,2500.0
31093,2500.0
31094,1400.0
31095,2500.0
31096,2100.0
31097,2000.0
31098,3200.0
31099,3400.0
31100,2000.0
31101,2900.0
31102,1800.0
31103,3500.0
31104,1800.0
31105,3200.0
31106,6000.0
31107,5100.0
31108,2100.0
31109,2200.0
31110,3500.0
31111,2200.0
31112,4100.0
31113,2700.0
31114,2900.0
31115,2700.0
31116,5900.0
31117,2400.0
31118,2400.0
31119,3000.0
31120,2200.0
31121,2300.0
31122,1700.0
31123,2100.0
31124,4600.0
31125,5100.0
31126,2700.0
31127,1900.0
31128,2100.0
31129,4600.0
31130,2900.0
31131,2000.0
31132,2700.0
31133,3300.0
31134,2100.0
31135,2500.0
31136,1800.0
31137,2300.0
31138,4000.0
31139,3500.0
31140,3100.0
31141,3900.0
31142,2700.0
31143,2400.0
31144,2200.0
31145,1600.0
31146,4200.0
31147,1700.0
31148,3400.0
31149,1800.0
31150,1500.0
31151,2900.0
31152,4800.0
31153,1900.0
31154,1600.0
31155,2500.0
31156,2000.0
31157,2200.0
31158,1300.0
31159,4500.0
31160,3400.0
31161,3700.0
31162,3700.0
31163,2700.0
31164,5000.0
31165,3500.0
31166,1900.0
31167,4400.0
31168,1500.0
31169,4000.0
31170,3900.0
31171,3600.0
31172,4200.0
31173,4000.0
31174,1800.0
31175,5500.0
31176,4300.0
31177,4800.0
31178,4900.0
31179,2200.0
31180,1800.0
31181,1400.0
31182,3500.0
31183,2700.0
31184,2200.0
31185,1700.0
31186,2400.0
31187,2100.0
31188,4000.0
31189,2900.0
31190,1500.0
31191,3200.0
31192,1100.0
31193,3100.0
31194,4200.0
31195,2100.0
31196,2400.0
31197,3000.0
31198,1300.0
31199,1400.0
31200,3000.0
31201,2500.0
31202,1600.0
31203,2500.0
31204,2200.0
31205,5800.0
31206,3300.0
31207,3000.0
31208,3500.0
31209,1800.0
31210,3800.0
31211,2400.0
31212,1500.0
31213,5700.0
31214,4200.0
31215,1700.0
31216,3300.0
31217,2400.0
31218,3200.0
31219,2700.0
31220,3100.0
31221,3500.0
31222,1400.0
31223,3200.0
31224,4300.0
31225,1600.0
31226,5100.0
31227,3300.0
31228,3700.0
31229,5300.0
31230,1800.0
31231,4800.0
31232,2200.0
31233,1600.0
31234,4100.0
31235,1200.0
31236,4200.0
31237,3700.0
31238,3000.0
31239,1100.0
31240,3600.0
31241,3400.0
31242,3200.0
31243,5600.0
31244,1600.0
31245,2000.0
31246,4900.0
31247,4300.0
31248,4300.0
31249,1800.0
31250,1800.0
31251,2400.0
31252,2900.0
31253,4000.0
31254,2800.0
31255,3200.0
31256,2900.0
31257,2000.0
31258,1600.0
31259,1200.0
31260,2900.0
31261,3500.0
31262,3900.0
31263,3500.0
31264,3300.0
31265,3600.0
31266,3500.0
31267,1700.0
31268,3700.0
31269,2300.0
31270,3800.0
31271,1600.0
31272,1800.0
31273,2600.0
31274,4400.0
31275,1700.0
31276,3000.0
31277,3400.0
31278,5700.0
31279,2300.0
31280,3000.0
31281,3500.0
31282,2000.0
31283,2200.0
31284,2400.0
31285,4600.0
31286,2100.0
31287,3700.0
31288,2700.0
31289,1700.0
31290,1900.0
31291,2900.0
31292,2700.0
31293,2100.0
31294,3800.0
31295,2500.0
31296,2800.0
31297,4200.0
31298,2400.0
31299,1900.0
31300,1800.0
31301,3100.0
31302,4900.0
31303,3700.0
31304,3900.0
31305,3900.0
31306,4200.0
31307,5900.0
31308,3100.0
31309,2300.0
31310,4200.0
31311,3000.0
31312,2900.0
31313,3900.0
31314,2000.0
31315,2100.0
31316,4200.0
31317,2600.0
31318,3400.0
31319,2300.0
31320,3500.0
31321,4400.0
31322,6300.0
31323,2300.0
31324,2000.0
31325,3200.0
31326,2600.0
31327,1700.0
31328,3200.0
31329,2300.0
31330,4800.0
31331,3000.0
31332,2500.0
31333,1500.0
31334,3200.0
31335,2000.0
31336,5300.0
31337,5600.0
31338,2500.0
31339,2400.0
31340,6000.0
31341,2100.0
31342,2100.0
31343,3200.0
31344,5300.0
31345,4500.0
31346,2300.0
31347,1900.0
31348,3700.0
31349,3400.0
31350,1700.0
31351,1800.0
31352,3000.0
31353,2000.0
31354,4500.0
31355,1700.0
31356,2100.0
31357,4400.0
31358,4300.0
31359,3100.0
31360,1700.0
31361,3600.0
31362,3000.0
31363,3400.0
31364,1800.0
31365,3300.0
31366,2200.0
31367,1800.0
31368,4100.0
31369,1700.0
31370,2100.0
31371,3400.0
31372,3600.0
31373,3300.0
31374,3800.0
31375,4900.0
31376,5000.0
31377,1300.0
31378,1000.0
31379,1800.0
31380,2900.0
31381,3200.0
31382,5000.0
31383,4100.0
31384,3400.0
31385,4800.0
31386,5000.0
31387,4300.0
31388,5700.0
31389,4800.0
31390,900.0
31391,2600.0
31392,3600.0
31393,5100.0
31394,3100.0
31395,4300.0
31396,4700.0
31397,2200.0
31398,3500.0
31399,2300.0
31400,3500.0
31401,2200.0
31402,2200.0
31403,2000.0
31404,2700.0
31405,1800.0
31406,3000.0
31407,2200.0
31408,1900.0
31409,5400.0
31410,6100.0
31411,3200.0
31412,4400.0
31413,1900.0
31414,4400.0
31415,2900.0
31416,1600.0
31417,4600.0
31418,4100.0
31419,2400.0
31420,2700.0
31421,3700.0
31422,3200.0
31423,2600.0
31424,3400.0
31425,3800.0
31426,3400.0
31427,1900.0
31428,2600.0
31429,2900.0
31430,2500.0
31431,2400.0
31432,3500.0
31433,2000.0
31434,5100.0
31435,4200.0
31436,2300.0
31437,3100.0
31438,5000.0
31439,4000.0
31440,3400.0
31441,4700.0
31442,3600.0
31443,2900.0
31444,2700.0
31445,5900.0
31446,2900.0
31447,3800.0
31448,3100.0
31449,4800.0
31450,2900.0
31451,2000.0
31452,3800.0
31453,2100.0
31454,2600.0
31455,2300.0
31456,4600.0
31457,3200.0
31458,4700.0
31459,3600.0
31460,1900.0
31461,2800.0
31462,1800.0
31463,5400.0
31464,4900.0
31465,2400.0
31466,4300.0
31467,1200.0
31468,4000.0
31469,3800.0
31470,2600.0
31471,2200.0
31472,2500.0
31473,1800.0
31474,1400.0
31475,2200.0
31476,6100.0
31477,3900.0
31478,3700.0
31479,4100.0
31480,3600.0
31481,2300.0
31482,4700.0
31483,5000.0
31484,1600.0
31485,2600.0
31486,4700.0
31487,4800.0
31488,2100.0
31489,3100.0
31490,5100.0
31491,3300.0
31492,3100.0
31493,4400.0
31494,1800.0
31495,2400.0
31496,1800.0
31497,5400.0
31498,4500.0
31499,2100.0
31500,3200.0
31501,1600.0
31502,1700.0
31503,2900.0
31504,4900.0
31505,2100.0
31506,6000.0
31507,4500.0
31508,4200.0
31509,1700.0
31510,900.0
31511,2300.0
31512,3300.0
31513,2800.0
31514,2800.0
31515,2200.0
31516,2900.0
31517,2800.0
31518,2200.0
31519,2300.0
31520,2600.0
31521,3100.0
31522,3000.0
31523,1400.0
31524,3100.0
31525,3900.0
31526,3600.0
31527,2300.0
31528,2500.0
31529,4800.0
31530,2000.0
31531,2400.0
31532,4600.0
31533,1500.0
31534,2100.0
31535,1600.0
31536,1500.0
31537,2500.0
31538,3800.0
31539,3000.0
31540,5400.0
31541,1800.0
31542,3000.0
31543,2600.0
31544,3200.0
31545,2500.0
31546,1700.0
31547,2700.0
31548,3000.0
31549,4000.0
31550,3600.0
31551,2900.0
31552,2400.0
31553,3000.0
31554,5300.0
31555,2200.0
31556,1500.0
31557,2100.0
31558,2600.0
31559,3000.0
31560,5000.0
31561,4500.0
31562,3500.0
31563,2300.0
31564,4200.0
31565,3800.0
31566,3700.0
31567,4000.0
31568,2200.0
31569,2200.0
31570,4300.0
31571,3200.0
31572,2300.0
31573,2000.0
31574,4100.0
31575,3900.0
31576,3000.0
31577,3100.0
31578,2300.0
31579,2100.0
31580,4200.0
31581,4400.0
31582,3000.0
31583,3500.0
31584,2900.0
31585,3700.0
31586,1600.0
31587,2200.0
31588,3200.0
31589,4700.0
31590,4100.0
31591,4400.0
31592,2800.0
31593,3400.0
31594,3200.0
31595,4900.0
31596,2000.0
31597,2400.0
31598,2000.0
31599,2300.0
31600,4700.0
31601,4600.0
31602,2700.0
31603,2000.0
31604,3300.0
31605,3300.0
31606,2300.0
31607,2100.0
31608,2100.0
31609,4700.0
31610,4200.0
31611,3400.0
31612,3300.0
31613,3900.0
31614,6200.0
31615,4500.0
31616,3400.0
31617,2600.0
31618,2100.0
31619,4000.0
31620,3300.0
31621,1400.0
31622,1500.0
31623,3000.0
31624,3800.0
31625,3300.0
31626,3000.0
31627,2600.0
31628,1800.0
31629,2500.0
31630,3900.0
31631,2400.0
31632,4400.0
31633,3200.0
31634,3000.0
31635,4800.0
31636,1700.0
31637,2500.0
31638,3300.0
31639,1400.0
31640,2300.0
31641,4300.0
31642,3500.0
31643,2200.0
31644,2600.0
31645,3200.0
31646,2300.0
31647,1600.0
31648,2600.0
31649,2800.0
31650,1600.0
31651,2600.0
31652,6000.0
31653,3200.0
31654,1600.0
31655,2500.0
31656,4600.0
31657,1500.0
31658,3200.0
31659,3500.0
31660,5000.0
31661,4800.0
31662,1400.0
31663,3800.0
31664,4800.0
31665,1600.0
31666,4700.0
31667,3000.0
31668,6900.0
31669,2800.0
31670,2700.0
31671,3600.0
31672,2500.0
31673,2300.0
31674,3000.0
31675,2600.0
31676,2400.0
31677,4400.0
31678,2800.0
31679,1900.0
31680,4900.0
31681,1600.0
31682,4000.0
31683,3800.0
31684,1800.0
31685,1900.0
31686,5300.0
31687,3600.0
31688,3600.0
31689,2200.0
31690,2000.0
31691,2900.0
31692,4700.0
31693,3300.0
31694,1800.0
31695,3300.0
31696,1500.0
31697,4000.0
31698,1900.0
31699,3200.0
31700,2400.0
31701,2400.0
31702,3800.0
31703,1700.0
31704,3200.0
31705,2300.0
31706,3200.0
31707,4300.0
31708,1800.0
31709,2400.0
31710,1800.0
31711,4400.0
31712,1900.0
31713,4100.0
31714,3900.0
31715,6400.0
31716,4900.0
31717,4300.0
31718,5700.0
31719,2200.0
31720,4300.0
31721,3900.0
31722,2700.0
31723,2700.0
31724,2500.0
31725,4400.0
31726,2000.0
31727,2500.0
31728,4400.0
31729,2400.0
31730,3900.0
31731,2800.0
31732,4100.0
31733,4800.0
31734,3100.0
31735,1700.0
31736,2600.0
31737,3100.0
31738,2000.0
31739,3200.0
31740,4900.0
31741,5100.0
31742,3500.0
31743,1500.0
31744,3100.0
31745,2800.0
31746,2600.0
31747,1400.0
31748,4100.0
31749,2200.0
31750,3900.0
31751,3200.0
31752,2900.0
31753,3700.0
31754,3000.0
31755,3800.0
31756,3000.0
31757,2200.0
31758,3000.0
31759,4600.0
31760,2600.0
31761,3300.0
31762,3700.0
31763,1900.0
31764,4600.0
31765,1500.0
31766,2200.0
31767,2700.0
31768,4900.0
31769,1200.0
31770,2500.0
31771,2000.0
31772,4500.0
31773,2700.0
31774,4900.0
31775,1900.0
31776,3700.0
31777,4000.0
31778,1000.0
31779,4200.0
31780,4800.0
31781,3900.0
31782,1700.0
31783,3100.0
31784,4100.0
31785,5400.0
31786,4000.0
31787,1800.0
31788,4900.0
31789,1900.0
31790,4100.0
31791,2500.0
31792,3300.0
31793,2100.0
31794,3300.0
31795,2600.0
31796,2700.0
31797,4000.0
31798,3100.0
31799,4400.0
31800,4800.0
31801,3200.0
31802,1300.0
31803,2100.0
31804,3400.0
31805,5600.0
31806,2900.0
31807,4600.0
31808,1800.0
31809,3100.0
31810,4000.0
31811,2300.0
31812,4400.0
31813,3400.0
31814,4000.0
31815,1500.0
31816,1600.0
31817,2000.0
31818,3900.0
31819,3400.0
31820,1900.0
31821,2200.0
31822,3000.0
31823,3300.0
31824,4400.0
31825,3300.0
31826,2400.0
31827,2900.0
31828,1800.0
31829,3100.0
31830,4200.0
31831,1800.0
31832,1500.0
31833,2900.0
31834,4500.0
31835,3400.0
31836,2100.0
31837,1800.0
31838,2100.0
31839,2300.0
31840,5800.0
31841,2900.0
31842,2800.0
31843,1300.0
31844,3800.0
31845,1500.0
31846,6100.0
31847,2400.0
31848,3000.0
31849,4800.0
31850,3800.0
31851,3100.0
31852,2600.0
31853,3100.0
31854,2800.0
31855,5700.0
31856,1900.0
31857,3300.0
31858,2500.0
31859,2700.0
31860,2900.0
31861,4500.0
31862,2800.0
31863,2000.0
31864,3500.0
31865,900.0
31866,3100.0
31867,4600.0
31868,2700.0
31869,6000.0
31870,2100.0
31871,4600.0
31872,4100.0
31873,1900.0
31874,4300.0
31875,2700.0
31876,1600.0
31877,2500.0
31878,1900.0
31879,2600.0
31880,1300.0
31881,3000.0
31882,4600.0
31883,4700.0
31884,1900.0
31885,3000.0
31886,3000.0
31887,4500.0
31888,3000.0
31889,5000.0
31890,1600.0
31891,4500.0
31892,2100.0
31893,3800.0
31894,3600.0
31895,1700.0
31896,1800.0
31897,4300.0
31898,3500.0
31899,3900.0
31900,2800.0
31901,5300.0
31902,5400.0
31903,1600.0
31904,3700.0
31905,2600.0
31906,4700.0
31907,2800.0
31908,4300.0
31909,3000.0
31910,1900.0
31911,1500.0
31912,2100.0
31913,3700.0
31914,4100.0
31915,5500.0
31916,2100.0
31917,2600.0
31918,3600.0
31919,2300.0
31920,5600.0
31921,3100.0
31922,2100.0
31923,1400.0
31924,3800.0
31925,3800.0
31926,4100.0
31927,3400.0
31928,1700.0
31929,3200.0
31930,5200.0
31931,3000.0
31932,2900.0
31933,3000.0
31934,3800.0
31935,3600.0
31936,3500.0
31937,4300.0
31938,2000.0
31939,2900.0
31940,3700.0
31941,3700.0
31942,2700.0
31943,4600.0
31944,2800.0
31945,2500.0
31946,1800.0
31947,4300.0
31948,2600.0
31949,2500.0
31950,1800.0
31951,1900.0
31952,1800.0
31953,1600.0
31954,1900.0
31955,2000.0
31956,2000.0
31957,4400.0
31958,5500.0
31959,1700.0
31960,5100.0
31961,1400.0
31962,2800.0
31963,5100.0
31964,3600.0
31965,1600.0
31966,3400.0
31967,2500.0
31968,4100.0
31969,1500.0
31970,4300.0
31971,2400.0
31972,2500.0
31973,2300.0
31974,3900.0
31975,4600.0
31976,1500.0
31977,4100.0
31978,2600.0
31979,2100.0
31980,2900.0
31981,1100.0
31982,2200.0
31983,5400.0
31984,2800.0
31985,3800.0
31986,6300.0
31987,4900.0
31988,2000.0
31989,2000.0
31990,4300.0
31991,2800.0
31992,2500.0
31993,2800.0
31994,3600.0
31995,2200.0
31996,1800.0
31997,2500.0
31998,4300.0
31999,3900.0
32000,1600.0
32001,2200.0
32002,1700.0
32003,6200.0
32004,2500.0
32005,5500.0
32006,2300.0
32007,2100.0
32008,4900.0
32009,3400.0
32010,2900.0
32011,2000.0
32012,2400.0
32013,1400.0
32014,4300.0
32015,4400.0
32016,3700.0
32017,800.0
32018,2900.0
32019,3700.0
32020,3000.0
32021,2300.0
32022,2400.0
32023,2000.0
32024,5700.0
32025,1500.0
32026,2200.0
32027,1700.0
32028,2800.0
32029,2200.0
32030,1800.0
32031,1400.0
32032,3500.0
32033,3900.0
32034,2500.0
32035,4300.0
32036,500.0
32037,2000.0
32038,1500.0
32039,2600.0
32040,4600.0
32041,5000.0
32042,5500.0
32043,5300.0
32044,1500.0
32045,4600.0
32046,3900.0
32047,1800.0
32048,4800.0
32049,2800.0
32050,2800.0
32051,2100.0
32052,2000.0
32053,3900.0
32054,3500.0
32055,3700.0
32056,3500.0
32057,4000.0
32058,5400.0
32059,3500.0
32060,2900.0
32061,4600.0
32062,3700.0
32063,2700.0
32064,2500.0
32065,4000.0
32066,2700.0
32067,2400.0
32068,3900.0
32069,1600.0
32070,2300.0
32071,4100.0
32072,1900.0
32073,3600.0
32074,3800.0
32075,3200.0
32076,2000.0
32077,2500.0
32078,3800.0
32079,1800.0
32080,3100.0
32081,4100.0
32082,3000.0
32083,2400.0
32084,2900.0
32085,2300.0
32086,2200.0
32087,3600.0
32088,3000.0
32089,2600.0
32090,4400.0
32091,3600.0
32092,2500.0
32093,3400.0
32094,4800.0
32095,2000.0
32096,1900.0
32097,1200.0
32098,1800.0
32099,5000.0
32100,3100.0
32101,4300.0
32102,3200.0
32103,3800.0
32104,3300.0
32105,4900.0
32106,1900.0
32107,4300.0
32108,4000.0
32109,3200.0
32110,3900.0
32111,3500.0
32112,1800.0
32113,4800.0
32114,2500.0
32115,2800.0
32116,3600.0
32117,2500.0
32118,2900.0
32119,3000.0
32120,1100.0
32121,3400.0
32122,2300.0
32123,2600.0
32124,2200.0
32125,3500.0
32126,2600.0
32127,1700.0
32128,4100.0
32129,1700.0
32130,3200.0
32131,4100.0
32132,1600.0
32133,4100.0
32134,3400.0
32135,3800.0
32136,2900.0
32137,2400.0
32138,1900.0
32139,4600.0
32140,3100.0
32141,4100.0
32142,2700.0
32143,2000.0
32144,3200.0
32145,5700.0
32146,3000.0
32147,4800.0
32148,2500.0
32149,3300.0
32150,1900.0
32151,2600.0
32152,2600.0
32153,2800.0
32154,2200.0
32155,2300.0
32156,1800.0
32157,3500.0
32158,700.0
32159,2400.0
32160,2900.0
32161,3100.0
32162,4100.0
32163,3400.0
32164,4200.0
32165,3400.0
32166,4700.0
32167,2500.0
32168,1100.0
32169,4000.0
32170,2300.0
32171,1600.0
32172,3200.0
32173,3000.0
32174,3200.0
32175,5000.0
32176,2100.0
32177,3000.0
32178,3500.0
32179,2900.0
32180,1900.0
32181,1800.0
32182,4000.0
32183,2600.0
32184,5300.0
32185,1600.0
32186,1700.0
32187,2100.0
32188,1500.0
32189,4000.0
32190,5000.0
32191,2400.0
32192,1700.0
32193,4500.0
32194,2300.0
32195,4300.0
32196,3200.0
32197,3800.0
32198,4600.0
32199,2400.0
32200,3000.0
32201,3500.0
32202,4800.0
32203,3100.0
32204,1300.0
32205,1900.0
32206,1900.0
32207,2100.0
32208,4500.0
32209,3300.0
32210,3100.0
32211,4100.0
32212,3800.0
32213,4000.0
32214,600.0
32215,5000.0
32216,4400.0
32217,1700.0
32218,3400.0
32219,1800.0
32220,5000.0
32221,2700.0
32222,3700.0
32223,4200.0
32224,3200.0
32225,2700.0
32226,1800.0
32227,2600.0
32228,2300.0
32229,3200.0
32230,4600.0
32231,1600.0
32232,4300.0
32233,2900.0
32234,2500.0
32235,1900.0
32236,4900.0
32237,4200.0
32238,3800.0
32239,4500.0
32240,2100.0
32241,2600.0
32242,2800.0
32243,4200.0
32244,600.0
32245,1400.0
32246,1700.0
32247,900.0
32248,2800.0
32249,6200.0
32250,2500.0
32251,4800.0
32252,1800.0
32253,3700.0
32254,3400.0
32255,3900.0
32256,5500.0
32257,2100.0
32258,3400.0
32259,2000.0
32260,4700.0
32261,2600.0
32262,2400.0
32263,4600.0
32264,3800.0
32265,1700.0
32266,3700.0
32267,3300.0
32268,2900.0
32269,4700.0
32270,3000.0
32271,4000.0
32272,2500.0
32273,2100.0
32274,4700.0
32275,2400.0
32276,4600.0
32277,2800.0
32278,2500.0
32279,4400.0
32280,2000.0
32281,2600.0
32282,1700.0
32283,1900.0
32284,4800.0
32285,3900.0
32286,2200.0
32287,2800.0
32288,2400.0
32289,4300.0
32290,1900.0
32291,3600.0
32292,3300.0
32293,4800.0
32294,4800.0
32295,5700.0
32296,2800.0
32297,3800.0
32298,1500.0
32299,2800.0
32300,1200.0
32301,2200.0
32302,3500.0
32303,4200.0
32304,5000.0
32305,1700.0
32306,4100.0
32307,3100.0
32308,2400.0
32309,4000.0
32310,3000.0
32311,3500.0
32312,3700.0
32313,3000.0
32314,2700.0
32315,1700.0
32316,3800.0
32317,5200.0
32318,1800.0
32319,1700.0
32320,4200.0
32321,3800.0
32322,4300.0
32323,3200.0
32324,2300.0
32325,6100.0
32326,2500.0
32327,3600.0
32328,2800.0
32329,2500.0
32330,3300.0
32331,5000.0
32332,2600.0
32333,3000.0
32334,3700.0
32335,2600.0
32336,1700.0
32337,3000.0
32338,3600.0
32339,3100.0
32340,3400.0
32341,4500.0
32342,4000.0
32343,2700.0
32344,4300.0
32345,1900.0
32346,5400.0
32347,3800.0
32348,5700.0
32349,4300.0
32350,4200.0
32351,2600.0
32352,2000.0
32353,3800.0
32354,2000.0
32355,3600.0
32356,2000.0
32357,2200.0
32358,2700.0
32359,2400.0
32360,5500.0
32361,3500.0
32362,3800.0
32363,3200.0
32364,4700.0
32365,3400.0
32366,2000.0
32367,3800.0
32368,4300.0
32369,4300.0
32370,2300.0
32371,3000.0
32372,3500.0
32373,4300.0
32374,4500.0
32375,3800.0
32376,2100.0
32377,1600.0
32378,1700.0
32379,2000.0
32380,4600.0
32381,2900.0
32382,3800.0
32383,4200.0
32384,3100.0
32385,3800.0
32386,1900.0
32387,4600.0
32388,5200.0
32389,2600.0
32390,2100.0
32391,5000.0
32392,3900.0
32393,2200.0
32394,3700.0
32395,2800.0
32396,1300.0
32397,4000.0
32398,3000.0
32399,2100.0
32400,5700.0
32401,3400.0
32402,3000.0
32403,5400.0
32404,2200.0
32405,4300.0
32406,3900.0
32407,2600.0
32408,3300.0
32409,1600.0
32410,3200.0
32411,1700.0
32412,2900.0
32413,2800.0
32414,3200.0
32415,3700.0
32416,5500.0
32417,2600.0
32418,4300.0
32419,3300.0
32420,1500.0
32421,4200.0
32422,4700.0
32423,900.0
32424,3200.0
32425,3000.0
32426,4000.0
32427,2800.0
32428,3400.0
32429,2400.0
32430,3100.0
32431,4700.0
32432,3800.0
32433,4100.0
32434,3500.0
32435,2400.0
32436,3300.0
32437,2200.0
32438,2700.0
32439,1500.0
32440,4800.0
32441,2000.0
32442,4700.0
32443,2000.0
32444,3400.0
32445,3000.0
32446,3900.0
32447,2600.0
32448,2200.0
32449,2000.0
32450,3600.0
32451,1900.0
32452,2300.0
32453,1900.0
32454,4500.0
32455,4600.0
32456,2300.0
32457,4200.0
32458,2700.0
32459,3300.0
32460,4000.0
32461,3800.0
32462,4100.0
32463,4100.0
32464,3500.0
32465,4500.0
32466,4500.0
32467,4300.0
32468,4700.0
32469,4200.0
32470,1800.0
32471,4000.0
32472,2800.0
32473,3900.0
32474,2100.0
32475,2400.0
32476,3300.0
32477,3800.0
32478,4500.0
32479,3300.0
32480,2700.0
32481,3900.0
32482,1900.0
32483,2800.0
32484,4300.0
32485,2500.0
32486,2100.0
32487,4600.0
32488,2900.0
32489,4500.0
32490,2600.0
32491,2100.0
32492,4300.0
32493,3500.0
32494,1600.0
32495,3000.0
32496,4300.0
32497,2800.0
32498,2800.0
32499,2400.0
32500,1700.0
32501,3300.0
32502,2700.0
32503,3800.0
32504,4500.0
32505,1600.0
32506,1500.0
32507,5000.0
32508,3300.0
32509,1700.0
32510,4100.0
32511,6300.0
32512,4400.0
32513,4700.0
32514,2100.0
32515,3100.0
32516,1600.0
32517,1800.0
32518,3000.0
32519,2500.0
32520,2900.0
32521,2200.0
32522,4100.0
32523,4400.0
32524,2400.0
32525,4100.0
32526,3800.0
32527,2600.0
32528,2900.0
32529,700.0
32530,4400.0
32531,2000.0
32532,2800.0
32533,3500.0
32534,3800.0
32535,3600.0
32536,3800.0
32537,1800.0
32538,2300.0
32539,2300.0
32540,4300.0
32541,3600.0
32542,2000.0
32543,4200.0
32544,300.0
32545,2800.0
32546,3600.0
32547,3500.0
32548,2900.0
32549,3700.0
32550,3300.0
32551,4400.0
32552,3900.0
32553,4200.0
32554,2600.0
32555,3300.0
32556,1700.0
32557,4100.0
32558,2300.0
32559,4600.0
32560,2000.0
32561,3200.0
32562,4900.0
32563,3500.0
32564,4900.0
32565,2400.0
32566,2300.0
32567,3100.0
32568,2100.0
32569,3000.0
32570,1200.0
32571,3500.0
32572,3500.0
32573,1900.0
32574,3500.0
32575,2000.0
32576,1900.0
32577,1900.0
32578,4100.0
32579,2600.0
32580,3300.0
32581,4500.0
32582,2200.0
32583,5000.0
32584,2500.0
32585,2000.0
32586,4700.0
32587,4100.0
32588,1900.0
32589,2100.0
32590,6000.0
32591,1800.0
32592,3300.0
32593,3800.0
32594,1300.0
32595,4700.0
32596,4700.0
32597,4300.0
32598,2900.0
32599,5500.0
32600,3400.0
32601,3200.0
32602,2300.0
32603,5400.0
32604,1600.0
32605,2500.0
32606,3800.0
32607,4900.0
32608,1900.0
32609,3700.0
32610,4700.0
32611,2000.0
32612,2400.0
32613,4600.0
32614,3300.0
32615,2700.0
32616,4600.0
32617,2300.0
32618,3600.0
32619,3900.0
32620,3000.0
32621,2400.0
32622,6200.0
32623,3400.0
32624,4100.0
32625,2200.0
32626,2700.0
32627,5100.0
32628,2100.0
32629,2600.0
32630,4100.0
32631,5300.0
32632,4200.0
32633,3100.0
32634,1400.0
32635,4400.0
32636,3200.0
32637,1200.0
32638,3000.0
32639,4500.0
32640,2200.0
32641,1700.0
32642,3000.0
32643,2400.0
32644,1400.0
32645,1900.0
32646,1800.0
32647,1700.0
32648,2400.0
32649,3600.0
32650,3500.0
32651,3600.0
32652,4400.0
32653,4200.0
32654,3700.0
32655,3100.0
32656,3800.0
32657,4300.0
32658,4400.0
32659,4200.0
32660,4200.0
32661,3300.0
32662,2900.0
32663,2400.0
32664,1800.0
32665,3500.0
32666,2700.0
32667,4000.0
32668,4400.0
32669,3200.0
32670,2700.0
32671,2000.0
32672,3600.0
32673,2700.0
32674,3800.0
32675,2200.0
32676,2400.0
32677,1400.0
32678,1700.0
32679,2400.0
32680,4200.0
32681,4300.0
32682,2100.0
32683,3300.0
32684,3000.0
32685,2200.0
32686,5600.0
32687,4100.0
32688,2000.0
32689,2900.0
32690,2000.0
32691,2500.0
32692,4100.0
32693,2500.0
32694,2400.0
32695,1500.0
32696,3200.0
32697,3600.0
32698,5300.0
32699,1900.0
32700,3700.0
32701,3100.0
32702,3400.0
32703,3400.0
32704,4300.0
32705,1100.0
32706,1200.0
32707,3200.0
32708,2600.0
32709,4100.0
32710,2400.0
32711,2600.0
32712,3600.0
32713,5700.0
32714,4400.0
32715,900.0
32716,4100.0
32717,3000.0
32718,4000.0
32719,1700.0
32720,2900.0
32721,2600.0
32722,4300.0
32723,2600.0
32724,1600.0
32725,2900.0
32726,3800.0
32727,6000.0
32728,1600.0
32729,4600.0
32730,5200.0
32731,2600.0
32732,1800.0
32733,3600.0
32734,1800.0
32735,4300.0
32736,4800.0
32737,3900.0
32738,4100.0
32739,3000.0
32740,2600.0
32741,3300.0
32742,2800.0
32743,3800.0
32744,4800.0
32745,1500.0
32746,1100.0
32747,2800.0
32748,3700.0
32749,4200.0
32750,2900.0
32751,2500.0
32752,1800.0
32753,4700.0
32754,4400.0
32755,2000.0
32756,1500.0
32757,3700.0
32758,3900.0
32759,4400.0
32760,3700.0
32761,4100.0
32762,4200.0
32763,3000.0
32764,2000.0
32765,4800.0
32766,3400.0
32767,3300.0
32768,4000.0
32769,6200.0
32770,1000.0
32771,5100.0
32772,3000.0
32773,4400.0
32774,3400.0
32775,3300.0
32776,2700.0
32777,3500.0
32778,3300.0
32779,4300.0
32780,1600.0
32781,3100.0
32782,4300.0
32783,2200.0
32784,3400.0
32785,2400.0
32786,4500.0
32787,2800.0
32788,5300.0
32789,4100.0
32790,3100.0
32791,1900.0
32792,1500.0
32793,3300.0
32794,2600.0
32795,1600.0
32796,3800.0
32797,1400.0
32798,2400.0
32799,1900.0
32800,2300.0
32801,1900.0
32802,2300.0
32803,3300.0
32804,1800.0
32805,2800.0
32806,2600.0
32807,4400.0
32808,2500.0
32809,4300.0
32810,3900.0
32811,2200.0
32812,1700.0
32813,1600.0
32814,3400.0
32815,2600.0
32816,4500.0
32817,3200.0
32818,2600.0
32819,2200.0
32820,5200.0
32821,2800.0
32822,1500.0
32823,3100.0
32824,4000.0
32825,1800.0
32826,3300.0
32827,1400.0
32828,4000.0
32829,3600.0
32830,3000.0
32831,1700.0
32832,3100.0
32833,3200.0
32834,3100.0
32835,4100.0
32836,3000.0
32837,3700.0
32838,4900.0
32839,3900.0
32840,1600.0
32841,3500.0
32842,4600.0
32843,4800.0
32844,1900.0
32845,3800.0
32846,2600.0
32847,2000.0
32848,3100.0
32849,2400.0
32850,4600.0
32851,1700.0
32852,3200.0
32853,2800.0
32854,3700.0
32855,1700.0
32856,2400.0
32857,1600.0
32858,2800.0
32859,3800.0
32860,2100.0
32861,3400.0
32862,1900.0
32863,3300.0
32864,2200.0
32865,2400.0
32866,2900.0
32867,3500.0
32868,2400.0
32869,4600.0
32870,2400.0
32871,5600.0
32872,3800.0
32873,4200.0
32874,5400.0
32875,2500.0
32876,3700.0
32877,2400.0
32878,4100.0
32879,3500.0
32880,2700.0
32881,4600.0
32882,2200.0
32883,3800.0
32884,1800.0
32885,5800.0
32886,4200.0
32887,3900.0
32888,4500.0
32889,1800.0
32890,1800.0
32891,3700.0
32892,2900.0
32893,1900.0
32894,2200.0
32895,3800.0
32896,3900.0
32897,1700.0
32898,2000.0
32899,2600.0
32900,1900.0
32901,3200.0
32902,3700.0
32903,5200.0
32904,1800.0
32905,3700.0
32906,3200.0
32907,2900.0
32908,1800.0
32909,3000.0
32910,5600.0
32911,1800.0
32912,4200.0
32913,2600.0
32914,4000.0
32915,3300.0
32916,3700.0
32917,1800.0
32918,2400.0
32919,1400.0
32920,3000.0
32921,4200.0
32922,2800.0
32923,4400.0
32924,1400.0
32925,1900.0
32926,1300.0
32927,3300.0
32928,1500.0
32929,3300.0
32930,2200.0
32931,2400.0
32932,2800.0
32933,2200.0
32934,2500.0
32935,1800.0
32936,3000.0
32937,2100.0
32938,4300.0
32939,5400.0
32940,4300.0
32941,3000.0
32942,3600.0
32943,2600.0
32944,3000.0
32945,3600.0
32946,4300.0
32947,2900.0
32948,4500.0
32949,2300.0
32950,3600.0
32951,2200.0
32952,3600.0
32953,4300.0
32954,2200.0
32955,5500.0
32956,3500.0
32957,2300.0
32958,2100.0
32959,2600.0
32960,3700.0
32961,2600.0
32962,2300.0
32963,3600.0
32964,4200.0
32965,3700.0
32966,600.0
32967,3700.0
32968,2800.0
32969,2000.0
32970,4700.0
32971,2600.0
32972,1400.0
32973,2700.0
32974,4200.0
32975,1600.0
32976,2200.0
32977,4000.0
32978,4000.0
32979,2900.0
32980,5800.0
32981,3000.0
32982,3400.0
32983,3300.0
32984,1800.0
32985,2100.0
32986,3100.0
32987,2800.0
32988,3200.0
32989,4800.0
32990,2800.0
32991,4500.0
32992,3700.0
32993,3300.0
32994,4600.0
32995,6200.0
32996,4000.0
32997,2400.0
32998,3000.0
32999,2400.0
33000,2000.0
33001,3300.0
33002,3800.0
33003,2700.0
33004,3100.0
33005,4500.0
33006,2600.0
33007,3000.0
33008,2400.0
33009,2500.0
33010,2500.0
33011,1700.0
33012,2400.0
33013,3400.0
33014,2000.0
33015,3500.0
33016,6400.0
33017,3000.0
33018,2600.0
33019,2500.0
33020,5000.0
33021,1600.0
33022,4400.0
33023,4600.0
33024,3900.0
33025,3100.0
33026,2500.0
33027,4900.0
33028,3900.0
33029,1600.0
33030,2800.0
33031,700.0
33032,1700.0
33033,4000.0
33034,3600.0
33035,4100.0
33036,4800.0
33037,1800.0
33038,5800.0
33039,3400.0
33040,3800.0
33041,2600.0
33042,2200.0
33043,5300.0
33044,2200.0
33045,1600.0
33046,5800.0
33047,2200.0
33048,1800.0
33049,3700.0
33050,2400.0
33051,3000.0
33052,4000.0
33053,2500.0
33054,2100.0
33055,2600.0
33056,1500.0
33057,2800.0
33058,4000.0
33059,4000.0
33060,3000.0
33061,2500.0
33062,3300.0
33063,4300.0
33064,2300.0
33065,4100.0
33066,3700.0
33067,3900.0
33068,2700.0
33069,1700.0
33070,3400.0
33071,2000.0
33072,4500.0
33073,2800.0
33074,2300.0
33075,1700.0
33076,2000.0
33077,2600.0
33078,3900.0
33079,4500.0
33080,3900.0
33081,2800.0
33082,2400.0
33083,4100.0
33084,2700.0
33085,4400.0
33086,3900.0
33087,4400.0
33088,4100.0
33089,3000.0
33090,2600.0
33091,2300.0
33092,5000.0
33093,2400.0
33094,3300.0
33095,2100.0
33096,2000.0
33097,4300.0
33098,2000.0
33099,1500.0
33100,2100.0
33101,3900.0
33102,3300.0
33103,2000.0
33104,4400.0
33105,2300.0
33106,1600.0
33107,4700.0
33108,2700.0
33109,3600.0
33110,2200.0
33111,1900.0
33112,2800.0
33113,2600.0
33114,4600.0
33115,2400.0
33116,5500.0
33117,3300.0
33118,3000.0
33119,3900.0
33120,3000.0
33121,3800.0
33122,4700.0
33123,2400.0
33124,2600.0
33125,2500.0
33126,5600.0
33127,2500.0
33128,3600.0
33129,2700.0
33130,3800.0
33131,4100.0
33132,4900.0
33133,2700.0
33134,2000.0
33135,4200.0
33136,3300.0
33137,2600.0
33138,4600.0
33139,2400.0
33140,2500.0
33141,3200.0
33142,3300.0
33143,6500.0
33144,1300.0
33145,3700.0
33146,4400.0
33147,2100.0
33148,1800.0
33149,4200.0
33150,4400.0
33151,2800.0
33152,4400.0
33153,3200.0
33154,2500.0
33155,1800.0
33156,3500.0
33157,4500.0
33158,2200.0
33159,3800.0
33160,2100.0
33161,1800.0
33162,3200.0
33163,2100.0
33164,2700.0
33165,2900.0
33166,2900.0
33167,2400.0
33168,2600.0
33169,2700.0
33170,3800.0
33171,4900.0
33172,5000.0
33173,2900.0
33174,1900.0
33175,1700.0
33176,1900.0
33177,4400.0
33178,2700.0
33179,2700.0
33180,4900.0
33181,4400.0
33182,3600.0
33183,3700.0
33184,2700.0
33185,3200.0
33186,3700.0
33187,700.0
33188,2400.0
33189,2600.0
33190,3700.0
33191,3700.0
33192,2500.0
33193,5200.0
33194,2900.0
33195,3200.0
33196,3100.0
33197,3800.0
33198,3800.0
33199,1900.0
33200,2400.0
33201,2500.0
33202,1900.0
33203,1400.0
33204,6700.0
33205,2100.0
33206,1700.0
33207,2900.0
33208,5400.0
33209,1300.0
33210,3100.0
33211,2300.0
33212,3200.0
33213,4200.0
33214,3100.0
33215,1600.0
33216,2100.0
33217,2700.0
33218,4000.0
33219,4000.0
33220,3900.0
33221,4600.0
33222,1900.0
33223,3600.0
33224,2700.0
33225,1700.0
33226,5500.0
33227,3500.0
33228,4000.0
33229,1900.0
33230,1900.0
33231,4300.0
33232,5200.0
33233,3600.0
33234,1500.0
33235,2600.0
33236,4200.0
33237,2500.0
33238,3100.0
33239,4000.0
33240,1800.0
33241,6000.0
33242,3000.0
33243,2500.0
33244,4100.0
33245,2700.0
33246,3000.0
33247,5200.0
33248,3700.0
33249,1800.0
33250,3700.0
33251,1700.0
33252,4500.0
33253,1700.0
33254,3300.0
33255,2800.0
33256,4600.0
33257,3000.0
33258,3700.0
33259,3000.0
33260,2800.0
33261,4800.0
33262,4500.0
33263,3100.0
33264,2800.0
33265,3900.0
33266,3500.0
33267,2800.0
33268,1500.0
33269,5800.0
33270,2200.0
33271,2600.0
33272,2100.0
33273,1800.0
33274,4400.0
33275,2700.0
33276,3700.0
33277,4200.0
33278,3800.0
33279,2900.0
33280,3200.0
33281,1900.0
33282,3900.0
33283,3400.0
33284,3300.0
33285,1900.0
33286,2800.0
33287,3200.0
33288,1800.0
33289,4000.0
33290,3700.0
33291,2900.0
33292,3700.0
33293,2900.0
33294,2200.0
33295,2100.0
33296,2700.0
33297,2200.0
33298,4700.0
33299,4300.0
33300,5600.0
33301,4300.0
33302,1700.0
33303,2000.0
33304,2600.0
33305,4200.0
33306,2400.0
33307,3100.0
33308,4200.0
33309,5500.0
33310,3700.0
33311,4700.0
33312,4700.0
33313,5200.0
33314,3600.0
33315,5100.0
33316,4000.0
33317,2700.0
33318,3700.0
33319,2500.0
33320,4000.0
33321,3600.0
33322,2200.0
33323,4800.0
33324,4200.0
33325,1800.0
33326,3100.0
33327,3800.0
33328,2300.0
33329,5100.0
33330,2400.0
33331,3600.0
33332,3000.0
33333,3600.0
33334,4800.0
33335,2500.0
33336,4600.0
33337,4200.0
33338,4200.0
33339,1900.0
33340,4300.0
33341,2400.0
33342,5600.0
33343,4500.0
33344,1400.0
33345,3500.0
33346,2000.0
33347,5200.0
33348,2000.0
33349,3000.0
33350,2300.0
33351,3200.0
33352,2400.0
33353,3400.0
33354,3100.0
33355,3400.0
33356,4300.0
33357,1900.0
33358,2600.0
33359,5400.0
33360,3100.0
33361,3300.0
33362,3200.0
33363,4200.0
33364,4600.0
33365,2900.0
33366,1300.0
33367,3700.0
33368,2200.0
33369,2200.0
33370,2700.0
33371,4200.0
33372,3400.0
33373,4500.0
33374,4900.0
33375,3200.0
33376,5900.0
33377,1700.0
33378,4800.0
33379,2300.0
33380,1300.0
33381,5600.0
33382,5100.0
33383,3100.0
33384,1900.0
33385,3600.0
33386,2200.0
33387,6500.0
33388,3700.0
33389,3500.0
33390,3300.0
33391,2600.0
33392,800.0
33393,3000.0
33394,3700.0
33395,2300.0
33396,2500.0
33397,2700.0
33398,4400.0
33399,1600.0
33400,2400.0
33401,3100.0
33402,4500.0
33403,2900.0
33404,3700.0
33405,3000.0
33406,1900.0
33407,4000.0
33408,1800.0
33409,2800.0
33410,3900.0
33411,1600.0
33412,4100.0
33413,3500.0
33414,3200.0
33415,2900.0
33416,4700.0
33417,2000.0
33418,1900.0
33419,3800.0
33420,1800.0
33421,2000.0
33422,2900.0
33423,1600.0
33424,1600.0
33425,3000.0
33426,2100.0
33427,4400.0
33428,1500.0
33429,2500.0
33430,4600.0
33431,2500.0
33432,3500.0
33433,5800.0
33434,1600.0
33435,4700.0
33436,1400.0
33437,4600.0
33438,3300.0
33439,2500.0
33440,1400.0
33441,2300.0
33442,5000.0
33443,2700.0
33444,4900.0
33445,3800.0
33446,3300.0
33447,2600.0
33448,2700.0
33449,5200.0
33450,1900.0
33451,1500.0
33452,3200.0
33453,3400.0
33454,1800.0
33455,2700.0
33456,3200.0
33457,1200.0
33458,3200.0
33459,2500.0
33460,3600.0
33461,4200.0
33462,3900.0
33463,3500.0
33464,1200.0
33465,4100.0
33466,3000.0
33467,4100.0
33468,2800.0
33469,4400.0
33470,4900.0
33471,4500.0
33472,2600.0
33473,4500.0
33474,4100.0
33475,3700.0
33476,3600.0
33477,3700.0
33478,3600.0
33479,1700.0
33480,3100.0
33481,3600.0
33482,2700.0
33483,3400.0
33484,3700.0
33485,2900.0
33486,4400.0
33487,1800.0
33488,4300.0
33489,700.0
33490,2300.0
33491,2200.0
33492,3800.0
33493,1700.0
33494,2200.0
33495,3900.0
33496,5700.0
33497,3200.0
33498,3500.0
33499,4000.0
33500,2100.0
33501,2300.0
33502,4800.0
33503,3100.0
33504,3100.0
33505,2500.0
33506,2200.0
33507,5300.0
33508,2100.0
33509,3100.0
33510,4300.0
33511,1600.0
33512,3200.0
33513,2500.0
33514,5500.0
33515,1600.0
33516,2500.0
33517,2300.0
33518,3200.0
33519,2300.0
33520,3800.0
33521,1900.0
33522,3400.0
33523,2600.0
33524,1800.0
33525,3000.0
33526,3400.0
33527,3000.0
33528,3000.0
33529,2900.0
33530,3700.0
33531,2400.0
33532,2100.0
33533,3400.0
33534,1800.0
33535,4800.0
33536,3800.0
33537,2500.0
33538,1500.0
33539,1400.0
33540,3200.0
33541,2800.0
33542,1400.0
33543,2500.0
33544,6100.0
33545,2400.0
33546,1100.0
33547,3500.0
33548,2800.0
33549,2100.0
33550,2200.0
33551,2400.0
33552,3400.0
33553,1700.0
33554,3900.0
33555,2400.0
33556,1700.0
33557,1900.0
33558,5500.0
33559,4000.0
33560,4700.0
33561,2800.0
33562,3300.0
33563,3200.0
33564,2300.0
33565,4100.0
33566,2400.0
33567,3400.0
33568,2200.0
33569,3500.0
33570,4500.0
33571,2300.0
33572,5000.0
33573,4100.0
33574,2800.0
33575,3600.0
33576,1600.0
33577,3200.0
33578,1800.0
33579,3100.0
33580,4200.0
33581,3500.0
33582,3500.0
33583,2900.0
33584,3700.0
33585,3500.0
33586,4500.0
33587,3700.0
33588,1000.0
33589,3300.0
33590,3200.0
33591,2700.0
33592,3800.0
33593,2300.0
33594,3300.0
33595,1000.0
33596,2300.0
33597,2200.0
33598,3400.0
33599,4000.0
33600,3800.0
33601,3300.0
33602,4500.0
33603,1800.0
33604,2800.0
33605,3400.0
33606,3100.0
33607,5400.0
33608,4600.0
33609,2900.0
33610,4500.0
33611,3600.0
33612,4700.0
33613,5000.0
33614,4600.0
33615,1800.0
33616,3500.0
33617,2200.0
33618,3600.0
33619,1900.0
33620,5500.0
33621,3600.0
33622,3500.0
33623,4500.0
33624,2100.0
33625,5000.0
33626,2400.0
33627,3800.0
33628,3900.0
33629,2500.0
33630,4600.0
33631,3100.0
33632,2400.0
33633,2100.0
33634,4200.0
33635,4500.0
33636,5900.0
33637,3900.0
33638,3800.0
33639,2000.0
33640,4900.0
33641,2600.0
33642,3200.0
33643,4100.0
33644,2800.0
33645,4900.0
33646,1700.0
33647,3000.0
33648,4200.0
33649,2200.0
33650,2600.0
33651,5000.0
33652,2900.0
33653,2800.0
33654,3600.0
33655,2500.0
33656,3800.0
33657,3500.0
33658,1500.0
33659,5500.0
33660,1900.0
33661,1900.0
33662,2000.0
33663,2500.0
33664,2900.0
33665,4500.0
33666,2100.0
33667,4100.0
33668,1600.0
33669,3200.0
33670,2300.0
33671,2000.0
33672,3700.0
33673,3000.0
33674,1900.0
33675,3700.0
33676,4100.0
33677,3400.0
33678,3800.0
33679,3400.0
33680,4300.0
33681,4400.0
33682,3000.0
33683,4200.0
33684,3900.0
33685,2000.0
33686,3800.0
33687,2300.0
33688,3400.0
33689,2400.0
33690,3300.0
33691,2100.0
33692,2100.0
33693,4600.0
33694,3500.0
33695,3900.0
33696,5800.0
33697,2700.0
33698,3300.0
33699,4900.0
33700,4500.0
33701,4600.0
33702,4300.0
33703,4200.0
33704,3000.0
33705,700.0
33706,2000.0
33707,2800.0
33708,2700.0
33709,2800.0
33710,1500.0
33711,4200.0
33712,2800.0
33713,1700.0
33714,1600.0
33715,2400.0
33716,2800.0
33717,3400.0
33718,700.0
33719,3100.0
33720,1900.0
33721,2000.0
33722,4100.0
33723,1400.0
33724,2700.0
33725,4000.0
33726,3200.0
33727,2600.0
33728,5400.0
33729,3500.0
33730,3300.0
33731,2000.0
33732,3600.0
33733,4500.0
33734,2700.0
33735,4000.0
33736,3500.0
33737,3500.0
33738,4800.0
33739,2700.0
33740,4800.0
33741,2500.0
33742,4000.0
33743,4400.0
33744,2400.0
33745,2500.0
33746,2200.0
33747,1500.0
33748,2700.0
33749,2400.0
33750,1900.0
33751,2500.0
33752,2000.0
33753,3300.0
33754,3100.0
33755,1600.0
33756,4400.0
33757,3800.0
33758,4300.0
33759,4200.0
33760,2000.0
33761,3700.0
33762,4500.0
33763,3800.0
33764,1600.0
33765,2200.0
33766,4600.0
33767,2800.0
33768,2700.0
33769,1900.0
33770,3200.0
33771,3100.0
33772,3900.0
33773,3200.0
33774,2700.0
33775,2400.0
33776,2700.0
33777,5900.0
33778,2600.0
33779,2700.0
33780,3700.0
33781,3900.0
33782,1700.0
33783,3000.0
33784,2700.0
33785,2300.0
33786,2400.0
33787,1600.0
33788,2700.0
33789,1600.0
33790,4800.0
33791,2100.0
33792,2000.0
33793,4000.0
33794,1800.0
33795,3400.0
33796,2800.0
33797,3400.0
33798,2000.0
33799,3400.0
33800,1800.0
33801,2500.0
33802,1500.0
33803,3700.0
33804,2300.0
33805,4700.0
33806,3200.0
33807,1400.0
33808,1700.0
33809,4700.0
33810,3500.0
33811,3300.0
33812,2100.0
33813,3900.0
33814,2200.0
33815,1600.0
33816,4100.0
33817,2300.0
33818,4800.0
33819,2000.0
33820,1700.0
33821,4300.0
33822,2200.0
33823,2400.0
33824,1700.0
33825,2200.0
33826,2800.0
33827,4400.0
33828,2500.0
33829,1700.0
33830,3500.0
33831,5000.0
33832,600.0
33833,3100.0
33834,2100.0
33835,3800.0
33836,4000.0
33837,3500.0
33838,4000.0
33839,2800.0
33840,3600.0
33841,3600.0
33842,3400.0
33843,4400.0
33844,3900.0
33845,4700.0
33846,2400.0
33847,2700.0
33848,2400.0
33849,2100.0
33850,3200.0
33851,1600.0
33852,5300.0
33853,4100.0
33854,3800.0
33855,1800.0
33856,1800.0
33857,2700.0
33858,4500.0
33859,2400.0
33860,2200.0
33861,3200.0
33862,3200.0
33863,3300.0
33864,4400.0
33865,1400.0
33866,2200.0
33867,2900.0
33868,2300.0
33869,1800.0
33870,3800.0
33871,1500.0
33872,1900.0
33873,2200.0
33874,2100.0
33875,2700.0
33876,4300.0
33877,3400.0
33878,2300.0
33879,2900.0
33880,3900.0
33881,4700.0
33882,4200.0
33883,4000.0
33884,1900.0
33885,2800.0
33886,1700.0
33887,2000.0
33888,3900.0
33889,4900.0
33890,1600.0
33891,2800.0
33892,2200.0
33893,1400.0
33894,4500.0
33895,5400.0
33896,2600.0
33897,3400.0
33898,1900.0
33899,1400.0
33900,3600.0
33901,1800.0
33902,5500.0
33903,3300.0
33904,2800.0
33905,3000.0
33906,3400.0
33907,4900.0
33908,2800.0
33909,3800.0
33910,4700.0
33911,2900.0
33912,4800.0
33913,4000.0
33914,4600.0
33915,1400.0
33916,5100.0
33917,5200.0
33918,3700.0
33919,3800.0
33920,3000.0
33921,2600.0
33922,3400.0
33923,2400.0
33924,2200.0
33925,3900.0
33926,3600.0
33927,3100.0
33928,3200.0
33929,2200.0
33930,4000.0
33931,2600.0
33932,2500.0
33933,3800.0
33934,2000.0
33935,4700.0
33936,2800.0
33937,1700.0
33938,4000.0
33939,2400.0
33940,4100.0
33941,4000.0
33942,2400.0
33943,2000.0
33944,3800.0
33945,2800.0
33946,4300.0
33947,4000.0
33948,2900.0
33949,2500.0
33950,2800.0
33951,4300.0
33952,2600.0
33953,2900.0
33954,2700.0
33955,2000.0
33956,1900.0
33957,1600.0
33958,2700.0
33959,4300.0
33960,1900.0
33961,2900.0
33962,1800.0
33963,1400.0
33964,4100.0
33965,2400.0
33966,2000.0
33967,3500.0
33968,2700.0
33969,2100.0
33970,2700.0
33971,4500.0
33972,2000.0
33973,2100.0
33974,7800.0
33975,1900.0
33976,2700.0
33977,3300.0
33978,2900.0
33979,4400.0
33980,3100.0
33981,1400.0
33982,6700.0
33983,2500.0
33984,2800.0
33985,2100.0
33986,2700.0
33987,1300.0
33988,2200.0
33989,1500.0
33990,4000.0
33991,4300.0
33992,4700.0
33993,3400.0
33994,1800.0
33995,2200.0
33996,4200.0
33997,4300.0
33998,3100.0
33999,2200.0
34000,5200.0
34001,4500.0
34002,2700.0
34003,5000.0
34004,2900.0
34005,1400.0
34006,2200.0
34007,2200.0
34008,3500.0
34009,3200.0
34010,1900.0
34011,2000.0
34012,2100.0
34013,1800.0
34014,3600.0
34015,3700.0
34016,2100.0
34017,4300.0
34018,2400.0
34019,3500.0
34020,6500.0
34021,2900.0
34022,2100.0
34023,2500.0
34024,4900.0
34025,2500.0
34026,2000.0
34027,5000.0
34028,3600.0
34029,2800.0
34030,4200.0
34031,1900.0
34032,4100.0
34033,4400.0
34034,5400.0
34035,3600.0
34036,3900.0
34037,2000.0
34038,2000.0
34039,1900.0
34040,1900.0
34041,2700.0
34042,1700.0
34043,4800.0
34044,1900.0
34045,1900.0
34046,1600.0
34047,3300.0
34048,4300.0
34049,2200.0
34050,2500.0
34051,3100.0
34052,1900.0
34053,4300.0
34054,2600.0
34055,4400.0
34056,1600.0
34057,2400.0
34058,2300.0
34059,2200.0
34060,2000.0
34061,4200.0
34062,1800.0
34063,2700.0
34064,3100.0
34065,3600.0
34066,6100.0
34067,1700.0
34068,3900.0
34069,3900.0
34070,2600.0
34071,2400.0
34072,1600.0
34073,4400.0
34074,3600.0
34075,2000.0
34076,1900.0
34077,2100.0
34078,3100.0
34079,4200.0
34080,4600.0
34081,2100.0
34082,2300.0
34083,1500.0
34084,1400.0
34085,1700.0
34086,3800.0
34087,2400.0
34088,2200.0
34089,3600.0
34090,2700.0
34091,3100.0
34092,2600.0
34093,700.0
34094,1900.0
34095,2100.0
34096,4800.0
34097,2400.0
34098,2100.0
34099,1900.0
34100,3300.0
34101,4200.0
34102,2500.0
34103,1700.0
34104,1800.0
34105,4400.0
34106,4800.0
34107,2400.0
34108,5000.0
34109,2000.0
34110,4900.0
34111,3300.0
34112,2400.0
34113,3800.0
34114,3500.0
34115,1700.0
34116,2400.0
34117,1400.0
34118,2400.0
34119,3000.0
34120,2700.0
34121,4300.0
34122,2500.0
34123,2000.0
34124,4100.0
34125,1500.0
34126,3300.0
34127,2600.0
34128,1900.0
34129,2700.0
34130,5000.0
34131,4000.0
34132,3500.0
34133,2000.0
34134,2700.0
34135,5500.0
34136,2000.0
34137,1300.0
34138,3100.0
34139,4800.0
34140,2400.0
34141,3100.0
34142,2400.0
34143,2600.0
34144,5200.0
34145,2200.0
34146,4600.0
34147,3400.0
34148,4600.0
34149,2700.0
34150,1700.0
34151,2100.0
34152,3200.0
34153,1800.0
34154,4300.0
34155,3000.0
34156,2900.0
34157,3400.0
34158,2200.0
34159,3700.0
34160,2000.0
34161,4400.0
34162,2100.0
34163,2300.0
34164,2200.0
34165,1700.0
34166,3400.0
34167,2800.0
34168,3600.0
34169,2300.0
34170,3200.0
34171,3000.0
34172,4600.0
34173,4600.0
34174,3400.0
34175,3800.0
34176,2300.0
34177,3100.0
34178,2500.0
34179,4600.0
34180,3400.0
34181,4900.0
34182,2200.0
34183,3900.0
34184,2400.0
34185,1600.0
34186,3100.0
34187,4300.0
34188,1200.0
34189,3100.0
34190,4400.0
34191,2000.0
34192,3000.0
34193,5600.0
34194,4300.0
34195,4100.0
34196,3600.0
34197,4200.0
34198,5200.0
34199,3900.0
34200,2100.0
34201,4300.0
34202,4900.0
34203,2700.0
34204,2100.0
34205,3900.0
34206,1000.0
34207,3300.0
34208,1700.0
34209,3400.0
34210,2100.0
34211,2000.0
34212,2700.0
34213,1700.0
34214,5200.0
34215,3100.0
34216,2200.0
34217,4000.0
34218,4500.0
34219,2800.0
34220,5800.0
34221,3900.0
34222,3100.0
34223,3000.0
34224,3200.0
34225,2300.0
34226,1800.0
34227,2600.0
34228,3100.0
34229,2300.0
34230,1400.0
34231,3200.0
34232,2300.0
34233,2600.0
34234,4200.0
34235,3200.0
34236,3000.0
34237,4500.0
34238,2200.0
34239,1600.0
34240,2600.0
34241,2700.0
34242,4900.0
34243,3800.0
34244,3800.0
34245,5500.0
34246,1400.0
34247,1500.0
34248,3500.0
34249,5400.0
34250,2000.0
34251,1800.0
34252,3200.0
34253,1700.0
34254,2200.0
34255,2100.0
34256,1800.0
34257,2900.0
34258,2400.0
34259,2700.0
34260,2700.0
34261,3500.0
34262,2800.0
34263,3400.0
34264,3400.0
34265,3400.0
34266,2000.0
34267,2800.0
34268,2800.0
34269,2100.0
34270,3900.0
34271,4800.0
34272,4400.0
34273,3200.0
34274,3600.0
34275,2300.0
34276,2000.0
34277,2900.0
34278,4000.0
34279,3600.0
34280,2700.0
34281,4100.0
34282,3900.0
34283,4000.0
34284,3500.0
34285,4200.0
34286,3500.0
34287,4600.0
34288,4100.0
34289,1400.0
34290,2900.0
34291,1900.0
34292,1800.0
34293,2400.0
34294,2300.0
34295,4000.0
34296,1600.0
34297,5200.0
34298,2600.0
34299,1800.0
34300,2400.0
34301,4200.0
34302,2400.0
34303,2000.0
34304,1900.0
34305,2000.0
34306,1600.0
34307,3800.0
34308,2700.0
34309,2400.0
34310,2100.0
34311,4000.0
34312,2600.0
34313,1600.0
34314,2300.0
34315,3300.0
34316,4300.0
34317,2700.0
34318,2400.0
34319,2700.0
34320,4400.0
34321,3900.0
34322,2600.0
34323,6000.0
34324,4700.0
34325,3500.0
34326,3300.0
34327,4500.0
34328,3700.0
34329,1900.0
34330,3200.0
34331,2200.0
34332,4800.0
34333,3500.0
34334,2800.0
34335,2100.0
34336,3600.0
34337,4400.0
34338,4400.0
34339,1700.0
34340,4000.0
34341,4100.0
34342,2800.0
34343,3500.0
34344,3700.0
34345,3800.0
34346,2000.0
34347,2200.0
34348,4000.0
34349,2700.0
34350,2000.0
34351,3500.0
34352,4200.0
34353,1800.0
34354,3100.0
34355,4400.0
34356,1500.0
34357,1400.0
34358,2100.0
34359,2700.0
34360,4900.0
34361,2800.0
34362,3200.0
34363,4400.0
34364,3700.0
34365,2200.0
34366,2700.0
34367,2500.0
34368,2700.0
34369,3700.0
34370,5100.0
34371,4400.0
34372,3000.0
34373,3800.0
34374,2500.0
34375,2900.0
34376,3600.0
34377,5100.0
34378,3900.0
34379,2600.0
34380,3200.0
34381,1700.0
34382,3900.0
34383,5200.0
34384,3400.0
34385,5000.0
34386,2200.0
34387,2400.0
34388,4000.0
34389,1700.0
34390,4800.0
34391,3500.0
34392,5300.0
34393,3500.0
34394,2600.0
34395,1400.0
34396,1400.0
34397,4300.0
34398,3300.0
34399,2200.0
34400,3300.0
34401,1500.0
34402,3400.0
34403,2000.0
34404,2400.0
34405,2800.0
34406,2400.0
34407,2000.0
34408,2700.0
34409,2000.0
34410,4000.0
34411,3200.0
34412,4300.0
34413,2400.0
34414,4300.0
34415,4000.0
34416,4200.0
34417,2800.0
34418,5600.0
34419,1800.0
34420,1600.0
34421,3200.0
34422,2400.0
34423,1200.0
34424,1800.0
34425,1700.0
34426,2200.0
34427,4500.0
34428,4200.0
34429,3700.0
34430,3400.0
34431,3000.0
34432,4800.0
34433,2800.0
34434,2900.0
34435,4400.0
34436,3000.0
34437,2700.0
34438,4100.0
34439,2500.0
34440,3600.0
34441,2300.0
34442,1800.0
34443,4500.0
34444,2700.0
34445,5500.0
34446,4200.0
34447,4700.0
34448,1500.0
34449,5700.0
34450,2500.0
34451,2200.0
34452,1800.0
34453,2400.0
34454,3700.0
34455,4100.0
34456,2200.0
34457,2400.0
34458,4900.0
34459,2300.0
34460,1600.0
34461,1700.0
34462,2200.0
34463,3200.0
34464,4800.0
34465,2000.0
34466,3100.0
34467,3400.0
34468,2800.0
34469,2800.0
34470,3300.0
34471,3800.0
34472,1600.0
34473,2200.0
34474,5100.0
34475,2600.0
34476,1600.0
34477,4600.0
34478,3000.0
34479,2600.0
34480,1400.0
34481,3800.0
34482,4000.0
34483,2800.0
34484,2700.0
34485,2000.0
34486,3000.0
34487,3100.0
34488,3200.0
34489,3700.0
34490,3700.0
34491,2200.0
34492,1500.0
34493,2100.0
34494,3200.0
34495,3200.0
34496,2100.0
34497,2400.0
34498,4000.0
34499,3300.0
34500,2400.0
34501,2800.0
34502,1500.0
34503,2800.0
34504,2100.0
34505,1300.0
34506,4400.0
34507,1800.0
34508,3300.0
34509,1900.0
34510,3600.0
34511,4100.0
34512,2600.0
34513,3600.0
34514,2500.0
34515,5600.0
34516,2300.0
34517,4700.0
34518,3400.0
34519,4400.0
34520,3700.0
34521,4500.0
34522,3500.0
34523,2800.0
34524,3600.0
34525,3900.0
34526,2300.0
34527,3600.0
34528,2400.0
34529,3100.0
34530,3200.0
34531,1800.0
34532,3300.0
34533,1700.0
34534,2400.0
34535,5800.0
34536,1600.0
34537,2500.0
34538,2900.0
34539,3200.0
34540,2200.0
34541,4900.0
34542,2000.0
34543,4900.0
34544,3300.0
34545,1600.0
34546,2200.0
34547,3300.0
34548,4400.0
34549,2100.0
34550,2300.0
34551,4000.0
34552,3600.0
34553,1900.0
34554,2600.0
34555,4300.0
34556,2600.0
34557,2200.0
34558,4700.0
34559,2000.0
34560,4400.0
34561,3300.0
34562,4300.0
34563,5000.0
34564,1900.0
34565,1200.0
34566,2600.0
34567,4000.0
34568,8200.0
34569,3500.0
34570,3900.0
34571,3900.0
34572,3500.0
34573,3200.0
34574,5100.0
34575,4100.0
34576,3900.0
34577,2500.0
34578,4900.0
34579,1900.0
34580,3900.0
34581,4100.0
34582,1200.0
34583,4200.0
34584,3300.0
34585,4300.0
34586,3400.0
34587,4900.0
34588,3400.0
34589,2600.0
34590,2300.0
34591,2700.0
34592,2700.0
34593,2300.0
34594,2300.0
34595,1400.0
34596,3700.0
34597,1800.0
34598,3600.0
34599,3500.0
34600,2600.0
34601,3900.0
34602,4400.0
34603,3500.0
34604,1700.0
34605,4500.0
34606,3400.0
34607,5200.0
34608,4100.0
34609,2300.0
34610,3100.0
34611,3600.0
34612,3500.0
34613,2700.0
34614,1500.0
34615,4700.0
34616,4100.0
34617,2800.0
34618,3100.0
34619,4000.0
34620,1600.0
34621,3900.0
34622,2800.0
34623,1900.0
34624,1600.0
34625,3800.0
34626,2000.0
34627,1900.0
34628,2300.0
34629,2000.0
34630,2600.0
34631,5000.0
34632,4900.0
34633,4200.0
34634,5700.0
34635,1100.0
34636,2300.0
34637,2300.0
34638,2700.0
34639,1500.0
34640,4200.0
34641,4900.0
34642,4500.0
34643,2100.0
34644,2600.0
34645,3300.0
34646,2700.0
34647,3900.0
34648,3500.0
34649,5200.0
34650,2700.0
34651,1500.0
34652,2400.0
34653,1500.0
34654,2600.0
34655,2500.0
34656,2500.0
34657,2200.0
34658,4300.0
34659,2100.0
34660,2300.0
34661,3300.0
34662,1600.0
34663,4600.0
34664,5200.0
34665,3100.0
34666,4600.0
34667,4400.0
34668,4400.0
34669,4200.0
34670,3600.0
34671,4100.0
34672,2300.0
34673,1600.0
34674,2900.0
34675,5000.0
34676,2200.0
34677,2000.0
34678,4000.0
34679,3700.0
34680,1500.0
34681,1200.0
34682,2900.0
34683,5900.0
34684,1900.0
34685,1800.0
34686,2500.0
34687,3500.0
34688,2000.0
34689,1500.0
34690,2700.0
34691,4000.0
34692,2000.0
34693,3500.0
34694,4500.0
34695,3500.0
34696,4500.0
34697,4100.0
34698,2200.0
34699,1500.0
34700,1700.0
34701,3700.0
34702,5700.0
34703,4400.0
34704,1800.0
34705,1800.0
34706,5100.0
34707,2000.0
34708,4500.0
34709,1800.0
34710,3900.0
34711,2800.0
34712,4000.0
34713,2400.0
34714,3400.0
34715,5400.0
34716,3100.0
34717,3500.0
34718,2600.0
34719,2200.0
34720,2200.0
34721,2800.0
34722,4000.0
34723,2100.0
34724,2200.0
34725,2000.0
34726,1800.0
34727,2600.0
34728,1800.0
34729,4700.0
34730,3600.0
34731,2700.0
34732,3000.0
34733,3200.0
34734,1500.0
34735,1800.0
34736,4500.0
34737,4400.0
34738,2000.0
34739,3700.0
34740,2800.0
34741,1700.0
34742,3700.0
34743,2300.0
34744,3000.0
34745,4200.0
34746,5000.0
34747,2800.0
34748,5200.0
34749,2700.0
34750,3600.0
34751,4500.0
34752,2400.0
34753,3200.0
34754,3200.0
34755,2500.0
34756,2400.0
34757,1500.0
34758,2100.0
34759,1900.0
34760,2700.0
34761,5300.0
34762,4000.0
34763,2900.0
34764,3100.0
34765,1800.0
34766,3000.0
34767,2100.0
34768,2500.0
34769,3000.0
34770,2200.0
34771,1100.0
34772,2700.0
34773,3200.0
34774,2000.0
34775,1600.0
34776,3200.0
34777,4000.0
34778,3500.0
34779,4800.0
34780,1700.0
34781,2400.0
34782,3900.0
34783,2400.0
34784,3300.0
34785,3000.0
34786,2900.0
34787,4300.0
34788,1800.0
34789,3200.0
34790,2600.0
34791,5000.0
34792,4100.0
34793,3300.0
34794,2100.0
34795,2800.0
34796,3000.0
34797,3200.0
34798,3800.0
34799,4500.0
34800,3000.0
34801,3200.0
34802,4100.0
34803,2900.0
34804,3200.0
34805,3500.0
34806,3100.0
34807,2400.0
34808,1900.0
34809,4600.0
34810,4200.0
34811,4400.0
34812,4500.0
34813,1500.0
34814,3000.0
34815,4800.0
34816,2200.0
34817,1700.0
34818,2700.0
34819,3400.0
34820,4000.0
34821,5000.0
34822,4500.0
34823,2400.0
34824,5200.0
34825,3000.0
34826,2400.0
34827,4400.0
34828,2000.0
34829,4400.0
34830,2900.0
34831,3900.0
34832,2000.0
34833,1600.0
34834,2600.0
34835,4700.0
34836,4000.0
34837,3300.0
34838,2100.0
34839,2000.0
34840,5600.0
34841,3700.0
34842,3500.0
34843,4100.0
34844,2800.0
34845,3000.0
34846,3100.0
34847,3800.0
34848,2300.0
34849,2700.0
34850,4400.0
34851,2100.0
34852,1700.0
34853,2000.0
34854,2800.0
34855,3800.0
34856,3100.0
34857,4500.0
34858,3300.0
34859,4300.0
34860,3200.0
34861,3600.0
34862,3400.0
34863,2800.0
34864,3900.0
34865,1800.0
34866,3600.0
34867,4900.0
34868,2600.0
34869,2700.0
34870,3400.0
34871,6200.0
34872,2800.0
34873,2800.0
34874,1400.0
34875,4800.0
34876,4100.0
34877,4900.0
34878,1200.0
34879,3600.0
34880,4900.0
34881,1300.0
34882,4100.0
34883,2500.0
34884,2900.0
34885,2600.0
34886,4200.0
34887,3300.0
34888,3400.0
34889,3000.0
34890,2400.0
34891,2000.0
34892,4700.0
34893,2400.0
34894,2400.0
34895,3600.0
34896,1900.0
34897,1500.0
34898,3900.0
34899,1900.0
34900,1000.0
34901,3200.0
34902,2700.0
34903,2000.0
34904,5000.0
34905,1500.0
34906,2700.0
34907,3600.0
34908,2200.0
34909,1500.0
34910,1500.0
34911,3700.0
34912,3900.0
34913,3500.0
34914,4800.0
34915,4100.0
34916,3500.0
34917,5100.0
34918,3400.0
34919,3500.0
34920,2500.0
34921,5100.0
34922,3500.0
34923,2700.0
34924,3300.0
34925,1700.0
34926,1100.0
34927,4200.0
34928,3100.0
34929,2700.0
34930,5200.0
34931,4500.0
34932,2300.0
34933,3700.0
34934,2800.0
34935,2100.0
34936,3900.0
34937,4500.0
34938,4600.0
34939,4900.0
34940,2200.0
34941,3400.0
34942,5300.0
34943,4400.0
34944,4300.0
34945,3600.0
34946,3800.0
34947,2600.0
34948,2300.0
34949,3100.0
34950,2400.0
34951,4200.0
34952,2800.0
34953,3800.0
34954,1900.0
34955,3500.0
34956,2600.0
34957,2500.0
34958,2300.0
34959,3500.0
34960,2800.0
34961,2200.0
34962,1700.0
34963,3900.0
34964,4000.0
34965,2400.0
34966,2400.0
34967,1800.0
34968,2200.0
34969,2400.0
34970,2300.0
34971,6400.0
34972,3300.0
34973,3500.0
34974,5400.0
34975,4900.0
34976,2800.0
34977,5500.0
34978,3500.0
34979,3900.0
34980,3000.0
34981,3600.0
34982,2800.0
34983,2100.0
34984,3900.0
34985,4400.0
34986,3900.0
34987,4800.0
34988,4200.0
34989,4900.0
34990,2900.0
34991,4200.0
34992,2700.0
34993,2900.0
34994,2200.0
34995,3700.0
34996,3000.0
34997,2300.0
34998,4300.0
34999,3400.0
35000,3200.0
35001,2000.0
35002,3400.0
35003,4400.0
35004,2300.0
35005,1800.0
35006,1900.0
35007,2200.0
35008,4500.0
35009,2200.0
35010,3400.0
35011,1800.0
35012,2100.0
35013,5000.0
35014,3600.0
35015,2000.0
35016,3200.0
35017,4100.0
35018,2700.0
35019,2200.0
35020,3700.0
35021,2400.0
35022,3600.0
35023,4300.0
35024,4400.0
35025,1700.0
35026,1500.0
35027,3100.0
35028,5600.0
35029,2600.0
35030,5700.0
35031,4000.0
35032,3900.0
35033,2800.0
35034,3700.0
35035,2900.0
35036,2800.0
35037,6700.0
35038,4200.0
35039,3700.0
35040,3700.0
35041,2500.0
35042,3200.0
35043,4100.0
35044,2600.0
35045,3800.0
35046,2000.0
35047,1900.0
35048,2400.0
35049,2600.0
35050,1500.0
35051,2500.0
35052,1800.0
35053,3200.0
35054,2900.0
35055,2900.0
35056,3600.0
35057,2200.0
35058,2200.0
35059,1900.0
35060,3600.0
35061,5300.0
35062,3200.0
35063,3800.0
35064,2100.0
35065,2800.0
35066,3000.0
35067,4100.0
35068,4500.0
35069,2400.0
35070,3000.0
35071,3700.0
35072,5000.0
35073,5200.0
35074,3100.0
35075,2400.0
35076,2100.0
35077,1500.0
35078,4400.0
35079,4500.0
35080,3600.0
35081,4600.0
35082,2800.0
35083,4300.0
35084,4600.0
35085,3400.0
35086,2400.0
35087,1500.0
35088,4400.0
35089,3100.0
35090,1800.0
35091,1200.0
35092,2800.0
35093,2000.0
35094,2800.0
35095,2100.0
35096,5300.0
35097,900.0
35098,3400.0
35099,4000.0
35100,1700.0
35101,2400.0
35102,2400.0
35103,2800.0
35104,3000.0
35105,2600.0
35106,4500.0
35107,3900.0
35108,4200.0
35109,1000.0
35110,4800.0
35111,1400.0
35112,1900.0
35113,4400.0
35114,4600.0
35115,3300.0
35116,1600.0
35117,2600.0
35118,6800.0
35119,2900.0
35120,3300.0
35121,3000.0
35122,3600.0
35123,1900.0
35124,3600.0
35125,2900.0
35126,4500.0
35127,2900.0
35128,3800.0
35129,3600.0
35130,3500.0
35131,4000.0
35132,1700.0
35133,2900.0
35134,5100.0
35135,3800.0
35136,2700.0
35137,2500.0
35138,4100.0
35139,4000.0
35140,3200.0
35141,3300.0
35142,3300.0
35143,3600.0
35144,2500.0
35145,1900.0
35146,2000.0
35147,1600.0
35148,3500.0
35149,5300.0
35150,2700.0
35151,2400.0
35152,4700.0
35153,3500.0
35154,4300.0
35155,4500.0
35156,3900.0
35157,2400.0
35158,1500.0
35159,3600.0
35160,2200.0
35161,2400.0
35162,1300.0
35163,1700.0
35164,4500.0
35165,3300.0
35166,2800.0
35167,3700.0
35168,2200.0
35169,3100.0
35170,3100.0
35171,4600.0
35172,2000.0
35173,2900.0
35174,6100.0
35175,1800.0
35176,2100.0
35177,2100.0
35178,2500.0
35179,4900.0
35180,1700.0
35181,1600.0
35182,5400.0
35183,3800.0
35184,3200.0
35185,2300.0
35186,3000.0
35187,2400.0
35188,4600.0
35189,3700.0
35190,3600.0
35191,2400.0
35192,3000.0
35193,2500.0
35194,3800.0
35195,4200.0
35196,3800.0
35197,2900.0
35198,1900.0
35199,2500.0
35200,3500.0
35201,4100.0
35202,2600.0
35203,4200.0
35204,4200.0
35205,5400.0
35206,3000.0
35207,4800.0
35208,6800.0
35209,3300.0
35210,1800.0
35211,3000.0
35212,900.0
35213,3800.0
35214,3000.0
35215,4500.0
35216,3200.0
35217,2200.0
35218,1400.0
35219,3800.0
35220,3600.0
35221,3700.0
35222,1500.0
35223,2600.0
35224,2800.0
35225,5400.0
35226,1500.0
35227,4000.0
35228,3300.0
35229,2300.0
35230,1500.0
35231,5400.0
35232,4500.0
35233,3200.0
35234,2600.0
35235,2000.0
35236,3300.0
35237,2900.0
35238,2000.0
35239,1700.0
35240,3300.0
35241,2500.0
35242,2100.0
35243,2100.0
35244,2700.0
35245,5700.0
35246,3900.0
35247,3000.0
35248,4900.0
35249,4500.0
35250,3300.0
35251,3800.0
35252,3000.0
35253,2100.0
35254,4400.0
35255,2600.0
35256,1500.0
35257,2200.0
35258,2100.0
35259,1700.0
35260,2500.0
35261,4500.0
35262,4100.0
35263,5000.0
35264,2500.0
35265,3900.0
35266,3200.0
35267,3500.0
35268,2600.0
35269,2300.0
35270,3900.0
35271,2400.0
35272,2200.0
35273,1700.0
35274,2500.0
35275,4800.0
35276,2300.0
35277,2800.0
35278,5700.0
35279,1500.0
35280,4500.0
35281,3600.0
35282,4600.0
35283,4700.0
35284,2200.0
35285,1400.0
35286,4800.0
35287,2000.0
35288,4600.0
35289,4600.0
35290,4400.0
35291,1900.0
35292,3600.0
35293,3400.0
35294,3000.0
35295,2100.0
35296,4300.0
35297,2000.0
35298,2300.0
35299,3500.0
35300,2200.0
35301,3000.0
35302,2400.0
35303,3600.0
35304,4300.0
35305,2900.0
35306,3700.0
35307,2500.0
35308,4100.0
35309,4000.0
35310,1900.0
35311,2300.0
35312,5800.0
35313,5000.0
35314,1700.0
35315,300.0
35316,1400.0
35317,3700.0
35318,2600.0
35319,5100.0
35320,3000.0
35321,3600.0
35322,3100.0
35323,4000.0
35324,5400.0
35325,4000.0
35326,2700.0
35327,3300.0
35328,2100.0
35329,1400.0
35330,4700.0
35331,3300.0
35332,4700.0
35333,3200.0
35334,2600.0
35335,3700.0
35336,1800.0
35337,3700.0
35338,4200.0
35339,4200.0
35340,2200.0
35341,3300.0
35342,3800.0
35343,3300.0
35344,3800.0
35345,5600.0
35346,2200.0
35347,3500.0
35348,4100.0
35349,4400.0
35350,3700.0
35351,1900.0
35352,2700.0
35353,2700.0
35354,4700.0
35355,2700.0
35356,4800.0
35357,4400.0
35358,3500.0
35359,3100.0
35360,4200.0
35361,3700.0
35362,2300.0
35363,3400.0
35364,3400.0
35365,3400.0
35366,2400.0
35367,3000.0
35368,4700.0
35369,2000.0
35370,2500.0
35371,2400.0
35372,3300.0
35373,4500.0
35374,5900.0
35375,1500.0
35376,2400.0
35377,2200.0
35378,2700.0
35379,4600.0
35380,2900.0
35381,4000.0
35382,1900.0
35383,2500.0
35384,1600.0
35385,1600.0
35386,3800.0
35387,2700.0
35388,1900.0
35389,1600.0
35390,3000.0
35391,1900.0
35392,3900.0
35393,3200.0
35394,1900.0
35395,2500.0
35396,1700.0
35397,2300.0
35398,4100.0
35399,2800.0
35400,1800.0
35401,2300.0
35402,2800.0
35403,2800.0
35404,3600.0
35405,3100.0
35406,3700.0
35407,2900.0
35408,4700.0
35409,4300.0
35410,2000.0
35411,3600.0
35412,2800.0
35413,1800.0
35414,3900.0
35415,4400.0
35416,4100.0
35417,4000.0
35418,3100.0
35419,3500.0
35420,3400.0
35421,1400.0
35422,2800.0
35423,3500.0
35424,4000.0
35425,4700.0
35426,4700.0
35427,2000.0
35428,4900.0
35429,3000.0
35430,3400.0
35431,2400.0
35432,5100.0
35433,4800.0
35434,4500.0
35435,2900.0
35436,3200.0
35437,3500.0
35438,4100.0
35439,2400.0
35440,2100.0
35441,2200.0
35442,3900.0
35443,2300.0
35444,2000.0
35445,4900.0
35446,2400.0
35447,1900.0
35448,3400.0
35449,3300.0
35450,4500.0
35451,1400.0
35452,6700.0
35453,3600.0
35454,3200.0
35455,2500.0
35456,2800.0
35457,1700.0
35458,2400.0
35459,4100.0
35460,1100.0
35461,3700.0
35462,4200.0
35463,3300.0
35464,3400.0
35465,1200.0
35466,4500.0
35467,3700.0
35468,3800.0
35469,1600.0
35470,2700.0
35471,2400.0
35472,3300.0
35473,3600.0
35474,5200.0
35475,1500.0
35476,2800.0
35477,4900.0
35478,2700.0
35479,2000.0
35480,3400.0
35481,2700.0
35482,1400.0
35483,3300.0
35484,1900.0
35485,3200.0
35486,3200.0
35487,3800.0
35488,3600.0
35489,4600.0
35490,4500.0
35491,4200.0
35492,3900.0
35493,2900.0
35494,2900.0
35495,3200.0
35496,2200.0
35497,5300.0
35498,1100.0
35499,3800.0
35500,1900.0
35501,5000.0
35502,2800.0
35503,3700.0
35504,5200.0
35505,3300.0
35506,3000.0
35507,4600.0
35508,1700.0
35509,4500.0
35510,2600.0
35511,2300.0
35512,2900.0
35513,3000.0
35514,4300.0
35515,2800.0
35516,1900.0
35517,3100.0
35518,2800.0
35519,1800.0
35520,1800.0
35521,2000.0
35522,2000.0
35523,1700.0
35524,2000.0
35525,4100.0
35526,4900.0
35527,5200.0
35528,2700.0
35529,2600.0
35530,5100.0
35531,3500.0
35532,4700.0
35533,2400.0
35534,1700.0
35535,2100.0
35536,4000.0
35537,2600.0
35538,2100.0
35539,3300.0
35540,4700.0
35541,2400.0
35542,4600.0
35543,1900.0
35544,3800.0
35545,4400.0
35546,3200.0
35547,3600.0
35548,4100.0
35549,6200.0
35550,4100.0
35551,4100.0
35552,3900.0
35553,4200.0
35554,3600.0
35555,4300.0
35556,3000.0
35557,1600.0
35558,5100.0
35559,4100.0
35560,1900.0
35561,3000.0
35562,3600.0
35563,2100.0
35564,6000.0
35565,4600.0
35566,3700.0
35567,4600.0
35568,2300.0
35569,3700.0
35570,1900.0
35571,2600.0
35572,3700.0
35573,3200.0
35574,2300.0
35575,2000.0
35576,1600.0
35577,2600.0
35578,2800.0
35579,2900.0
35580,3400.0
35581,2600.0
35582,3000.0
35583,4200.0
35584,3800.0
35585,1600.0
35586,2500.0
35587,4300.0
35588,3600.0
35589,4500.0
35590,4800.0
35591,3000.0
35592,2500.0
35593,3200.0
35594,1600.0
35595,4300.0
35596,2800.0
35597,2400.0
35598,1500.0
35599,2000.0
35600,6300.0
35601,2800.0
35602,2600.0
35603,3800.0
35604,1600.0
35605,2400.0
35606,3700.0
35607,5800.0
35608,1800.0
35609,4300.0
35610,2200.0
35611,2600.0
35612,3400.0
35613,1500.0
35614,1800.0
35615,1700.0
35616,2900.0
35617,2200.0
35618,4100.0
35619,4700.0
35620,2600.0
35621,2700.0
35622,4000.0
35623,3500.0
35624,2400.0
35625,1200.0
35626,3100.0
35627,3900.0
35628,3500.0
35629,5700.0
35630,3400.0
35631,1900.0
35632,4200.0
35633,3300.0
35634,4000.0
35635,2100.0
35636,2500.0
35637,2500.0
35638,1400.0
35639,4300.0
35640,4100.0
35641,2900.0
35642,4900.0
35643,4700.0
35644,1900.0
35645,3300.0
35646,2700.0
35647,2200.0
35648,3500.0
35649,3500.0
35650,2800.0
35651,3600.0
35652,1900.0
35653,2800.0
35654,5700.0
35655,4300.0
35656,2700.0
35657,3200.0
35658,3500.0
35659,2200.0
35660,1700.0
35661,1600.0
35662,3100.0
35663,2300.0
35664,2000.0
35665,5000.0
35666,5800.0
35667,4400.0
35668,3500.0
35669,2100.0
35670,2600.0
35671,2900.0
35672,2600.0
35673,2600.0
35674,5300.0
35675,4300.0
35676,2000.0
35677,1400.0
35678,3200.0
35679,1900.0
35680,4500.0
35681,3600.0
35682,3800.0
35683,1400.0
35684,2400.0
35685,2100.0
35686,2200.0
35687,3100.0
35688,4800.0
35689,4500.0
35690,2600.0
35691,2800.0
35692,4000.0
35693,2300.0
35694,2100.0
35695,2100.0
35696,3700.0
35697,3200.0
35698,1700.0
35699,3000.0
35700,4600.0
35701,2600.0
35702,3700.0
35703,3900.0
35704,4900.0
35705,4200.0
35706,1600.0
35707,3800.0
35708,1800.0
35709,2000.0
35710,2500.0
35711,3300.0
35712,4200.0
35713,3100.0
35714,2500.0
35715,4000.0
35716,2600.0
35717,2900.0
35718,2900.0
35719,4300.0
35720,5000.0
35721,3200.0
35722,3000.0
35723,3300.0
35724,1300.0
35725,2800.0
35726,2500.0
35727,4100.0
35728,4200.0
35729,2600.0
35730,4500.0
35731,5900.0
35732,5300.0
35733,3200.0
35734,2300.0
35735,5600.0
35736,3000.0
35737,4900.0
35738,3900.0
35739,4100.0
35740,2100.0
35741,1600.0
35742,900.0
35743,4300.0
35744,4100.0
35745,3500.0
35746,4800.0
35747,3400.0
35748,2200.0
35749,2100.0
35750,4800.0
35751,4400.0
35752,4400.0
35753,1400.0
35754,2800.0
35755,2800.0
35756,3200.0
35757,2800.0
35758,2300.0
35759,1800.0
35760,4200.0
35761,3100.0
35762,5100.0
35763,1800.0
35764,1800.0
35765,3000.0
35766,3500.0
35767,2300.0
35768,5400.0
35769,2500.0
35770,2700.0
35771,5500.0
35772,2300.0
35773,1600.0
35774,3600.0
35775,5000.0
35776,3900.0
35777,2100.0
35778,3100.0
35779,4300.0
35780,3100.0
35781,2200.0
35782,2300.0
35783,5000.0
35784,1600.0
35785,4000.0
35786,1600.0
35787,3900.0
35788,2900.0
35789,1700.0
35790,2300.0
35791,3700.0
35792,2100.0
35793,2800.0
35794,5200.0
35795,2700.0
35796,2700.0
35797,4800.0
35798,1800.0
35799,3200.0
35800,4300.0
35801,2100.0
35802,2300.0
35803,2400.0
35804,3400.0
35805,4400.0
35806,3600.0
35807,2800.0
35808,3500.0
35809,3800.0
35810,3300.0
35811,3500.0
35812,1900.0
35813,4300.0
35814,1700.0
35815,2400.0
35816,3700.0
35817,2100.0
35818,3800.0
35819,2300.0
35820,3200.0
35821,2700.0
35822,3500.0
35823,2300.0
35824,2400.0
35825,2200.0
35826,2500.0
35827,4400.0
35828,2800.0
35829,4500.0
35830,2700.0
35831,3200.0
35832,3000.0
35833,4700.0
35834,4600.0
35835,2500.0
35836,2900.0
35837,4800.0
35838,2400.0
35839,3600.0
35840,3700.0
35841,5000.0
35842,5400.0
35843,1200.0
35844,4500.0
35845,4000.0
35846,3500.0
35847,2800.0
35848,3900.0
35849,3500.0
35850,3100.0
35851,1700.0
35852,2700.0
35853,2400.0
35854,5800.0
35855,2900.0
35856,1600.0
35857,2200.0
35858,2500.0
35859,3000.0
35860,3300.0
35861,2800.0
35862,3300.0
35863,4300.0
35864,3200.0
35865,1600.0
35866,4400.0
35867,1700.0
35868,4700.0
35869,4100.0
35870,3400.0
35871,2400.0
35872,1400.0
35873,2000.0
35874,3200.0
35875,1900.0
35876,1700.0
35877,1900.0
35878,4700.0
35879,1700.0
35880,3400.0
35881,2500.0
35882,3400.0
35883,2500.0
35884,3700.0
35885,4600.0
35886,3300.0
35887,2500.0
35888,2100.0
35889,2300.0
35890,1700.0
35891,3600.0
35892,3800.0
35893,2800.0
35894,3100.0
35895,2200.0
35896,2600.0
35897,1800.0
35898,2000.0
35899,2600.0
35900,3100.0
35901,2100.0
35902,3000.0
35903,4200.0
35904,3600.0
35905,2300.0
35906,3700.0
35907,3800.0
35908,2900.0
35909,4400.0
35910,5800.0
35911,1300.0
35912,2600.0
35913,4400.0
35914,2500.0
35915,4100.0
35916,2300.0
35917,4100.0
35918,4000.0
35919,2500.0
35920,1800.0
35921,2000.0
35922,2400.0
35923,3800.0
35924,1700.0
35925,2500.0
35926,2800.0
35927,3100.0
35928,1700.0
35929,4200.0
35930,2700.0
35931,1600.0
35932,2200.0
35933,900.0
35934,4200.0
35935,3300.0
35936,2200.0
35937,3500.0
35938,3300.0
35939,2100.0
35940,2500.0
35941,2000.0
35942,2600.0
35943,4800.0
35944,4200.0
35945,5600.0
35946,3500.0
35947,2500.0
35948,3600.0
35949,1800.0
35950,1900.0
35951,3800.0
35952,500.0
35953,3200.0
35954,2900.0
35955,4300.0
35956,4700.0
35957,2400.0
35958,3600.0
35959,4600.0
35960,1700.0
35961,3100.0
35962,1200.0
35963,3100.0
35964,1400.0
35965,1900.0
35966,3900.0
35967,4900.0
35968,2900.0
35969,4100.0
35970,1900.0
35971,4300.0
35972,2800.0
35973,2800.0
35974,1500.0
35975,2400.0
35976,4000.0
35977,4600.0
35978,3100.0
35979,4800.0
35980,1900.0
35981,5300.0
35982,1600.0
35983,1900.0
35984,3300.0
35985,3900.0
35986,1300.0
35987,2000.0
35988,3100.0
35989,2000.0
35990,1900.0
35991,3700.0
35992,2000.0
35993,1500.0
35994,2900.0
35995,2100.0
35996,5600.0
35997,2600.0
35998,6400.0
35999,3400.0
36000,2600.0
36001,4700.0
36002,2700.0
36003,3000.0
36004,3200.0
36005,4800.0
36006,4000.0
36007,3000.0
36008,3700.0
36009,3700.0
36010,2700.0
36011,2900.0
36012,1900.0
36013,3900.0
36014,2100.0
36015,1500.0
36016,3400.0
36017,2600.0
36018,5200.0
36019,1900.0
36020,2800.0
36021,2900.0
36022,1700.0
36023,2600.0
36024,5300.0
36025,2500.0
36026,2700.0
36027,2700.0
36028,1800.0
36029,4200.0
36030,4400.0
36031,3600.0
36032,5500.0
36033,1300.0
36034,1500.0
36035,3300.0
36036,2000.0
36037,2300.0
36038,2600.0
36039,3600.0
36040,2900.0
36041,2600.0
36042,1600.0
36043,3400.0
36044,5600.0
36045,2200.0
36046,2700.0
36047,2000.0
36048,1400.0
36049,5000.0
36050,3000.0
36051,3100.0
36052,3100.0
36053,3300.0
36054,4900.0
36055,2300.0
36056,2100.0
36057,3400.0
36058,4100.0
36059,3600.0
36060,1700.0
36061,4400.0
36062,2800.0
36063,2200.0
36064,2100.0
36065,4000.0
36066,3700.0
36067,3600.0
36068,1900.0
36069,4400.0
36070,4600.0
36071,3800.0
36072,2100.0
36073,4000.0
36074,4900.0
36075,3000.0
36076,3000.0
36077,3500.0
36078,3700.0
36079,3700.0
36080,2600.0
36081,3000.0
36082,4700.0
36083,2800.0
36084,3400.0
36085,2100.0
36086,4000.0
36087,1800.0
36088,4600.0
36089,2400.0
36090,3100.0
36091,1900.0
36092,1800.0
36093,3500.0
36094,1200.0
36095,3900.0
36096,2100.0
36097,1200.0
36098,4300.0
36099,1600.0
36100,1100.0
36101,2000.0
36102,3300.0
36103,1900.0
36104,2200.0
36105,3400.0
36106,4900.0
36107,2700.0
36108,6100.0
36109,4100.0
36110,4400.0
36111,4400.0
36112,3500.0
36113,3500.0
36114,1900.0
36115,2900.0
36116,3500.0
36117,4100.0
36118,1500.0
36119,1100.0
36120,2500.0
36121,5000.0
36122,2800.0
36123,3100.0
36124,2000.0
36125,2600.0
36126,2900.0
36127,1700.0
36128,4200.0
36129,1700.0
36130,2900.0
36131,4400.0
36132,1500.0
36133,2600.0
36134,2800.0
36135,2700.0
36136,3600.0
36137,2000.0
36138,5100.0
36139,1500.0
36140,2300.0
36141,2000.0
36142,1900.0
36143,4100.0
36144,6100.0
36145,3500.0
36146,2900.0
36147,3000.0
36148,1600.0
36149,3700.0
36150,1600.0
36151,4300.0
36152,4100.0
36153,4600.0
36154,1000.0
36155,2600.0
36156,4600.0
36157,4600.0
36158,2900.0
36159,5200.0
36160,3000.0
36161,5000.0
36162,2700.0
36163,2000.0
36164,2900.0
36165,4100.0
36166,3000.0
36167,2300.0
36168,2700.0
36169,2200.0
36170,2300.0
36171,2400.0
36172,3000.0
36173,2800.0
36174,3300.0
36175,2100.0
36176,2000.0
36177,1500.0
36178,2700.0
36179,4000.0
36180,1300.0
36181,1600.0
36182,1500.0
36183,4500.0
36184,6600.0
36185,1600.0
36186,2400.0
36187,4200.0
36188,4400.0
36189,2000.0
36190,2100.0
36191,3200.0
36192,3400.0
36193,3400.0
36194,3000.0
36195,4200.0
36196,2900.0
36197,1600.0
36198,4100.0
36199,2200.0
36200,2700.0
36201,4100.0
36202,3600.0
36203,3900.0
36204,2200.0
36205,3000.0
36206,4200.0
36207,4600.0
36208,1700.0
36209,3900.0
36210,3600.0
36211,2500.0
36212,5800.0
36213,2600.0
36214,2900.0
36215,3100.0
36216,4700.0
36217,3800.0
36218,1400.0
36219,3300.0
36220,5300.0
36221,4000.0
36222,2100.0
36223,4300.0
36224,2200.0
36225,4900.0
36226,3200.0
36227,2400.0
36228,1800.0
36229,2900.0
36230,2400.0
36231,2100.0
36232,3100.0
36233,3400.0
36234,4900.0
36235,3300.0
36236,3100.0
36237,4100.0
36238,3700.0
36239,4500.0
36240,3200.0
36241,2800.0
36242,3300.0
36243,4900.0
36244,2400.0
36245,2700.0
36246,4500.0
36247,1600.0
36248,2500.0
36249,2400.0
36250,3700.0
36251,2800.0
36252,2300.0
36253,2000.0
36254,1600.0
36255,3100.0
36256,4400.0
36257,4200.0
36258,5100.0
36259,2500.0
36260,2700.0
36261,5100.0
36262,4900.0
36263,4500.0
36264,4200.0
36265,2800.0
36266,2000.0
36267,2700.0
36268,5000.0
36269,3100.0
36270,3000.0
36271,1900.0
36272,3500.0
36273,4600.0
36274,5100.0
36275,4400.0
36276,2600.0
36277,1300.0
36278,2100.0
36279,1800.0
36280,1900.0
36281,3600.0
36282,5000.0
36283,4400.0
36284,3400.0
36285,4400.0
36286,4100.0
36287,2500.0
36288,5600.0
36289,2800.0
36290,3300.0
36291,2200.0
36292,3700.0
36293,3400.0
36294,2300.0
36295,3800.0
36296,2700.0
36297,2000.0
36298,3000.0
36299,3900.0
36300,3700.0
36301,2600.0
36302,1400.0
36303,1800.0
36304,2600.0
36305,3600.0
36306,2700.0
36307,1800.0
36308,4800.0
36309,4300.0
36310,4100.0
36311,3400.0
36312,3600.0
36313,2700.0
36314,3200.0
36315,3800.0
36316,3400.0
36317,2400.0
36318,2500.0
36319,3200.0
36320,4000.0
36321,3000.0
36322,3100.0
36323,3400.0
36324,5000.0
36325,1600.0
36326,1800.0
36327,3400.0
36328,2900.0
36329,2700.0
36330,2100.0
36331,5900.0
36332,1400.0
36333,5000.0
36334,3400.0
36335,4400.0
36336,4500.0
36337,2600.0
36338,3400.0
36339,2100.0
36340,1800.0
36341,1900.0
36342,3300.0
36343,2800.0
36344,3700.0
36345,2300.0
36346,4300.0
36347,2900.0
36348,1000.0
36349,3100.0
36350,4100.0
36351,2700.0
36352,2200.0
36353,2800.0
36354,4400.0
36355,3000.0
36356,2700.0
36357,1700.0
36358,3000.0
36359,3200.0
36360,2600.0
36361,3700.0
36362,3300.0
36363,2000.0
36364,3500.0
36365,2800.0
36366,7200.0
36367,3000.0
36368,6100.0
36369,2300.0
36370,5200.0
36371,2600.0
36372,4000.0
36373,3100.0
36374,2900.0
36375,2300.0
36376,3700.0
36377,2600.0
36378,3500.0
36379,2900.0
36380,2300.0
36381,2000.0
36382,2400.0
36383,4000.0
36384,1300.0
36385,2600.0
36386,2500.0
36387,3200.0
36388,4200.0
36389,2300.0
36390,2900.0
36391,3400.0
36392,3000.0
36393,3900.0
36394,4300.0
36395,3600.0
36396,3700.0
36397,4200.0
36398,2900.0
36399,3600.0
36400,3300.0
36401,3000.0
36402,2600.0
36403,1600.0
36404,1300.0
36405,2700.0
36406,3000.0
36407,5100.0
36408,3500.0
36409,3300.0
36410,4600.0
36411,2100.0
36412,2200.0
36413,2600.0
36414,2900.0
36415,3900.0
36416,3500.0
36417,4000.0
36418,3000.0
36419,1900.0
36420,4100.0
36421,3500.0
36422,1900.0
36423,3700.0
36424,1800.0
36425,2000.0
36426,3400.0
36427,2100.0
36428,3400.0
36429,1700.0
36430,5000.0
36431,2500.0
36432,3200.0
36433,1100.0
36434,4800.0
36435,4800.0
36436,2100.0
36437,4200.0
36438,1800.0
36439,2300.0
36440,4900.0
36441,1500.0
36442,2200.0
36443,4000.0
36444,2600.0
36445,3100.0
36446,3700.0
36447,1500.0
36448,4800.0
36449,2000.0
36450,5100.0
36451,3900.0
36452,2400.0
36453,4000.0
36454,4100.0
36455,1400.0
36456,4000.0
36457,3300.0
36458,2200.0
36459,3600.0
36460,3200.0
36461,2900.0
36462,2500.0
36463,2700.0
36464,3400.0
36465,2700.0
36466,3600.0
36467,5500.0
36468,1700.0
36469,4700.0
36470,1800.0
36471,2400.0
36472,3000.0
36473,4400.0
36474,2200.0
36475,2700.0
36476,2400.0
36477,2700.0
36478,1300.0
36479,5200.0
36480,3600.0
36481,2400.0
36482,2700.0
36483,3000.0
36484,3400.0
36485,2000.0
36486,3600.0
36487,1900.0
36488,4400.0
36489,4800.0
36490,2700.0
36491,1800.0
36492,3800.0
36493,600.0
36494,5100.0
36495,1900.0
36496,2700.0
36497,3900.0
36498,3700.0
36499,2000.0
36500,2300.0
36501,1600.0
36502,6700.0
36503,3800.0
36504,2500.0
36505,4000.0
36506,3800.0
36507,2100.0
36508,5100.0
36509,2700.0
36510,5100.0
36511,3000.0
36512,3900.0
36513,3400.0
36514,2600.0
36515,4900.0
36516,1500.0
36517,3100.0
36518,3700.0
36519,4900.0
36520,3100.0
36521,1900.0
36522,2700.0
36523,5000.0
36524,6000.0
36525,3000.0
36526,2300.0
36527,5100.0
36528,1800.0
36529,1700.0
36530,2100.0
36531,2800.0
36532,3100.0
36533,3200.0
36534,5600.0
36535,5100.0
36536,3100.0
36537,3400.0
36538,4300.0
36539,3500.0
36540,2700.0
36541,2500.0
36542,2800.0
36543,1400.0
36544,2300.0
36545,4800.0
36546,3800.0
36547,1900.0
36548,2500.0
36549,4100.0
36550,3900.0
36551,2500.0
36552,4300.0
36553,3800.0
36554,3100.0
36555,2200.0
36556,4700.0
36557,3200.0
36558,4100.0
36559,3900.0
36560,2700.0
36561,1600.0
36562,2400.0
36563,4700.0
36564,3000.0
36565,2200.0
36566,2300.0
36567,2800.0
36568,2900.0
36569,2800.0
36570,1800.0
36571,2600.0
36572,1800.0
36573,4200.0
36574,2400.0
36575,3700.0
36576,4200.0
36577,5000.0
36578,2600.0
36579,2800.0
36580,4600.0
36581,2700.0
36582,2300.0
36583,4700.0
36584,4300.0
36585,4100.0
36586,2300.0
36587,2700.0
36588,4100.0
36589,4200.0
36590,2200.0
36591,2000.0
36592,3200.0
36593,2100.0
36594,2300.0
36595,5400.0
36596,2400.0
36597,3100.0
36598,4000.0
36599,3200.0
36600,1400.0
36601,2200.0
36602,2400.0
36603,4200.0
36604,3600.0
36605,2500.0
36606,3400.0
36607,3800.0
36608,2400.0
36609,4000.0
36610,2100.0
36611,4100.0
36612,1500.0
36613,2000.0
36614,2800.0
36615,4200.0
36616,1600.0
36617,4600.0
36618,4300.0
36619,2700.0
36620,3200.0
36621,2400.0
36622,2300.0
36623,3200.0
36624,3100.0
36625,2200.0
36626,2000.0
36627,3900.0
36628,2200.0
36629,3300.0
36630,3600.0
36631,1600.0
36632,2600.0
36633,5400.0
36634,2100.0
36635,3600.0
36636,1800.0
36637,1800.0
36638,4400.0
36639,2000.0
36640,4300.0
36641,2500.0
36642,3600.0
36643,3000.0
36644,2600.0
36645,1000.0
36646,1600.0
36647,1700.0
36648,4300.0
36649,1700.0
36650,4700.0
36651,3800.0
36652,3900.0
36653,1200.0
36654,2500.0
36655,4400.0
36656,2900.0
36657,1800.0
36658,3800.0
36659,1700.0
36660,2000.0
36661,2000.0
36662,4700.0
36663,4000.0
36664,4200.0
36665,1900.0
36666,3700.0
36667,3700.0
36668,4400.0
36669,4000.0
36670,1700.0
36671,4100.0
36672,2500.0
36673,4400.0
36674,5100.0
36675,4900.0
36676,3500.0
36677,2800.0
36678,1700.0
36679,3500.0
36680,3400.0
36681,4300.0
36682,1700.0
36683,3200.0
36684,4100.0
36685,2300.0
36686,4500.0
36687,2400.0
36688,3600.0
36689,5000.0
36690,2700.0
36691,4000.0
36692,3200.0
36693,1800.0
36694,4600.0
36695,1700.0
36696,2600.0
36697,5500.0
36698,5000.0
36699,3100.0
36700,2200.0
36701,3000.0
36702,3400.0
36703,1800.0
36704,3200.0
36705,3000.0
36706,3400.0
36707,3500.0
36708,2200.0
36709,4300.0
36710,1800.0
36711,4500.0
36712,1500.0
36713,2200.0
36714,3200.0
36715,3400.0
36716,2900.0
36717,4400.0
36718,4800.0
36719,3000.0
36720,2500.0
36721,3400.0
36722,1700.0
36723,5100.0
36724,2000.0
36725,3100.0
36726,2000.0
36727,4100.0
36728,5000.0
36729,2800.0
36730,3200.0
36731,5400.0
36732,3000.0
36733,800.0
36734,2700.0
36735,2300.0
36736,1500.0
36737,1200.0
36738,4000.0
36739,3900.0
36740,3400.0
36741,2400.0
36742,2800.0
36743,1200.0
36744,2200.0
36745,3500.0
36746,1200.0
36747,4900.0
36748,4300.0
36749,2400.0
36750,5300.0
36751,3800.0
36752,3100.0
36753,2700.0
36754,3900.0
36755,4600.0
36756,3100.0
36757,3900.0
36758,5000.0
36759,3400.0
36760,1700.0
36761,2400.0
36762,5100.0
36763,4100.0
36764,2800.0
36765,1800.0
36766,4700.0
36767,3600.0
36768,4900.0
36769,3500.0
36770,2100.0
36771,2200.0
36772,4900.0
36773,3300.0
36774,2300.0
36775,3500.0
36776,5500.0
36777,4100.0
36778,2100.0
36779,2800.0
36780,3900.0
36781,4200.0
36782,1800.0
36783,3400.0
36784,2100.0
36785,1500.0
36786,4800.0
36787,2900.0
36788,3100.0
36789,3200.0
36790,4700.0
36791,4500.0
36792,2000.0
36793,3300.0
36794,3900.0
36795,2300.0
36796,1500.0
36797,5500.0
36798,3800.0
36799,2000.0
36800,4900.0
36801,4200.0
36802,2300.0
36803,2200.0
36804,2100.0
36805,6300.0
36806,2800.0
36807,3200.0
36808,2200.0
36809,4100.0
36810,2900.0
36811,2500.0
36812,1800.0
36813,3900.0
36814,2600.0
36815,4200.0
36816,1700.0
36817,3000.0
36818,2800.0
36819,2600.0
36820,3300.0
36821,1700.0
36822,4900.0
36823,3800.0
36824,2900.0
36825,3000.0
36826,1700.0
36827,3200.0
36828,2100.0
36829,4800.0
36830,3400.0
36831,2200.0
36832,2800.0
36833,2600.0
36834,2300.0
36835,2800.0
36836,3100.0
36837,3500.0
36838,3700.0
36839,1900.0
36840,4800.0
36841,5800.0
36842,4300.0
36843,5100.0
36844,3200.0
36845,5100.0
36846,2100.0
36847,4500.0
36848,2400.0
36849,5000.0
36850,2800.0
36851,1600.0
36852,2800.0
36853,3100.0
36854,2200.0
36855,1900.0
36856,4800.0
36857,3100.0
36858,4600.0
36859,4300.0
36860,3100.0
36861,4400.0
36862,2400.0
36863,4200.0
36864,4100.0
36865,3200.0
36866,2800.0
36867,4700.0
36868,4500.0
36869,2600.0
36870,2000.0
36871,2800.0
36872,3000.0
36873,4300.0
36874,2700.0
36875,2200.0
36876,3500.0
36877,2800.0
36878,3300.0
36879,3800.0
36880,4400.0
36881,5800.0
36882,2100.0
36883,4000.0
36884,3000.0
36885,5100.0
36886,2400.0
36887,2600.0
36888,2000.0
36889,4200.0
36890,4000.0
36891,4400.0
36892,2900.0
36893,4700.0
36894,2500.0
36895,3100.0
36896,1700.0
36897,3100.0
36898,5100.0
36899,3900.0
36900,5900.0
36901,3300.0
36902,1300.0
36903,5400.0
36904,2500.0
36905,2700.0
36906,4200.0
36907,2100.0
36908,3000.0
36909,3200.0
36910,1500.0
36911,4400.0
36912,2500.0
36913,3900.0
36914,2600.0
36915,4400.0
36916,2400.0
36917,3000.0
36918,3900.0
36919,3300.0
36920,1600.0
36921,2000.0
36922,3600.0
36923,3200.0
36924,3900.0
36925,2900.0
36926,4200.0
36927,4400.0
36928,3800.0
36929,3900.0
36930,3400.0
36931,4100.0
36932,3800.0
36933,1200.0
36934,1800.0
36935,2500.0
36936,2200.0
36937,4400.0
36938,3600.0
36939,2600.0
36940,1700.0
36941,3500.0
36942,2300.0
36943,4500.0
36944,4900.0
36945,2600.0
36946,1800.0
36947,1900.0
36948,5300.0
36949,3700.0
36950,4400.0
36951,1800.0
36952,3900.0
36953,2100.0
36954,2000.0
36955,5300.0
36956,4400.0
36957,1800.0
36958,2400.0
36959,2900.0
36960,3800.0
36961,4400.0
36962,3000.0
36963,2800.0
36964,3800.0
36965,2800.0
36966,3500.0
36967,4500.0
36968,4200.0
36969,2200.0
36970,1900.0
36971,3000.0
36972,2900.0
36973,3300.0
36974,1600.0
36975,2500.0
36976,3900.0
36977,2900.0
36978,4000.0
36979,4600.0
36980,4900.0
36981,4700.0
36982,1500.0
36983,4300.0
36984,1800.0
36985,1900.0
36986,2000.0
36987,3400.0
36988,4700.0
36989,1500.0
36990,3600.0
36991,2200.0
36992,3500.0
36993,4800.0
36994,2100.0
36995,2500.0
36996,2800.0
36997,2700.0
36998,5000.0
36999,5400.0
37000,3300.0
37001,3300.0
37002,1900.0
37003,2500.0
37004,2000.0
37005,2800.0
37006,3800.0
37007,2500.0
37008,5200.0
37009,1900.0
37010,3800.0
37011,2900.0
37012,3000.0
37013,1600.0
37014,3200.0
37015,5300.0
37016,5500.0
37017,2000.0
37018,3900.0
37019,2500.0
37020,4900.0
37021,3400.0
37022,3100.0
37023,4600.0
37024,4900.0
37025,1300.0
37026,5900.0
37027,3400.0
37028,2300.0
37029,4800.0
37030,2300.0
37031,5900.0
37032,1900.0
37033,5100.0
37034,3300.0
37035,3100.0
37036,2800.0
37037,1200.0
37038,2900.0
37039,1500.0
37040,3300.0
37041,3400.0
37042,2400.0
37043,2100.0
37044,2000.0
37045,4300.0
37046,2600.0
37047,2400.0
37048,2600.0
37049,2200.0
37050,1800.0
37051,3000.0
37052,2900.0
37053,1300.0
37054,2200.0
37055,3600.0
37056,1700.0
37057,2800.0
37058,1000.0
37059,4300.0
37060,4300.0
37061,2200.0
37062,5100.0
37063,2100.0
37064,3100.0
37065,4400.0
37066,3600.0
37067,3000.0
37068,2500.0
37069,4000.0
37070,1000.0
37071,3700.0
37072,4700.0
37073,3500.0
37074,2000.0
37075,2300.0
37076,2000.0
37077,1800.0
37078,5000.0
37079,3300.0
37080,2200.0
37081,3400.0
37082,4900.0
37083,2100.0
37084,2500.0
37085,3000.0
37086,4600.0
37087,3200.0
37088,1200.0
37089,4000.0
37090,1800.0
37091,3200.0
37092,1800.0
37093,4300.0
37094,2600.0
37095,4700.0
37096,3100.0
37097,1300.0
37098,2400.0
37099,4700.0
37100,3700.0
37101,4900.0
37102,5400.0
37103,3300.0
37104,2900.0
37105,4500.0
37106,2100.0
37107,3100.0
37108,3300.0
37109,3000.0
37110,1600.0
37111,3800.0
37112,2400.0
37113,2300.0
37114,4300.0
37115,2900.0
37116,2000.0
37117,3900.0
37118,3700.0
37119,2800.0
37120,3600.0
37121,3600.0
37122,3700.0
37123,1200.0
37124,4200.0
37125,2400.0
37126,3300.0
37127,3800.0
37128,3600.0
37129,3200.0
37130,4200.0
37131,1700.0
37132,2800.0
37133,2600.0
37134,1000.0
37135,1800.0
37136,3800.0
37137,4200.0
37138,3400.0
37139,2300.0
37140,2700.0
37141,2100.0
37142,3700.0
37143,1600.0
37144,1500.0
37145,1600.0
37146,4300.0
37147,4500.0
37148,6000.0
37149,1400.0
37150,4000.0
37151,3800.0
37152,3800.0
37153,2800.0
37154,2900.0
37155,3000.0
37156,2200.0
37157,2600.0
37158,2300.0
37159,2400.0
37160,4100.0
37161,1700.0
37162,1700.0
37163,1900.0
37164,5000.0
37165,2900.0
37166,2400.0
37167,3700.0
37168,4400.0
37169,2600.0
37170,1700.0
37171,2800.0
37172,2400.0
37173,2900.0
37174,3300.0
37175,6500.0
37176,3600.0
37177,2800.0
37178,2700.0
37179,1700.0
37180,2800.0
37181,3200.0
37182,2000.0
37183,5000.0
37184,3700.0
37185,4400.0
37186,1900.0
37187,2400.0
37188,2700.0
37189,4300.0
37190,6000.0
37191,5400.0
37192,4600.0
37193,2500.0
37194,1900.0
37195,1700.0
37196,2100.0
37197,3200.0
37198,1700.0
37199,5200.0
37200,4100.0
37201,2900.0
37202,3500.0
37203,4000.0
37204,3100.0
37205,1800.0
37206,3500.0
37207,3000.0
37208,2400.0
37209,2100.0
37210,1400.0
37211,3800.0
37212,4800.0
37213,4500.0
37214,3700.0
37215,4200.0
37216,3100.0
37217,4000.0
37218,1600.0
37219,4200.0
37220,3700.0
37221,4100.0
37222,3600.0
37223,4000.0
37224,3500.0
37225,2200.0
37226,3100.0
37227,2100.0
37228,1400.0
37229,1700.0
37230,2500.0
37231,5900.0
37232,5200.0
37233,3300.0
37234,4300.0
37235,2300.0
37236,3200.0
37237,2400.0
37238,4500.0
37239,4800.0
37240,1100.0
37241,2300.0
37242,4300.0
37243,1700.0
37244,2300.0
37245,2100.0
37246,2900.0
37247,2600.0
37248,2400.0
37249,3800.0
37250,3400.0
37251,2500.0
37252,5600.0
37253,3700.0
37254,5800.0
37255,2800.0
37256,3900.0
37257,1600.0
37258,1600.0
37259,1900.0
37260,3100.0
37261,3400.0
37262,1900.0
37263,3700.0
37264,3300.0
37265,2600.0
37266,2800.0
37267,1900.0
37268,4200.0
37269,2300.0
37270,2700.0
37271,2900.0
37272,4100.0
37273,4800.0
37274,3100.0
37275,2200.0
37276,1600.0
37277,3900.0
37278,4100.0
37279,3300.0
37280,3600.0
37281,3300.0
37282,4400.0
37283,5300.0
37284,2400.0
37285,1900.0
37286,2000.0
37287,1800.0
37288,4400.0
37289,3900.0
37290,4400.0
37291,4100.0
37292,4700.0
37293,2900.0
37294,3900.0
37295,3200.0
37296,4200.0
37297,2000.0
37298,4900.0
37299,2300.0
37300,1200.0
37301,3100.0
37302,2700.0
37303,2700.0
37304,3100.0
37305,4300.0
37306,2600.0
37307,4800.0
37308,1700.0
37309,4600.0
37310,1600.0
37311,5300.0
37312,5100.0
37313,4000.0
37314,1600.0
37315,3600.0
37316,4300.0
37317,4700.0
37318,1400.0
37319,2300.0
37320,4500.0
37321,3200.0
37322,2200.0
37323,4600.0
37324,2800.0
37325,4900.0
37326,4900.0
37327,5100.0
37328,4500.0
37329,4800.0
37330,5300.0
37331,800.0
37332,1200.0
37333,3000.0
37334,2300.0
37335,3900.0
37336,1900.0
37337,3600.0
37338,2900.0
37339,1900.0
37340,2500.0
37341,3600.0
37342,3800.0
37343,4600.0
37344,3000.0
37345,5500.0
37346,4800.0
37347,3500.0
37348,2200.0
37349,3000.0
37350,5000.0
37351,2800.0
37352,2200.0
37353,3400.0
37354,1900.0
37355,4400.0
37356,4000.0
37357,2900.0
37358,6400.0
37359,4100.0
37360,3100.0
37361,4300.0
37362,3300.0
37363,2000.0
37364,3700.0
37365,1400.0
37366,4300.0
37367,5300.0
37368,5400.0
37369,2400.0
37370,2700.0
37371,3200.0
37372,3400.0
37373,4100.0
37374,4100.0
37375,3300.0
37376,3800.0
37377,2300.0
37378,2500.0
37379,2900.0
37380,4900.0
37381,4300.0
37382,2100.0
37383,3400.0
37384,4100.0
37385,4700.0
37386,2400.0
37387,2200.0
37388,1900.0
37389,2600.0
37390,5300.0
37391,3100.0
37392,4300.0
37393,3200.0
37394,4700.0
37395,2600.0
37396,3500.0
37397,6000.0
37398,1700.0
37399,4000.0
37400,3100.0
37401,1500.0
37402,4100.0
37403,1900.0
37404,2600.0
37405,2300.0
37406,2500.0
37407,4600.0
37408,1800.0
37409,3600.0
37410,1700.0
37411,3200.0
37412,5000.0
37413,3000.0
37414,3900.0
37415,4100.0
37416,2500.0
37417,5100.0
37418,5100.0
37419,3200.0
37420,4300.0
37421,2600.0
37422,4600.0
37423,2500.0
37424,2900.0
37425,2300.0
37426,4800.0
37427,4200.0
37428,5300.0
37429,3800.0
37430,2500.0
37431,2200.0
37432,3000.0
37433,4100.0
37434,2000.0
37435,2400.0
37436,3200.0
37437,2800.0
37438,3000.0
37439,3100.0
37440,4400.0
37441,5800.0
37442,2900.0
37443,2800.0
37444,4300.0
37445,1700.0
37446,4000.0
37447,2400.0
37448,3900.0
37449,3600.0
37450,1700.0
37451,3800.0
37452,1500.0
37453,2200.0
37454,4800.0
37455,2100.0
37456,3000.0
37457,3900.0
37458,4100.0
37459,3900.0
37460,4400.0
37461,2500.0
37462,2500.0
37463,2100.0
37464,4900.0
37465,1900.0
37466,3900.0
37467,3100.0
37468,5800.0
37469,1800.0
37470,4000.0
37471,2300.0
37472,3600.0
37473,4100.0
37474,3600.0
37475,2600.0
37476,2800.0
37477,1200.0
37478,2200.0
37479,4500.0
37480,3400.0
37481,5500.0
37482,3100.0
37483,2800.0
37484,3000.0
37485,4100.0
37486,1900.0
37487,2000.0
37488,3400.0
37489,2700.0
37490,1800.0
37491,4000.0
37492,4800.0
37493,3000.0
37494,5900.0
37495,4300.0
37496,3000.0
37497,2800.0
37498,2700.0
37499,2800.0
37500,2500.0
37501,2000.0
37502,2100.0
37503,4800.0
37504,2300.0
37505,4700.0
37506,4800.0
37507,1400.0
37508,4100.0
37509,3500.0
37510,3400.0
37511,2600.0
37512,1600.0
37513,4100.0
37514,2800.0
37515,2800.0
37516,3100.0
37517,4700.0
37518,1800.0
37519,3100.0
37520,4100.0
37521,2000.0
37522,5300.0
37523,1800.0
37524,2700.0
37525,2600.0
37526,3000.0
37527,3500.0
37528,4100.0
37529,2700.0
37530,1500.0
37531,2800.0
37532,1600.0
37533,2500.0
37534,2400.0
37535,2900.0
37536,3000.0
37537,1600.0
37538,5800.0
37539,5000.0
37540,2800.0
37541,2000.0
37542,4700.0
37543,3600.0
37544,1400.0
37545,1800.0
37546,3700.0
37547,3900.0
37548,5300.0
37549,2000.0
37550,2600.0
37551,3400.0
37552,2800.0
37553,1400.0
37554,4500.0
37555,3200.0
37556,3400.0
37557,3700.0
37558,2400.0
37559,2400.0
37560,1800.0
37561,1500.0
37562,2000.0
37563,2400.0
37564,2600.0
37565,2800.0
37566,3900.0
37567,3500.0
37568,1800.0
37569,3100.0
37570,1900.0
37571,2300.0
37572,4400.0
37573,2700.0
37574,5000.0
37575,2800.0
37576,2100.0
37577,1800.0
37578,3000.0
37579,1900.0
37580,3300.0
37581,4200.0
37582,3500.0
37583,1200.0
37584,3400.0
37585,3300.0
37586,3700.0
37587,2500.0
37588,4100.0
37589,1600.0
37590,1700.0
37591,2800.0
37592,3500.0
37593,1700.0
37594,2500.0
37595,4000.0
37596,2600.0
37597,1700.0
37598,3900.0
37599,4200.0
37600,5700.0
37601,1600.0
37602,2900.0
37603,3500.0
37604,2600.0
37605,2300.0
37606,1600.0
37607,4300.0
37608,3700.0
37609,4500.0
37610,2100.0
37611,3300.0
37612,3100.0
37613,2400.0
37614,3000.0
37615,1900.0
37616,2700.0
37617,3800.0
37618,2500.0
37619,4400.0
37620,3200.0
37621,3300.0
37622,2800.0
37623,2300.0
37624,1600.0
37625,2100.0
37626,2100.0
37627,2200.0
37628,1800.0
37629,2400.0
37630,2400.0
37631,2900.0
37632,1700.0
37633,4700.0
37634,3400.0
37635,3700.0
37636,5000.0
37637,1400.0
37638,4400.0
37639,2100.0
37640,2000.0
37641,3100.0
37642,1700.0
37643,3200.0
37644,3600.0
37645,3300.0
37646,3500.0
37647,2100.0
37648,2900.0
37649,2900.0
37650,4300.0
37651,2000.0
37652,2300.0
37653,2700.0
37654,3500.0
37655,3600.0
37656,5100.0
37657,6000.0
37658,2800.0
37659,4500.0
37660,3700.0
37661,5000.0
37662,4700.0
37663,3200.0
37664,3900.0
37665,2200.0
37666,3900.0
37667,3600.0
37668,3800.0
37669,4400.0
37670,4000.0
37671,3800.0
37672,1500.0
37673,2900.0
37674,4300.0
37675,3200.0
37676,4500.0
37677,1700.0
37678,2800.0
37679,2200.0
37680,2600.0
37681,3000.0
37682,3400.0
37683,4100.0
37684,3300.0
37685,2100.0
37686,4100.0
37687,4900.0
37688,4000.0
37689,2300.0
37690,4600.0
37691,2400.0
37692,3500.0
37693,3900.0
37694,4600.0
37695,4100.0
37696,2100.0
37697,4100.0
37698,3800.0
37699,1600.0
37700,2200.0
37701,3800.0
37702,3200.0
37703,2400.0
37704,2700.0
37705,5000.0
37706,1500.0
37707,2300.0
37708,3800.0
37709,3700.0
37710,3000.0
37711,2600.0
37712,2100.0
37713,3900.0
37714,5400.0
37715,4200.0
37716,3900.0
37717,1400.0
37718,4400.0
37719,4100.0
37720,2200.0
37721,2600.0
37722,1800.0
37723,3400.0
37724,3500.0
37725,3200.0
37726,4200.0
37727,3800.0
37728,4100.0
37729,3800.0
37730,3300.0
37731,3100.0
37732,5100.0
37733,1800.0
37734,2200.0
37735,2300.0
37736,2300.0
37737,2500.0
37738,2100.0
37739,3500.0
37740,1500.0
37741,1900.0
37742,2300.0
37743,1800.0
37744,3000.0
37745,4100.0
37746,3700.0
37747,3400.0
37748,2900.0
37749,2400.0
37750,3500.0
37751,2900.0
37752,2300.0
37753,5900.0
37754,3400.0
37755,600.0
37756,2000.0
37757,4100.0
37758,3100.0
37759,5900.0
37760,4100.0
37761,1500.0
37762,2300.0
37763,2500.0
37764,4000.0
37765,4000.0
37766,4100.0
37767,2300.0
37768,5000.0
37769,3500.0
37770,1700.0
37771,1800.0
37772,1800.0
37773,3900.0
37774,4700.0
37775,2600.0
37776,2500.0
37777,3600.0
37778,4800.0
37779,3600.0
37780,1300.0
37781,3300.0
37782,2400.0
37783,3300.0
37784,2900.0
37785,3300.0
37786,4300.0
37787,2800.0
37788,5300.0
37789,2300.0
37790,3400.0
37791,4400.0
37792,2000.0
37793,3900.0
37794,3000.0
37795,5300.0
37796,3700.0
37797,3900.0
37798,1900.0
37799,4300.0
37800,2900.0
37801,2300.0
37802,4100.0
37803,3300.0
37804,3900.0
37805,5300.0
37806,3300.0
37807,3500.0
37808,2600.0
37809,2900.0
37810,2000.0
37811,1700.0
37812,1800.0
37813,3000.0
37814,4500.0
37815,2200.0
37816,3000.0
37817,8400.0
37818,3900.0
37819,2600.0
37820,1700.0
37821,2700.0
37822,3400.0
37823,1700.0
37824,3800.0
37825,2800.0
37826,4700.0
37827,3100.0
37828,2000.0
37829,3900.0
37830,4200.0
37831,4500.0
37832,1900.0
37833,4400.0
37834,3600.0
37835,4300.0
37836,2300.0
37837,2800.0
37838,3500.0
37839,2200.0
37840,2200.0
37841,3800.0
37842,3000.0
37843,4200.0
37844,2700.0
37845,4000.0
37846,2000.0
37847,2400.0
37848,5300.0
37849,1600.0
37850,3700.0
37851,3300.0
37852,4600.0
37853,2300.0
37854,3800.0
37855,2100.0
37856,6200.0
37857,4600.0
37858,5000.0
37859,2400.0
37860,2400.0
37861,2500.0
37862,3800.0
37863,4200.0
37864,3800.0
37865,1500.0
37866,3300.0
37867,1700.0
37868,1300.0
37869,3900.0
37870,4800.0
37871,4600.0
37872,4500.0
37873,3200.0
37874,2000.0
37875,2400.0
37876,2300.0
37877,4600.0
37878,1900.0
37879,2800.0
37880,1900.0
37881,2000.0
37882,3300.0
37883,1900.0
37884,4400.0
37885,3900.0
37886,3300.0
37887,4900.0
37888,3200.0
37889,3300.0
37890,3700.0
37891,3400.0
37892,1500.0
37893,4200.0
37894,3100.0
37895,2000.0
37896,4100.0
37897,2500.0
37898,2400.0
37899,2200.0
37900,2100.0
37901,4200.0
37902,3000.0
37903,4700.0
37904,1000.0
37905,4800.0
37906,4300.0
37907,4200.0
37908,4300.0
37909,4500.0
37910,2100.0
37911,3700.0
37912,2500.0
37913,5500.0
37914,3100.0
37915,3000.0
37916,2600.0
37917,1600.0
37918,2100.0
37919,4400.0
37920,2200.0
37921,2200.0
37922,1800.0
37923,2700.0
37924,1900.0
37925,2200.0
37926,2800.0
37927,2500.0
37928,4000.0
37929,1900.0
37930,4700.0
37931,3300.0
37932,2300.0
37933,2200.0
37934,2900.0
37935,5200.0
37936,4400.0
37937,4800.0
37938,2700.0
37939,2100.0
37940,1900.0
37941,4700.0
37942,3600.0
37943,2900.0
37944,2500.0
37945,2100.0
37946,2400.0
37947,2700.0
37948,2600.0
37949,2500.0
37950,1800.0
37951,2000.0
37952,3500.0
37953,3400.0
37954,2200.0
37955,2500.0
37956,1400.0
37957,2100.0
37958,900.0
37959,2900.0
37960,3000.0
37961,1600.0
37962,2900.0
37963,2200.0
37964,4100.0
37965,3600.0
37966,2300.0
37967,3000.0
37968,3600.0
37969,2200.0
37970,2000.0
37971,2600.0
37972,1700.0
37973,4100.0
37974,1400.0
37975,3100.0
37976,3400.0
37977,3100.0
37978,2800.0
37979,2900.0
37980,3200.0
37981,3800.0
37982,3800.0
37983,2400.0
37984,4100.0
37985,2700.0
37986,1200.0
37987,4100.0
37988,3100.0
37989,2100.0
37990,4300.0
37991,3300.0
37992,1800.0
37993,4700.0
37994,2400.0
37995,2200.0
37996,2400.0
37997,2400.0
37998,2700.0
37999,4000.0
38000,3200.0
38001,3300.0
38002,3100.0
38003,4100.0
38004,3000.0
38005,3300.0
38006,2900.0
38007,1900.0
38008,2200.0
38009,3600.0
38010,3200.0
38011,2500.0
38012,3300.0
38013,4300.0
38014,4600.0
38015,2300.0
38016,1900.0
38017,4700.0
38018,4900.0
38019,2700.0
38020,4500.0
38021,1800.0
38022,6100.0
38023,2100.0
38024,1800.0
38025,3300.0
38026,1400.0
38027,2800.0
38028,1500.0
38029,2600.0
38030,4000.0
38031,4700.0
38032,2500.0
38033,3600.0
38034,2400.0
38035,4700.0
38036,2100.0
38037,1400.0
38038,3500.0
38039,2600.0
38040,2500.0
38041,4400.0
38042,3700.0
38043,2900.0
38044,1600.0
38045,2200.0
38046,1600.0
38047,4100.0
38048,4300.0
38049,3100.0
38050,4700.0
38051,4300.0
38052,1500.0
38053,1600.0
38054,5300.0
38055,2100.0
38056,2300.0
38057,3100.0
38058,2200.0
38059,4800.0
38060,2800.0
38061,2100.0
38062,4700.0
38063,1500.0
38064,1700.0
38065,2400.0
38066,2500.0
38067,1300.0
38068,3500.0
38069,2900.0
38070,4300.0
38071,3600.0
38072,2800.0
38073,3700.0
38074,2100.0
38075,3800.0
38076,1500.0
38077,4300.0
38078,2500.0
38079,3500.0
38080,2000.0
38081,5500.0
38082,4400.0
38083,4500.0
38084,1800.0
38085,2900.0
38086,2000.0
38087,4200.0
38088,2200.0
38089,2500.0
38090,3800.0
38091,4700.0
38092,5700.0
38093,1800.0
38094,3300.0
38095,4800.0
38096,2900.0
38097,2400.0
38098,3700.0
38099,3600.0
38100,1400.0
38101,2700.0
38102,5400.0
38103,3200.0
38104,3400.0
38105,3800.0
38106,4000.0
38107,5400.0
38108,2300.0
38109,4700.0
38110,4800.0
38111,1800.0
38112,3000.0
38113,3800.0
38114,3800.0
38115,2800.0
38116,2200.0
38117,4900.0
38118,2100.0
38119,3300.0
38120,4500.0
38121,3900.0
38122,3700.0
38123,2900.0
38124,5300.0
38125,2300.0
38126,1900.0
38127,2200.0
38128,1600.0
38129,3500.0
38130,1300.0
38131,3700.0
38132,4600.0
38133,2100.0
38134,3000.0
38135,4400.0
38136,5500.0
38137,4900.0
38138,4100.0
38139,4500.0
38140,2300.0
38141,3900.0
38142,1700.0
38143,2300.0
38144,1100.0
38145,2900.0
38146,2900.0
38147,4300.0
38148,3000.0
38149,3200.0
38150,2500.0
38151,1700.0
38152,1800.0
38153,3500.0
38154,2700.0
38155,4100.0
38156,3100.0
38157,3800.0
38158,1600.0
38159,1600.0
38160,2200.0
38161,3100.0
38162,2700.0
38163,2000.0
38164,4500.0
38165,2400.0
38166,1800.0
38167,4900.0
38168,1700.0
38169,2700.0
38170,2500.0
38171,500.0
38172,3800.0
38173,1800.0
38174,5000.0
38175,2300.0
38176,5900.0
38177,3700.0
38178,1900.0
38179,3300.0
38180,3300.0
38181,2900.0
38182,3200.0
38183,4200.0
38184,2400.0
38185,2600.0
38186,2200.0
38187,5000.0
38188,4100.0
38189,2800.0
38190,3300.0
38191,4500.0
38192,3200.0
38193,3400.0
38194,4100.0
38195,2400.0
38196,2500.0
38197,2400.0
38198,1400.0
38199,1700.0
38200,3100.0
38201,4200.0
38202,4500.0
38203,1400.0
38204,3800.0
38205,3200.0
38206,5700.0
38207,2400.0
38208,1600.0
38209,2300.0
38210,6200.0
38211,1600.0
38212,3000.0
38213,4900.0
38214,1500.0
38215,3100.0
38216,3100.0
38217,2900.0
38218,3500.0
38219,3400.0
38220,2500.0
38221,4600.0
38222,3300.0
38223,2300.0
38224,3800.0
38225,3300.0
38226,1800.0
38227,2100.0
38228,4100.0
38229,3500.0
38230,2400.0
38231,2700.0
38232,5700.0
38233,2200.0
38234,3200.0
38235,1800.0
38236,2400.0
38237,4500.0
38238,2000.0
38239,4400.0
38240,1600.0
38241,2800.0
38242,2400.0
38243,4000.0
38244,2300.0
38245,3400.0
38246,2300.0
38247,3600.0
38248,3800.0
38249,4900.0
38250,2600.0
38251,1800.0
38252,2200.0
38253,3500.0
38254,2600.0
38255,4900.0
38256,4600.0
38257,1100.0
38258,2600.0
38259,2900.0
38260,2100.0
38261,1900.0
38262,3900.0
38263,2900.0
38264,4800.0
38265,1000.0
38266,3900.0
38267,2000.0
38268,3100.0
38269,3600.0
38270,2700.0
38271,5200.0
38272,3200.0
38273,1600.0
38274,2900.0
38275,5400.0
38276,3300.0
38277,4400.0
38278,2800.0
38279,3900.0
38280,2200.0
38281,4400.0
38282,800.0
38283,5200.0
38284,2900.0
38285,3000.0
38286,1800.0
38287,3800.0
38288,1800.0
38289,2600.0
38290,2600.0
38291,4600.0
38292,4000.0
38293,4600.0
38294,3100.0
38295,4100.0
38296,4200.0
38297,2300.0
38298,2900.0
38299,3600.0
38300,4400.0
38301,4900.0
38302,2900.0
38303,2400.0
38304,5400.0
38305,4500.0
38306,2800.0
38307,3400.0
38308,4200.0
38309,5200.0
38310,3000.0
38311,5000.0
38312,3700.0
38313,3600.0
38314,3300.0
38315,5400.0
38316,4800.0
38317,2900.0
38318,3800.0
38319,1900.0
38320,5800.0
38321,2100.0
38322,4800.0
38323,4700.0
38324,4500.0
38325,2000.0
38326,2800.0
38327,3400.0
38328,3300.0
38329,3400.0
38330,1600.0
38331,3900.0
38332,1700.0
38333,2600.0
38334,2200.0
38335,2500.0
38336,3800.0
38337,4500.0
38338,1500.0
38339,3700.0
38340,5900.0
38341,3000.0
38342,3200.0
38343,1800.0
38344,4000.0
38345,3000.0
38346,2300.0
38347,1600.0
38348,5000.0
38349,4700.0
38350,2700.0
38351,5400.0
38352,1800.0
38353,4700.0
38354,2900.0
38355,4400.0
38356,4800.0
38357,3900.0
38358,2000.0
38359,3400.0
38360,2200.0
38361,5100.0
38362,4700.0
38363,5100.0
38364,2400.0
38365,2500.0
38366,2400.0
38367,3400.0
38368,3800.0
38369,4400.0
38370,2200.0
38371,3400.0
38372,2200.0
38373,4200.0
38374,2800.0
38375,2900.0
38376,1600.0
38377,1900.0
38378,1000.0
38379,4400.0
38380,2200.0
38381,1800.0
38382,2500.0
38383,3900.0
38384,2300.0
38385,1800.0
38386,5000.0
38387,4000.0
38388,4200.0
38389,1200.0
38390,4100.0
38391,4000.0
38392,4100.0
38393,1900.0
38394,2400.0
38395,2900.0
38396,3500.0
38397,3300.0
38398,4700.0
38399,1800.0
38400,2800.0
38401,4800.0
38402,3700.0
38403,3200.0
38404,3300.0
38405,3600.0
38406,5400.0
38407,1700.0
38408,4800.0
38409,5800.0
38410,4300.0
38411,2800.0
38412,4600.0
38413,1700.0
38414,2400.0
38415,4700.0
38416,3000.0
38417,5900.0
38418,2800.0
38419,5100.0
38420,3400.0
38421,1700.0
38422,5100.0
38423,4000.0
38424,1500.0
38425,1500.0
38426,4500.0
38427,1800.0
38428,3200.0
38429,2600.0
38430,3300.0
38431,1800.0
38432,3000.0
38433,2000.0
38434,3000.0
38435,2900.0
38436,2100.0
38437,2100.0
38438,4600.0
38439,5300.0
38440,4600.0
38441,2700.0
38442,3600.0
38443,4000.0
38444,2100.0
38445,3300.0
38446,2200.0
38447,1000.0
38448,2200.0
38449,1700.0
38450,1800.0
38451,2500.0
38452,3200.0
38453,2700.0
38454,2500.0
38455,4300.0
38456,3800.0
38457,2100.0
38458,2600.0
38459,3700.0
38460,6200.0
38461,4000.0
38462,3200.0
38463,4800.0
38464,2300.0
38465,2900.0
38466,1900.0
38467,5600.0
38468,3300.0
38469,4900.0
38470,3500.0
38471,5900.0
38472,2600.0
38473,4200.0
38474,4700.0
38475,4500.0
38476,4200.0
38477,4200.0
38478,3800.0
38479,2300.0
38480,4300.0
38481,5600.0
38482,4700.0
38483,2000.0
38484,5400.0
38485,3700.0
38486,3300.0
38487,3800.0
38488,3200.0
38489,3000.0
38490,2800.0
38491,1600.0
38492,3500.0
38493,5300.0
38494,4800.0
38495,2000.0
38496,4200.0
38497,1900.0
38498,3900.0
38499,4300.0
38500,1600.0
38501,3000.0
38502,2200.0
38503,4100.0
38504,2200.0
38505,3100.0
38506,1500.0
38507,4400.0
38508,3100.0
38509,4900.0
38510,2500.0
38511,1800.0
38512,2300.0
38513,2900.0
38514,3000.0
38515,3500.0
38516,3700.0
38517,5500.0
38518,2500.0
38519,2400.0
38520,3500.0
38521,4800.0
38522,2700.0
38523,2900.0
38524,2200.0
38525,2500.0
38526,3800.0
38527,2900.0
38528,2800.0
38529,3200.0
38530,1800.0
38531,2100.0
38532,2100.0
38533,3800.0
38534,2200.0
38535,1800.0
38536,3800.0
38537,4800.0
38538,1900.0
38539,2800.0
38540,3700.0
38541,2100.0
38542,3800.0
38543,2200.0
38544,4600.0
38545,2500.0
38546,3800.0
38547,3900.0
38548,4300.0
38549,4400.0
38550,2000.0
38551,3100.0
38552,5300.0
38553,1800.0
38554,2900.0
38555,3300.0
38556,2100.0
38557,3500.0
38558,3400.0
38559,3300.0
38560,3500.0
38561,2900.0
38562,3700.0
38563,1900.0
38564,3500.0
38565,5500.0
38566,3800.0
38567,3200.0
38568,3900.0
38569,1900.0
38570,1700.0
38571,3300.0
38572,1800.0
38573,2100.0
38574,2700.0
38575,4200.0
38576,2700.0
38577,3200.0
38578,5500.0
38579,3500.0
38580,1200.0
38581,1900.0
38582,6200.0
38583,4300.0
38584,1800.0
38585,3500.0
38586,3800.0
38587,3100.0
38588,2500.0
38589,2800.0
38590,1800.0
38591,2200.0
38592,3000.0
38593,1300.0
38594,5200.0
38595,3100.0
38596,4700.0
38597,4400.0
38598,3600.0
38599,4600.0
38600,5400.0
38601,4800.0
38602,2500.0
38603,1700.0
38604,3800.0
38605,4000.0
38606,2100.0
38607,3600.0
38608,3200.0
38609,1600.0
38610,2400.0
38611,4800.0
38612,3600.0
38613,4000.0
38614,1300.0
38615,1700.0
38616,2400.0
38617,900.0
38618,3400.0
38619,1600.0
38620,3600.0
38621,2600.0
38622,1900.0
38623,4600.0
38624,2200.0
38625,3000.0
38626,2900.0
38627,2000.0
38628,3100.0
38629,4500.0
38630,1000.0
38631,5100.0
38632,3700.0
38633,3800.0
38634,4100.0
38635,2300.0
38636,4400.0
38637,1300.0
38638,1300.0
38639,2800.0
38640,5100.0
38641,2100.0
38642,3300.0
38643,3400.0
38644,3900.0
38645,2400.0
38646,2300.0
38647,5600.0
38648,4000.0
38649,2100.0
38650,2000.0
38651,2200.0
38652,3200.0
38653,2300.0
38654,3100.0
38655,2200.0
38656,2700.0
38657,4300.0
38658,1600.0
38659,2700.0
38660,3300.0
38661,2000.0
38662,2100.0
38663,4300.0
38664,1800.0
38665,4300.0
38666,3600.0
38667,4600.0
38668,3100.0
38669,4700.0
38670,2200.0
38671,1900.0
38672,5100.0
38673,2300.0
38674,4500.0
38675,4300.0
38676,2000.0
38677,4700.0
38678,2200.0
38679,2000.0
38680,3400.0
38681,2500.0
38682,3200.0
38683,2200.0
38684,2200.0
38685,5900.0
38686,3900.0
38687,3700.0
38688,2600.0
38689,4000.0
38690,3300.0
38691,4100.0
38692,3800.0
38693,4400.0
38694,3200.0
38695,1900.0
38696,4400.0
38697,3300.0
38698,4500.0
38699,2800.0
38700,3300.0
38701,1600.0
38702,2000.0
38703,2800.0
38704,2700.0
38705,3500.0
38706,4100.0
38707,1800.0
38708,2000.0
38709,4800.0
38710,3900.0
38711,5400.0
38712,2600.0
38713,2200.0
38714,2200.0
38715,4300.0
38716,1700.0
38717,2400.0
38718,4600.0
38719,2800.0
38720,2600.0
38721,3400.0
38722,1100.0
38723,2900.0
38724,2400.0
38725,2600.0
38726,3500.0
38727,3600.0
38728,4100.0
38729,4200.0
38730,3300.0
38731,3600.0
38732,3400.0
38733,5700.0
38734,4100.0
38735,1900.0
38736,2100.0
38737,3800.0
38738,3600.0
38739,3700.0
38740,3100.0
38741,2700.0
38742,3100.0
38743,2900.0
38744,3400.0
38745,4500.0
38746,2800.0
38747,3100.0
38748,1800.0
38749,1700.0
38750,3600.0
38751,3700.0
38752,7200.0
38753,5100.0
38754,3600.0
38755,1600.0
38756,3500.0
38757,4200.0
38758,2200.0
38759,4500.0
38760,1600.0
38761,4700.0
38762,2700.0
38763,4900.0
38764,4000.0
38765,4100.0
38766,1200.0
38767,2600.0
38768,3700.0
38769,3000.0
38770,2100.0
38771,4900.0
38772,3400.0
38773,3300.0
38774,3600.0
38775,1700.0
38776,2300.0
38777,3200.0
38778,2600.0
38779,2000.0
38780,3500.0
38781,2800.0
38782,2500.0
38783,2200.0
38784,2600.0
38785,2300.0
38786,4400.0
38787,2600.0
38788,5200.0
38789,3200.0
38790,2500.0
38791,3500.0
38792,3000.0
38793,2700.0
38794,3800.0
38795,3100.0
38796,3500.0
38797,3500.0
38798,3000.0
38799,4500.0
38800,1700.0
38801,3900.0
38802,4600.0
38803,1700.0
38804,4300.0
38805,4700.0
38806,1300.0
38807,2000.0
38808,1600.0
38809,2300.0
38810,4100.0
38811,4400.0
38812,3000.0
38813,1500.0
38814,2600.0
38815,1500.0
38816,3000.0
38817,1500.0
38818,2800.0
38819,4300.0
38820,1600.0
38821,1800.0
38822,2000.0
38823,3900.0
38824,3600.0
38825,3600.0
38826,1600.0
38827,2400.0
38828,2700.0
38829,4400.0
38830,6500.0
38831,1700.0
38832,4300.0
38833,3200.0
38834,2600.0
38835,2800.0
38836,4100.0
38837,4800.0
38838,2400.0
38839,3400.0
38840,3700.0
38841,1700.0
38842,2700.0
38843,3500.0
38844,2500.0
38845,2200.0
38846,4200.0
38847,2300.0
38848,4800.0
38849,3900.0
38850,2300.0
38851,1600.0
38852,2800.0
38853,3600.0
38854,1700.0
38855,1900.0
38856,4500.0
38857,2200.0
38858,2500.0
38859,3800.0
38860,3800.0
38861,3800.0
38862,3200.0
38863,3000.0
38864,2900.0
38865,1400.0
38866,6100.0
38867,2700.0
38868,4700.0
38869,2900.0
38870,4800.0
38871,3600.0
38872,2700.0
38873,2500.0
38874,2000.0
38875,6200.0
38876,3200.0
38877,3900.0
38878,4300.0
38879,2000.0
38880,1600.0
38881,1900.0
38882,2500.0
38883,3700.0
38884,1700.0
38885,4100.0
38886,1900.0
38887,3300.0
38888,1600.0
38889,3000.0
38890,2400.0
38891,2400.0
38892,2800.0
38893,4400.0
38894,3400.0
38895,1600.0
38896,2900.0
38897,3200.0
38898,3600.0
38899,4200.0
38900,4400.0
38901,2600.0
38902,4200.0
38903,5100.0
38904,2900.0
38905,1700.0
38906,3300.0
38907,1400.0
38908,2600.0
38909,2700.0
38910,12600.0
38911,4000.0
38912,4000.0
38913,2300.0
38914,3200.0
38915,2100.0
38916,3300.0
38917,3400.0
38918,3700.0
38919,1100.0
38920,3000.0
38921,2400.0
38922,2100.0
38923,4600.0
38924,1200.0
38925,5400.0
38926,3900.0
38927,3300.0
38928,4400.0
38929,3900.0
38930,2500.0
38931,2400.0
38932,2200.0
38933,6500.0
38934,7100.0
38935,2300.0
38936,1900.0
38937,2700.0
38938,5500.0
38939,5600.0
38940,2200.0
38941,2800.0
38942,3200.0
38943,3600.0
38944,3500.0
38945,2000.0
38946,3800.0
38947,3700.0
38948,2000.0
38949,500.0
38950,3500.0
38951,1700.0
38952,3200.0
38953,1800.0
38954,2000.0
38955,1900.0
38956,3600.0
38957,4000.0
38958,2300.0
38959,2600.0
38960,3200.0
38961,3700.0
38962,5400.0
38963,3200.0
38964,3200.0
38965,2500.0
38966,3600.0
38967,6000.0
38968,1600.0
38969,3100.0
38970,2700.0
38971,1800.0
38972,2300.0
38973,2200.0
38974,4400.0
38975,2300.0
38976,2400.0
38977,1000.0
38978,3700.0
38979,4200.0
38980,2200.0
38981,2500.0
38982,4200.0
38983,2100.0
38984,4500.0
38985,2000.0
38986,4300.0
38987,3700.0
38988,5000.0
38989,5000.0
38990,3900.0
38991,2100.0
38992,4600.0
38993,3400.0
38994,4800.0
38995,3900.0
38996,2000.0
38997,2400.0
38998,1700.0
38999,2600.0
39000,1900.0
39001,3200.0
39002,4900.0
39003,3700.0
39004,4200.0
39005,2900.0
39006,5300.0
39007,4500.0
39008,2700.0
39009,2400.0
39010,3200.0
39011,4200.0
39012,4100.0
39013,2700.0
39014,2200.0
39015,900.0
39016,6100.0
39017,2700.0
39018,2500.0
39019,3400.0
39020,2900.0
39021,2800.0
39022,5600.0
39023,3500.0
39024,4600.0
39025,4100.0
39026,4200.0
39027,2600.0
39028,2700.0
39029,2400.0
39030,1400.0
39031,2800.0
39032,3100.0
39033,2000.0
39034,3600.0
39035,4100.0
39036,4300.0
39037,3100.0
39038,700.0
39039,2000.0
39040,3600.0
39041,3400.0
39042,1900.0
39043,3400.0
39044,1800.0
39045,1800.0
39046,1800.0
39047,2700.0
39048,3400.0
39049,2000.0
39050,2200.0
39051,1900.0
39052,2500.0
39053,2600.0
39054,3700.0
39055,2300.0
39056,3000.0
39057,2700.0
39058,5000.0
39059,3800.0
39060,2800.0
39061,4600.0
39062,4200.0
39063,5200.0
39064,4300.0
39065,4700.0
39066,1600.0
39067,5200.0
39068,4800.0
39069,1300.0
39070,2600.0
39071,1700.0
39072,5800.0
39073,4000.0
39074,3300.0
39075,4100.0
39076,2600.0
39077,2700.0
39078,5400.0
39079,3100.0
39080,5000.0
39081,4200.0
39082,1700.0
39083,4300.0
39084,4400.0
39085,2800.0
39086,3900.0
39087,4400.0
39088,3000.0
39089,2700.0
39090,4800.0
39091,1800.0
39092,1600.0
39093,4800.0
39094,4600.0
39095,5700.0
39096,3000.0
39097,3700.0
39098,1400.0
39099,4400.0
39100,2400.0
39101,2800.0
39102,2500.0
39103,3200.0
39104,3400.0
39105,2900.0
39106,1800.0
39107,1500.0
39108,2000.0
39109,3200.0
39110,4300.0
39111,4300.0
39112,4500.0
39113,7000.0
39114,5100.0
39115,4400.0
39116,4200.0
39117,4900.0
39118,2000.0
39119,2500.0
39120,4300.0
39121,2500.0
39122,4900.0
39123,2300.0
39124,4800.0
39125,2000.0
39126,2200.0
39127,5000.0
39128,2600.0
39129,2700.0
39130,3200.0
39131,3500.0
39132,1900.0
39133,1900.0
39134,4300.0
39135,2200.0
39136,2000.0
39137,3200.0
39138,3300.0
39139,5100.0
39140,1400.0
39141,2700.0
39142,2100.0
39143,3800.0
39144,2300.0
39145,1900.0
39146,3600.0
39147,4300.0
39148,2400.0
39149,4600.0
39150,2200.0
39151,2700.0
39152,4900.0
39153,2400.0
39154,2900.0
39155,4000.0
39156,1500.0
39157,3700.0
39158,3600.0
39159,3400.0
39160,3100.0
39161,2200.0
39162,5000.0
39163,4100.0
39164,3800.0
39165,4900.0
39166,2000.0
39167,2000.0
39168,2500.0
39169,4900.0
39170,4500.0
39171,5400.0
39172,4200.0
39173,2300.0
39174,3900.0
39175,4400.0
39176,4800.0
39177,3900.0
39178,2400.0
39179,2300.0
39180,2400.0
39181,2800.0
39182,2500.0
39183,2900.0
39184,5800.0
39185,5000.0
39186,4800.0
39187,5300.0
39188,1600.0
39189,2800.0
39190,4300.0
39191,4000.0
39192,4300.0
39193,7100.0
39194,4200.0
39195,3500.0
39196,6100.0
39197,3300.0
39198,4400.0
39199,2400.0
39200,2000.0
39201,4100.0
39202,2000.0
39203,5000.0
39204,1700.0
39205,3000.0
39206,1900.0
39207,2900.0
39208,2900.0
39209,3800.0
39210,1100.0
39211,4500.0
39212,3500.0
39213,2900.0
39214,3500.0
39215,2300.0
39216,3800.0
39217,3400.0
39218,3000.0
39219,2200.0
39220,2700.0
39221,3500.0
39222,3000.0
39223,1700.0
39224,2900.0
39225,7300.0
39226,2000.0
39227,2800.0
39228,4700.0
39229,4000.0
39230,3700.0
39231,4700.0
39232,4900.0
39233,3700.0
39234,2900.0
39235,2300.0
39236,3100.0
39237,4800.0
39238,1500.0
39239,3400.0
39240,4200.0
39241,4200.0
39242,4200.0
39243,1500.0
39244,2000.0
39245,3000.0
39246,2800.0
39247,5000.0
39248,3400.0
39249,2500.0
39250,3200.0
39251,1200.0
39252,5700.0
39253,3200.0
39254,2800.0
39255,2900.0
39256,3300.0
39257,3200.0
39258,3600.0
39259,2100.0
39260,4300.0
39261,2800.0
39262,4000.0
39263,5100.0
39264,3100.0
39265,3900.0
39266,3100.0
39267,3200.0
39268,1700.0
39269,2500.0
39270,3000.0
39271,2200.0
39272,4400.0
39273,4100.0
39274,4200.0
39275,2100.0
39276,1000.0
39277,3300.0
39278,4800.0
39279,3000.0
39280,3600.0
39281,3600.0
39282,1800.0
39283,3200.0
39284,3800.0
39285,3500.0
39286,2800.0
39287,3500.0
39288,4500.0
39289,2500.0
39290,2600.0
39291,2800.0
39292,2400.0
39293,4400.0
39294,1200.0
39295,2200.0
39296,3300.0
39297,2800.0
39298,2900.0
39299,4000.0
39300,4900.0
39301,3100.0
39302,2300.0
39303,3800.0
39304,1700.0
39305,3000.0
39306,4600.0
39307,3800.0
39308,3800.0
39309,2700.0
39310,3200.0
39311,3400.0
39312,2500.0
39313,1600.0
39314,3200.0
39315,3300.0
39316,4600.0
39317,4300.0
39318,3400.0
39319,5900.0
39320,4900.0
39321,3800.0
39322,5100.0
39323,2700.0
39324,4200.0
39325,2600.0
39326,1900.0
39327,5000.0
39328,4300.0
39329,2200.0
39330,3000.0
39331,4400.0
39332,5800.0
39333,2300.0
39334,2800.0
39335,1300.0
39336,2400.0
39337,3700.0
39338,4200.0
39339,1900.0
39340,3400.0
39341,2800.0
39342,1100.0
39343,5300.0
39344,5100.0
39345,3000.0
39346,3800.0
39347,3800.0
39348,2700.0
39349,4300.0
39350,3500.0
39351,3400.0
39352,1600.0
39353,1700.0
39354,2700.0
39355,4600.0
39356,4900.0
39357,4800.0
39358,3500.0
39359,4800.0
39360,2800.0
39361,3400.0
39362,2600.0
39363,1700.0
39364,2100.0
39365,4800.0
39366,3000.0
39367,3600.0
39368,4600.0
39369,3500.0
39370,2500.0
39371,2800.0
39372,4600.0
39373,3100.0
39374,1500.0
39375,2600.0
39376,1000.0
39377,3200.0
39378,3100.0
39379,1200.0
39380,1600.0
39381,3300.0
39382,3800.0
39383,3700.0
39384,4300.0
39385,5600.0
39386,1600.0
39387,2000.0
39388,2100.0
39389,2100.0
39390,3900.0
39391,1400.0
39392,1200.0
39393,2400.0
39394,1600.0
39395,4200.0
39396,2600.0
39397,2000.0
39398,3100.0
39399,2000.0
39400,2000.0
39401,3500.0
39402,3100.0
39403,3300.0
39404,2400.0
39405,2000.0
39406,3600.0
39407,4600.0
39408,3300.0
39409,4300.0
39410,4300.0
39411,4400.0
39412,1700.0
39413,3800.0
39414,3700.0
39415,4100.0
39416,3500.0
39417,2800.0
39418,2100.0
39419,1700.0
39420,2800.0
39421,4600.0
39422,1200.0
39423,4200.0
39424,2200.0
39425,1800.0
39426,2300.0
39427,2500.0
39428,2000.0
39429,4900.0
39430,3200.0
39431,2300.0
39432,1800.0
39433,2300.0
39434,2800.0
39435,6700.0
39436,4100.0
39437,3700.0
39438,4900.0
39439,3100.0
39440,2100.0
39441,2800.0
39442,4500.0
39443,1900.0
39444,4400.0
39445,4300.0
39446,4800.0
39447,4000.0
39448,3500.0
39449,2000.0
39450,3000.0
39451,2300.0
39452,4500.0
39453,2000.0
39454,2200.0
39455,2800.0
39456,2600.0
39457,3600.0
39458,4700.0
39459,2500.0
39460,7200.0
39461,1900.0
39462,2200.0
39463,3400.0
39464,3000.0
39465,3400.0
39466,2900.0
39467,4900.0
39468,3300.0
39469,1600.0
39470,3300.0
39471,4000.0
39472,3200.0
39473,3400.0
39474,2300.0
39475,1700.0
39476,2100.0
39477,4500.0
39478,2000.0
39479,2100.0
39480,2200.0
39481,3300.0
39482,2600.0
39483,5200.0
39484,1500.0
39485,4800.0
39486,5200.0
39487,2900.0
39488,4100.0
39489,2000.0
39490,2300.0
39491,4600.0
39492,2900.0
39493,4100.0
39494,4500.0
39495,4000.0
39496,2500.0
39497,1400.0
39498,1600.0
39499,2900.0
39500,3700.0
39501,1500.0
39502,1400.0
39503,2300.0
39504,1700.0
39505,4200.0
39506,4400.0
39507,1800.0
39508,1200.0
39509,1800.0
39510,2500.0
39511,3400.0
39512,3800.0
39513,3700.0
39514,2600.0
39515,3000.0
39516,2400.0
39517,5600.0
39518,2100.0
39519,4600.0
39520,4600.0
39521,2000.0
39522,2800.0
39523,2200.0
39524,5700.0
39525,5000.0
39526,3800.0
39527,5500.0
39528,3900.0
39529,3900.0
39530,5200.0
39531,4400.0
39532,3300.0
39533,4000.0
39534,3100.0
39535,4500.0
39536,3200.0
39537,2400.0
39538,2100.0
39539,2200.0
39540,3300.0
39541,2800.0
39542,2600.0
39543,3900.0
39544,1900.0
39545,3200.0
39546,3300.0
39547,3100.0
39548,2000.0
39549,2900.0
39550,4500.0
39551,2900.0
39552,1300.0
39553,2100.0
39554,2500.0
39555,2400.0
39556,3000.0
39557,3500.0
39558,2700.0
39559,3400.0
39560,4000.0
39561,3600.0
39562,2600.0
39563,5000.0
39564,2500.0
39565,3600.0
39566,2000.0
39567,2000.0
39568,2600.0
39569,2500.0
39570,2900.0
39571,3100.0
39572,4800.0
39573,1200.0
39574,2500.0
39575,2800.0
39576,3800.0
39577,3700.0
39578,3600.0
39579,2200.0
39580,2600.0
39581,2100.0
39582,2700.0
39583,2400.0
39584,4500.0
39585,3800.0
39586,2300.0
39587,3600.0
39588,3600.0
39589,4400.0
39590,2000.0
39591,2000.0
39592,3900.0
39593,3700.0
39594,2900.0
39595,3600.0
39596,2900.0
39597,2100.0
39598,3400.0
39599,3000.0
39600,2800.0
39601,3800.0
39602,1200.0
39603,2800.0
39604,4300.0
39605,4800.0
39606,3600.0
39607,3200.0
39608,3600.0
39609,2300.0
39610,2800.0
39611,3300.0
39612,3100.0
39613,3400.0
39614,1600.0
39615,1600.0
39616,1800.0
39617,4600.0
39618,4200.0
39619,4100.0
39620,2700.0
39621,2700.0
39622,3600.0
39623,4000.0
39624,3500.0
39625,3600.0
39626,4000.0
39627,1400.0
39628,4000.0
39629,3800.0
39630,2500.0
39631,5900.0
39632,3000.0
39633,1700.0
39634,2600.0
39635,2300.0
39636,3600.0
39637,5600.0
39638,4400.0
39639,1200.0
39640,1200.0
39641,2900.0
39642,3200.0
39643,4400.0
39644,2500.0
39645,4000.0
39646,3100.0
39647,2400.0
39648,3600.0
39649,1700.0
39650,3700.0
39651,1000.0
39652,4800.0
39653,2500.0
39654,4700.0
39655,2000.0
39656,3800.0
39657,2900.0
39658,3000.0
39659,2300.0
39660,2400.0
39661,2800.0
39662,1500.0
39663,2600.0
39664,3100.0
39665,2800.0
39666,2700.0
39667,1900.0
39668,2500.0
39669,4900.0
39670,4300.0
39671,1300.0
39672,3700.0
39673,1500.0
39674,4000.0
39675,2900.0
39676,3200.0
39677,5000.0
39678,3000.0
39679,2800.0
39680,5000.0
39681,3700.0
39682,1800.0
39683,3700.0
39684,5000.0
39685,1700.0
39686,3900.0
39687,1800.0
39688,3400.0
39689,4800.0
39690,5100.0
39691,2200.0
39692,2700.0
39693,4600.0
39694,1300.0
39695,3100.0
39696,2100.0
39697,3500.0
39698,4100.0
39699,2300.0
39700,3600.0
39701,2700.0
39702,3800.0
39703,1700.0
39704,2500.0
39705,4300.0
39706,3400.0
39707,1700.0
39708,1900.0
39709,2800.0
39710,3800.0
39711,3800.0
39712,3500.0
39713,6200.0
39714,1900.0
39715,2500.0
39716,2200.0
39717,1300.0
39718,3600.0
39719,3200.0
39720,2800.0
39721,2000.0
39722,3600.0
39723,3200.0
39724,4400.0
39725,3500.0
39726,4200.0
39727,2900.0
39728,4700.0
39729,4100.0
39730,3400.0
39731,3500.0
39732,1500.0
39733,2400.0
39734,1800.0
39735,3600.0
39736,3500.0
39737,2700.0
39738,2200.0
39739,2100.0
39740,1700.0
39741,2900.0
39742,3100.0
39743,3900.0
39744,4400.0
39745,2200.0
39746,3100.0
39747,3200.0
39748,2600.0
39749,2500.0
39750,4500.0
39751,2800.0
39752,5500.0
39753,3600.0
39754,3300.0
39755,1800.0
39756,2900.0
39757,6600.0
39758,3100.0
39759,3700.0
39760,2100.0
39761,3200.0
39762,4700.0
39763,3400.0
39764,3600.0
39765,2900.0
39766,2200.0
39767,3700.0
39768,4100.0
39769,3400.0
39770,3900.0
39771,2000.0
39772,2300.0
39773,3900.0
39774,2300.0
39775,1900.0
39776,3000.0
39777,5200.0
39778,3400.0
39779,3000.0
39780,2000.0
39781,1500.0
39782,5400.0
39783,6600.0
39784,4200.0
39785,3400.0
39786,4800.0
39787,2800.0
39788,3300.0
39789,4300.0
39790,2200.0
39791,3700.0
39792,3500.0
39793,3000.0
39794,3000.0
39795,3300.0
39796,2200.0
39797,4300.0
39798,2600.0
39799,1700.0
39800,1800.0
39801,2300.0
39802,2900.0
39803,6600.0
39804,2100.0
39805,3500.0
39806,4600.0
39807,2400.0
39808,2100.0
39809,600.0
39810,5200.0
39811,2700.0
39812,6200.0
39813,3000.0
39814,2600.0
39815,3100.0
39816,3100.0
39817,4000.0
39818,1200.0
39819,3400.0
39820,4500.0
39821,4200.0
39822,3200.0
39823,2200.0
39824,2400.0
39825,1800.0
39826,1600.0
39827,3600.0
39828,2100.0
39829,1900.0
39830,5200.0
39831,3200.0
39832,3100.0
39833,3900.0
39834,3800.0
39835,2700.0
39836,1600.0
39837,3100.0
39838,3100.0
39839,3000.0
39840,2400.0
39841,1700.0
39842,3400.0
39843,3300.0
39844,1200.0
39845,2700.0
39846,4100.0
39847,5100.0
39848,1400.0
39849,2800.0
39850,4400.0
39851,2400.0
39852,3600.0
39853,3200.0
39854,4200.0
39855,2400.0
39856,4500.0
39857,5000.0
39858,4400.0
39859,4500.0
39860,4100.0
39861,4300.0
39862,1400.0
39863,3200.0
39864,3800.0
39865,2800.0
39866,4200.0
39867,3400.0
39868,3100.0
39869,3700.0
39870,4600.0
39871,3400.0
39872,4200.0
39873,1900.0
39874,3000.0
39875,5600.0
39876,1700.0
39877,1900.0
39878,2700.0
39879,3200.0
39880,1200.0
39881,2100.0
39882,2400.0
39883,2800.0
39884,4200.0
39885,4300.0
39886,1600.0
39887,2700.0
39888,1800.0
39889,2500.0
39890,2300.0
39891,3000.0
39892,3200.0
39893,3100.0
39894,1500.0
39895,1400.0
39896,4200.0
39897,2500.0
39898,1500.0
39899,2200.0
39900,2200.0
39901,2400.0
39902,2800.0
39903,1500.0
39904,1700.0
39905,3700.0
39906,2000.0
39907,3700.0
39908,1400.0
39909,4900.0
39910,2200.0
39911,3300.0
39912,2000.0
39913,2200.0
39914,5400.0
39915,1600.0
39916,2300.0
39917,2000.0
39918,4500.0
39919,5100.0
39920,2800.0
39921,4100.0
39922,3000.0
39923,4200.0
39924,4800.0
39925,2400.0
39926,4200.0
39927,3900.0
39928,2400.0
39929,3600.0
39930,2100.0
39931,1600.0
39932,4300.0
39933,4600.0
39934,3000.0
39935,3900.0
39936,2700.0
39937,4000.0
39938,4500.0
39939,3700.0
39940,4000.0
39941,1700.0
39942,3500.0
39943,1500.0
39944,5000.0
39945,2200.0
39946,2200.0
39947,3800.0
39948,4000.0
39949,2900.0
39950,1900.0
39951,1700.0
39952,3600.0
39953,2900.0
39954,1800.0
39955,3600.0
39956,1400.0
39957,4300.0
39958,4100.0
39959,1600.0
39960,4600.0
39961,2100.0
39962,5100.0
39963,1700.0
39964,3200.0
39965,2800.0
39966,3800.0
39967,2400.0
39968,2500.0
39969,4100.0
39970,3400.0
39971,3400.0
39972,3700.0
39973,4100.0
39974,3400.0
39975,2400.0
39976,3300.0
39977,4000.0
39978,1200.0
39979,6300.0
39980,4200.0
39981,2700.0
39982,6500.0
39983,4300.0
39984,3900.0
39985,4300.0
39986,3600.0
39987,5100.0
39988,4200.0
39989,3400.0
39990,3000.0
39991,3500.0
39992,1900.0
39993,2600.0
39994,5400.0
39995,2100.0
39996,1700.0
39997,1800.0
39998,2200.0
39999,1400.0
40000,4000.0
40001,3400.0
40002,3400.0
40003,1900.0
40004,3500.0
40005,3000.0
40006,1800.0
40007,4400.0
40008,4400.0
40009,3000.0
40010,1200.0
40011,3200.0
40012,1800.0
40013,4800.0
40014,1600.0
40015,2800.0
40016,2900.0
40017,3700.0
40018,4500.0
40019,1800.0
40020,3400.0
40021,4900.0
40022,5000.0
40023,2100.0
40024,3000.0
40025,3400.0
40026,2900.0
40027,3800.0
40028,4100.0
40029,3600.0
40030,2700.0
40031,4000.0
40032,4200.0
40033,2900.0
40034,1700.0
40035,3100.0
40036,1800.0
40037,3200.0
40038,6900.0
40039,2900.0
40040,2900.0
40041,2400.0
40042,1800.0
40043,3200.0
40044,3800.0
40045,3400.0
40046,3600.0
40047,2400.0
40048,1000.0
40049,3000.0
40050,4200.0
40051,4800.0
40052,2400.0
40053,2100.0
40054,2700.0
40055,4500.0
40056,2600.0
40057,4300.0
40058,3600.0
40059,3000.0
40060,1600.0
40061,3700.0
40062,4300.0
40063,5800.0
40064,3300.0
40065,5300.0
40066,1800.0
40067,3300.0
40068,3500.0
40069,2900.0
40070,2200.0
40071,2600.0
40072,1500.0
40073,4200.0
40074,1800.0
40075,2900.0
40076,1500.0
40077,2700.0
40078,2400.0
40079,2100.0
40080,2400.0
40081,5800.0
40082,2000.0
40083,4700.0
40084,3200.0
40085,5000.0
40086,3200.0
40087,2800.0
40088,3000.0
40089,5500.0
40090,4500.0
40091,1800.0
40092,2000.0
40093,5000.0
40094,3400.0
40095,4000.0
40096,4100.0
40097,4400.0
40098,1700.0
40099,2300.0
40100,1700.0
40101,1900.0
40102,4800.0
40103,3500.0
40104,600.0
40105,2100.0
40106,1600.0
40107,3300.0
40108,3100.0
40109,5800.0
40110,2400.0
40111,3300.0
40112,2900.0
40113,1500.0
40114,4200.0
40115,1600.0
40116,6100.0
40117,3900.0
40118,2800.0
40119,1900.0
40120,4200.0
40121,4900.0
40122,3900.0
40123,900.0
40124,2000.0
40125,4300.0
40126,3500.0
40127,1900.0
40128,2800.0
40129,2100.0
40130,2800.0
40131,4600.0
40132,2200.0
40133,2900.0
40134,3000.0
40135,2500.0
40136,2400.0
40137,2200.0
40138,3200.0
40139,3100.0
40140,5000.0
40141,2600.0
40142,2900.0
40143,4600.0
40144,3700.0
40145,1500.0
40146,5100.0
40147,2100.0
40148,4200.0
40149,3400.0
40150,2800.0
40151,5000.0
40152,4300.0
40153,1600.0
40154,2400.0
40155,4300.0
40156,2500.0
40157,2500.0
40158,3900.0
40159,2700.0
40160,2600.0
40161,2300.0
40162,3100.0
40163,3600.0
40164,3000.0
40165,2600.0
40166,1900.0
40167,1300.0
40168,3000.0
40169,3700.0
40170,4900.0
40171,2200.0
40172,2800.0
40173,4400.0
40174,4700.0
40175,3100.0
40176,600.0
40177,2300.0
40178,5200.0
40179,2400.0
40180,2300.0
40181,2500.0
40182,2800.0
40183,4100.0
40184,3000.0
40185,2300.0
40186,2300.0
40187,3500.0
40188,2000.0
40189,2200.0
40190,2200.0
40191,2300.0
40192,6000.0
40193,3300.0
40194,2000.0
40195,3500.0
40196,5800.0
40197,3100.0
40198,2900.0
40199,5000.0
40200,3100.0
40201,3900.0
40202,4200.0
40203,1200.0
40204,4400.0
40205,1600.0
40206,3500.0
40207,3500.0
40208,4400.0
40209,3000.0
40210,3300.0
40211,3300.0
40212,1600.0
40213,5400.0
40214,4800.0
40215,1500.0
40216,3200.0
40217,2100.0
40218,5300.0
40219,2100.0
40220,2700.0
40221,3800.0
40222,1700.0
40223,4400.0
40224,1900.0
40225,2000.0
40226,3500.0
40227,4100.0
40228,1100.0
40229,2300.0
40230,4500.0
40231,1900.0
40232,2800.0
40233,2800.0
40234,3100.0
40235,2900.0
40236,3800.0
40237,4400.0
40238,4500.0
40239,4500.0
40240,1800.0
40241,1700.0
40242,2300.0
40243,2700.0
40244,1600.0
40245,2100.0
40246,5000.0
40247,4400.0
40248,4900.0
40249,2900.0
40250,2600.0
40251,4500.0
40252,2600.0
40253,4300.0
40254,2600.0
40255,3100.0
40256,2200.0
40257,4100.0
40258,4700.0
40259,3200.0
40260,2600.0
40261,4200.0
40262,1900.0
40263,4000.0
40264,4000.0
40265,3000.0
40266,2500.0
40267,2700.0
40268,5100.0
40269,1500.0
40270,4300.0
40271,4700.0
40272,2600.0
40273,4300.0
40274,3600.0
40275,3100.0
40276,5000.0
40277,2900.0
40278,3500.0
40279,3200.0
40280,3400.0
40281,1700.0
40282,3500.0
40283,4200.0
40284,3700.0
40285,800.0
40286,2800.0
40287,1700.0
40288,1700.0
40289,2000.0
40290,3300.0
40291,4500.0
40292,2600.0
40293,4700.0
40294,3800.0
40295,3200.0
40296,3600.0
40297,4300.0
40298,4000.0
40299,3700.0
40300,4800.0
40301,5200.0
40302,4800.0
40303,4700.0
40304,2900.0
40305,5900.0
40306,3700.0
40307,3000.0
40308,2900.0
40309,4700.0
40310,2400.0
40311,3700.0
40312,3100.0
40313,2300.0
40314,3200.0
40315,2000.0
40316,3800.0
40317,3900.0
40318,4700.0
40319,4400.0
40320,3900.0
40321,2000.0
40322,4000.0
40323,2000.0
40324,4500.0
40325,2800.0
40326,5200.0
40327,2600.0
40328,3000.0
40329,2000.0
40330,2500.0
40331,2500.0
40332,4400.0
40333,2500.0
40334,2300.0
40335,2400.0
40336,2100.0
40337,5000.0
40338,1100.0
40339,3800.0
40340,3800.0
40341,5500.0
40342,3300.0
40343,2800.0
40344,5300.0
40345,5800.0
40346,4900.0
40347,4100.0
40348,2400.0
40349,2600.0
40350,3900.0
40351,3900.0
40352,2400.0
40353,2400.0
40354,3300.0
40355,4500.0
40356,2900.0
40357,3300.0
40358,3300.0
40359,5200.0
40360,1900.0
40361,5200.0
40362,1600.0
40363,2900.0
40364,1500.0
40365,1700.0
40366,1800.0
40367,2300.0
40368,3500.0
40369,3300.0
40370,2400.0
40371,2700.0
40372,1800.0
40373,3200.0
40374,2100.0
40375,3900.0
40376,2800.0
40377,2100.0
40378,3000.0
40379,2500.0
40380,5900.0
40381,4000.0
40382,3900.0
40383,3000.0
40384,3500.0
40385,4300.0
40386,4100.0
40387,3500.0
40388,3900.0
40389,2200.0
40390,2300.0
40391,2800.0
40392,1500.0
40393,3800.0
40394,3000.0
40395,3800.0
40396,2900.0
40397,3000.0
40398,3900.0
40399,4000.0
40400,3500.0
40401,4500.0
40402,2100.0
40403,4300.0
40404,1800.0
40405,2700.0
40406,3500.0
40407,3700.0
40408,4500.0
40409,3800.0
40410,2300.0
40411,1900.0
40412,3600.0
40413,1800.0
40414,2100.0
40415,4300.0
40416,2800.0
40417,1700.0
40418,1400.0
40419,800.0
40420,2800.0
40421,3800.0
40422,2900.0
40423,3500.0
40424,2300.0
40425,4200.0
40426,2200.0
40427,1900.0
40428,4900.0
40429,2900.0
40430,3100.0
40431,3000.0
40432,3100.0
40433,2300.0
40434,4400.0
40435,2600.0
40436,1700.0
40437,5300.0
40438,1800.0
40439,2100.0
40440,3200.0
40441,3300.0
40442,2500.0
40443,2100.0
40444,4400.0
40445,4300.0
40446,2400.0
40447,3600.0
40448,5900.0
40449,4800.0
40450,3500.0
40451,2100.0
40452,4400.0
40453,2800.0
40454,5100.0
40455,5000.0
40456,2800.0
40457,2500.0
40458,4100.0
40459,3700.0
40460,2200.0
40461,3300.0
40462,3700.0
40463,3900.0
40464,3700.0
40465,1900.0
40466,1900.0
40467,3300.0
40468,2600.0
40469,5200.0
40470,2900.0
40471,4100.0
40472,2600.0
40473,3700.0
40474,2800.0
40475,6100.0
40476,3700.0
40477,4300.0
40478,2900.0
40479,3900.0
40480,3400.0
40481,3400.0
40482,5000.0
40483,3900.0
40484,3100.0
40485,3300.0
40486,2200.0
40487,3100.0
40488,5500.0
40489,2900.0
40490,3800.0
40491,2300.0
40492,3800.0
40493,2200.0
40494,2100.0
40495,1900.0
40496,2300.0
40497,2300.0
40498,4100.0
40499,4400.0
40500,1200.0
40501,2400.0
40502,3300.0
40503,1200.0
40504,1600.0
40505,4300.0
40506,3900.0
40507,3900.0
40508,2300.0
40509,4400.0
40510,1700.0
40511,2300.0
40512,2900.0
40513,2000.0
40514,2100.0
40515,2800.0
40516,5300.0
40517,5000.0
40518,2800.0
40519,4800.0
40520,2400.0
40521,3500.0
40522,3900.0
40523,4100.0
40524,4000.0
40525,3500.0
40526,2300.0
40527,3100.0
40528,900.0
40529,4400.0
40530,3600.0
40531,4000.0
40532,3100.0
40533,2900.0
40534,2300.0
40535,2000.0
40536,2400.0
40537,3300.0
40538,4800.0
40539,3000.0
40540,2400.0
40541,3700.0
40542,4400.0
40543,3100.0
40544,3600.0
40545,2800.0
40546,3700.0
40547,3600.0
40548,2800.0
40549,1900.0
40550,4200.0
40551,2700.0
40552,5100.0
40553,2500.0
40554,2400.0
40555,2800.0
40556,1600.0
40557,1000.0
40558,4400.0
40559,2200.0
40560,3200.0
40561,3400.0
40562,3200.0
40563,2400.0
40564,3200.0
40565,5300.0
40566,3100.0
40567,1800.0
40568,3200.0
40569,2000.0
40570,2100.0
40571,4900.0
40572,4200.0
40573,1600.0
40574,1600.0
40575,3100.0
40576,2100.0
40577,2100.0
40578,3500.0
40579,3800.0
40580,2500.0
40581,2100.0
40582,2700.0
40583,4600.0
40584,4600.0
40585,4500.0
40586,3700.0
40587,2700.0
40588,2400.0
40589,1600.0
40590,4900.0
40591,2000.0
40592,3700.0
40593,3200.0
40594,3900.0
40595,2400.0
40596,4300.0
40597,3300.0
40598,1700.0
40599,3400.0
40600,1100.0
40601,2800.0
40602,2100.0
40603,2500.0
40604,3400.0
40605,2500.0
40606,4800.0
40607,4900.0
40608,3800.0
40609,3000.0
40610,5200.0
40611,4400.0
40612,2400.0
40613,4300.0
40614,1500.0
40615,4300.0
40616,2500.0
40617,1700.0
40618,3600.0
40619,4200.0
40620,2400.0
40621,2600.0
40622,6100.0
40623,4000.0
40624,2300.0
40625,6200.0
40626,2300.0
40627,3000.0
40628,2600.0
40629,3500.0
40630,2200.0
40631,2300.0
40632,1000.0
40633,2100.0
40634,2200.0
40635,5300.0
40636,3100.0
40637,2500.0
40638,5200.0
40639,2600.0
40640,3200.0
40641,3800.0
40642,2300.0
40643,4800.0
40644,4700.0
40645,2600.0
40646,2800.0
40647,3100.0
40648,2300.0
40649,1200.0
40650,3500.0
40651,1800.0
40652,2400.0
40653,4900.0
40654,5100.0
40655,2200.0
40656,4900.0
40657,1000.0
40658,3900.0
40659,3600.0
40660,4400.0
40661,3900.0
40662,2400.0
40663,2100.0
40664,4500.0
40665,2400.0
40666,4300.0
40667,1500.0
40668,4300.0
40669,2900.0
40670,2100.0
40671,2000.0
40672,1600.0
40673,2700.0
40674,4500.0
40675,3500.0
40676,2000.0
40677,1400.0
40678,1500.0
40679,3500.0
40680,2900.0
40681,2900.0
40682,4300.0
40683,2500.0
40684,2500.0
40685,2200.0
40686,2000.0
40687,3500.0
40688,2600.0
40689,2600.0
40690,3700.0
40691,3800.0
40692,2300.0
40693,3100.0
40694,2300.0
40695,3800.0
40696,2100.0
40697,5400.0
40698,1800.0
40699,5000.0
40700,3800.0
40701,3600.0
40702,2300.0
40703,2500.0
40704,2700.0
40705,2200.0
40706,3900.0
40707,3200.0
40708,3100.0
40709,3700.0
40710,3900.0
40711,1600.0
40712,4700.0
40713,1400.0
40714,3200.0
40715,2000.0
40716,3300.0
40717,4600.0
40718,3500.0
40719,4200.0
40720,4100.0
40721,3900.0
40722,4600.0
40723,1800.0
40724,4000.0
40725,1300.0
40726,800.0
40727,3200.0
40728,3300.0
40729,3300.0
40730,3900.0
40731,3000.0
40732,2200.0
40733,1900.0
40734,2100.0
40735,4100.0
40736,4100.0
40737,6700.0
40738,2300.0
40739,1400.0
40740,4500.0
40741,2000.0
40742,2500.0
40743,2400.0
40744,5800.0
40745,4400.0
40746,2000.0
40747,2300.0
40748,2400.0
40749,4100.0
40750,4100.0
40751,1900.0
40752,4900.0
40753,4400.0
40754,2800.0
40755,6700.0
40756,2600.0
40757,1400.0
40758,3200.0
40759,2400.0
40760,4100.0
40761,2100.0
40762,4800.0
40763,4200.0
40764,5600.0
40765,5000.0
40766,2000.0
40767,3500.0
40768,2700.0
40769,2100.0
40770,2800.0
40771,1700.0
40772,3500.0
40773,1800.0
40774,2800.0
40775,3300.0
40776,4200.0
40777,2800.0
40778,3300.0
40779,4900.0
40780,3300.0
40781,4200.0
40782,3800.0
40783,2300.0
40784,2100.0
40785,4500.0
40786,1300.0
40787,4000.0
40788,4700.0
40789,3400.0
40790,2900.0
40791,2000.0
40792,3300.0
40793,6500.0
40794,2400.0
40795,2500.0
40796,4400.0
40797,1800.0
40798,4000.0
40799,2000.0
40800,3300.0
40801,2800.0
40802,5700.0
40803,1500.0
40804,2900.0
40805,3600.0
40806,3700.0
40807,3800.0
40808,3700.0
40809,3200.0
40810,2500.0
40811,2100.0
40812,2300.0
40813,3300.0
40814,3700.0
40815,3800.0
40816,3900.0
40817,3100.0
40818,4100.0
40819,2600.0
40820,2200.0
40821,3700.0
40822,4000.0
40823,4600.0
40824,4200.0
40825,1000.0
40826,3600.0
40827,1900.0
40828,1900.0
40829,1800.0
40830,1900.0
40831,3800.0
40832,2400.0
40833,2500.0
40834,5200.0
40835,2700.0
40836,4600.0
40837,4100.0
40838,4900.0
40839,2600.0
40840,5100.0
40841,3900.0
40842,2200.0
40843,3900.0
40844,2000.0
40845,5400.0
40846,3800.0
40847,4200.0
40848,2600.0
40849,2600.0
40850,3500.0
40851,3800.0
40852,3500.0
40853,2100.0
40854,3300.0
40855,3500.0
40856,2000.0
40857,5500.0
40858,3600.0
40859,1900.0
40860,4600.0
40861,1700.0
40862,2300.0
40863,2200.0
40864,4300.0
40865,1800.0
40866,2300.0
40867,3000.0
40868,4200.0
40869,3200.0
40870,2100.0
40871,3200.0
40872,6100.0
40873,5000.0
40874,3900.0
40875,4100.0
40876,4500.0
40877,3700.0
40878,3900.0
40879,2600.0
40880,2600.0
40881,7200.0
40882,1900.0
40883,3600.0
40884,3300.0
40885,1900.0
40886,2700.0
40887,1700.0
40888,3000.0
40889,3400.0
40890,2600.0
40891,2600.0
40892,2900.0
40893,2400.0
40894,4500.0
40895,2200.0
40896,3700.0
40897,3700.0
40898,3300.0
40899,4300.0
40900,1900.0
40901,2000.0
40902,1400.0
40903,2900.0
40904,3200.0
40905,5900.0
40906,2700.0
40907,4500.0
40908,2200.0
40909,2000.0
40910,2000.0
40911,3400.0
40912,1400.0
40913,4300.0
40914,3000.0
40915,1700.0
40916,3200.0
40917,2800.0
40918,1700.0
40919,4400.0
40920,3200.0
40921,3400.0
40922,2800.0
40923,3900.0
40924,2600.0
40925,1800.0
40926,3400.0
40927,4600.0
40928,1600.0
40929,3300.0
40930,3500.0
40931,2900.0
40932,3700.0
40933,4400.0
40934,4600.0
40935,4900.0
40936,2400.0
40937,1500.0
40938,1900.0
40939,1800.0
40940,4300.0
40941,4400.0
40942,1700.0
40943,4600.0
40944,3800.0
40945,4700.0
40946,4900.0
40947,2500.0
40948,4100.0
40949,1600.0
40950,3800.0
40951,1700.0
40952,5000.0
40953,4600.0
40954,2400.0
40955,2400.0
40956,3100.0
40957,2500.0
40958,3700.0
40959,2800.0
40960,1800.0
40961,4100.0
40962,3600.0
40963,2500.0
40964,2500.0
40965,3800.0
40966,3600.0
40967,2600.0
40968,4700.0
40969,3700.0
40970,2300.0
40971,2200.0
40972,4800.0
40973,5600.0
40974,3200.0
40975,3900.0
40976,2600.0
40977,3500.0
40978,2500.0
40979,3400.0
40980,4800.0
40981,3600.0
40982,2900.0
40983,3000.0
40984,3600.0
40985,2700.0
40986,2900.0
40987,2400.0
40988,3900.0
40989,2600.0
40990,2200.0
40991,2400.0
40992,5100.0
40993,3600.0
40994,3600.0
40995,2300.0
40996,1800.0
40997,3100.0
40998,3700.0
40999,2000.0
41000,3900.0
41001,5800.0
41002,3400.0
41003,3600.0
41004,4400.0
41005,4400.0
41006,3400.0
41007,3200.0
41008,1800.0
41009,2300.0
41010,2600.0
41011,2300.0
41012,3000.0
41013,3300.0
41014,4100.0
41015,1700.0
41016,4300.0
41017,3800.0
41018,4400.0
41019,4800.0
41020,3700.0
41021,3800.0
41022,1500.0
41023,2800.0
41024,2600.0
41025,4100.0
41026,3900.0
41027,1700.0
41028,4300.0
41029,2000.0
41030,3100.0
41031,1600.0
41032,4100.0
41033,4600.0
41034,2500.0
41035,1200.0
41036,2400.0
41037,2700.0
41038,2800.0
41039,3600.0
41040,2700.0
41041,1400.0
41042,2700.0
41043,4800.0
41044,4400.0
41045,4700.0
41046,2700.0
41047,4100.0
41048,1700.0
41049,3300.0
41050,2000.0
41051,1800.0
41052,1900.0
41053,1300.0
41054,2500.0
41055,4600.0
41056,3000.0
41057,1700.0
41058,4500.0
41059,3300.0
41060,3200.0
41061,2500.0
41062,1800.0
41063,3700.0
41064,1600.0
41065,4400.0
41066,2400.0
41067,800.0
41068,3800.0
41069,5600.0
41070,3700.0
41071,3200.0
41072,2000.0
41073,3100.0
41074,3600.0
41075,3300.0
41076,5400.0
41077,2600.0
41078,2100.0
41079,2700.0
41080,4200.0
41081,3900.0
41082,1800.0
41083,1700.0
41084,5000.0
41085,3600.0
41086,4500.0
41087,4000.0
41088,3700.0
41089,2300.0
41090,3400.0
41091,4700.0
41092,2700.0
41093,2900.0
41094,2000.0
41095,2800.0
41096,4800.0
41097,3800.0
41098,3600.0
41099,2500.0
41100,5100.0
41101,1500.0
41102,3000.0
41103,4200.0
41104,4200.0
41105,1700.0
41106,4400.0
41107,3000.0
41108,1900.0
41109,3100.0
41110,3400.0
41111,3400.0
41112,3700.0
41113,2900.0
41114,2000.0
41115,2600.0
41116,1600.0
41117,4500.0
41118,2200.0
41119,4200.0
41120,2900.0
41121,3700.0
41122,2500.0
41123,4000.0
41124,2500.0
41125,4900.0
41126,2900.0
41127,2200.0
41128,3800.0
41129,4900.0
41130,2200.0
41131,3000.0
41132,4600.0
41133,4300.0
41134,4800.0
41135,2100.0
41136,1200.0
41137,2200.0
41138,3000.0
41139,5400.0
41140,1400.0
41141,3200.0
41142,1200.0
41143,3400.0
41144,4700.0
41145,2800.0
41146,3800.0
41147,2300.0
41148,3200.0
41149,1600.0
41150,3900.0
41151,4200.0
41152,2500.0
41153,3200.0
41154,2900.0
41155,3900.0
41156,1600.0
41157,2800.0
41158,4400.0
41159,6000.0
41160,4500.0
41161,4300.0
41162,3100.0
41163,3600.0
41164,4600.0
41165,3700.0
41166,1700.0
41167,2700.0
41168,4000.0
41169,3000.0
41170,3000.0
41171,5000.0
41172,1600.0
41173,4100.0
41174,2700.0
41175,3700.0
41176,3400.0
41177,2600.0
41178,6500.0
41179,3100.0
41180,1500.0
41181,5300.0
41182,4700.0
41183,1900.0
41184,2000.0
41185,2300.0
41186,1400.0
41187,5500.0
41188,2600.0
41189,5100.0
41190,3000.0
41191,2900.0
41192,2600.0
41193,3100.0
41194,2400.0
41195,5500.0
41196,3700.0
41197,2400.0
41198,6900.0
41199,5000.0
41200,1500.0
41201,4000.0
41202,3300.0
41203,1300.0
41204,5500.0
41205,3600.0
41206,3100.0
41207,1800.0
41208,5600.0
41209,4500.0
41210,1800.0
41211,3800.0
41212,1800.0
41213,3600.0
41214,2400.0
41215,3600.0
41216,2100.0
41217,2800.0
41218,5600.0
41219,3700.0
41220,4200.0
41221,1600.0
41222,4600.0
41223,2700.0
41224,3500.0
41225,1700.0
41226,4200.0
41227,2000.0
41228,3200.0
41229,4700.0
41230,2800.0
41231,3100.0
41232,2900.0
41233,3500.0
41234,1900.0
41235,2200.0
41236,1800.0
41237,2600.0
41238,2400.0
41239,4000.0
41240,2700.0
41241,4600.0
41242,3300.0
41243,3900.0
41244,3500.0
41245,4900.0
41246,5100.0
41247,2300.0
41248,1900.0
41249,2600.0
41250,2100.0
41251,2000.0
41252,2500.0
41253,3000.0
41254,4600.0
41255,2600.0
41256,600.0
41257,2500.0
41258,2600.0
41259,4300.0
41260,1300.0
41261,2400.0
41262,1600.0
41263,2200.0
41264,4100.0
41265,2800.0
41266,1300.0
41267,2300.0
41268,3500.0
41269,4100.0
41270,2900.0
41271,4300.0
41272,4600.0
41273,3100.0
41274,4200.0
41275,2700.0
41276,4100.0
41277,1900.0
41278,4100.0
41279,4300.0
41280,2100.0
41281,1800.0
41282,1900.0
41283,2700.0
41284,2600.0
41285,1800.0
41286,4600.0
41287,3400.0
41288,1400.0
41289,3800.0
41290,5700.0
41291,4900.0
41292,4800.0
41293,3000.0
41294,2700.0
41295,2600.0
41296,3100.0
41297,2800.0
41298,2700.0
41299,4100.0
41300,3200.0
41301,3600.0
41302,2500.0
41303,4300.0
41304,3000.0
41305,1900.0
41306,2600.0
41307,3900.0
41308,3800.0
41309,2300.0
41310,2500.0
41311,2200.0
41312,1800.0
41313,2200.0
41314,2400.0
41315,2100.0
41316,2400.0
41317,6100.0
41318,4500.0
41319,4900.0
41320,1900.0
41321,3100.0
41322,2200.0
41323,3300.0
41324,1500.0
41325,2800.0
41326,4800.0
41327,2200.0
41328,3400.0
41329,3600.0
41330,3600.0
41331,2200.0
41332,2700.0
41333,3700.0
41334,3200.0
41335,1900.0
41336,3700.0
41337,2600.0
41338,3900.0
41339,3400.0
41340,2400.0
41341,4900.0
41342,5700.0
41343,2200.0
41344,6200.0
41345,3000.0
41346,3200.0
41347,1800.0
41348,1700.0
41349,3300.0
41350,4200.0
41351,4400.0
41352,1900.0
41353,2800.0
41354,4400.0
41355,3500.0
41356,2000.0
41357,3800.0
41358,3100.0
41359,1800.0
41360,2400.0
41361,3700.0
41362,4800.0
41363,4000.0
41364,2600.0
41365,2500.0
41366,3900.0
41367,2700.0
41368,3400.0
41369,1900.0
41370,1000.0
41371,2500.0
41372,3100.0
41373,5100.0
41374,1900.0
41375,3500.0
41376,2000.0
41377,5000.0
41378,2900.0
41379,3800.0
41380,2600.0
41381,2300.0
41382,2000.0
41383,4300.0
41384,2400.0
41385,2000.0
41386,2800.0
41387,2700.0
41388,1800.0
41389,2200.0
41390,3100.0
41391,2600.0
41392,2700.0
41393,4300.0
41394,1100.0
41395,3200.0
41396,3800.0
41397,3200.0
41398,2800.0
41399,3400.0
41400,3100.0
41401,1900.0
41402,3100.0
41403,5000.0
41404,3600.0
41405,3100.0
41406,2700.0
41407,1500.0
41408,3700.0
41409,2200.0
41410,3000.0
41411,2000.0
41412,2100.0
41413,4200.0
41414,2100.0
41415,1900.0
41416,3700.0
41417,3800.0
41418,3900.0
41419,1600.0
41420,4900.0
41421,5200.0
41422,5200.0
41423,2900.0
41424,2000.0
41425,2700.0
41426,2200.0
41427,4700.0
41428,1700.0
41429,2900.0
41430,1500.0
41431,5800.0
41432,4500.0
41433,4200.0
41434,2000.0
41435,2400.0
41436,4800.0
41437,2700.0
41438,2900.0
41439,4600.0
41440,4200.0
41441,4100.0
41442,4800.0
41443,1600.0
41444,2200.0
41445,4900.0
41446,2000.0
41447,3700.0
41448,3600.0
41449,6400.0
41450,1700.0
41451,4600.0
41452,4400.0
41453,1700.0
41454,3400.0
41455,2900.0
41456,3800.0
41457,2100.0
41458,2500.0
41459,4400.0
41460,5000.0
41461,2300.0
41462,4300.0
41463,4700.0
41464,2100.0
41465,4000.0
41466,5600.0
41467,2000.0
41468,4000.0
41469,2600.0
41470,1800.0
41471,4600.0
41472,2000.0
41473,1600.0
41474,3400.0
41475,4000.0
41476,2600.0
41477,5400.0
41478,2400.0
41479,2600.0
41480,2400.0
41481,4100.0
41482,3000.0
41483,2200.0
41484,1200.0
41485,1700.0
41486,1700.0
41487,2600.0
41488,4000.0
41489,3000.0
41490,3200.0
41491,3500.0
41492,2600.0
41493,2000.0
41494,2600.0
41495,3500.0
41496,3000.0
41497,1900.0
41498,4200.0
41499,3000.0
41500,4200.0
41501,1800.0
41502,2200.0
41503,1700.0
41504,4700.0
41505,2800.0
41506,4600.0
41507,2800.0
41508,3200.0
41509,2200.0
41510,3000.0
41511,3200.0
41512,2800.0
41513,3000.0
41514,2400.0
41515,6500.0
41516,3000.0
41517,2300.0
41518,1400.0
41519,2200.0
41520,2100.0
41521,3400.0
41522,4100.0
41523,4500.0
41524,4800.0
41525,2800.0
41526,2100.0
41527,5400.0
41528,2800.0
41529,4700.0
41530,2100.0
41531,2200.0
41532,3000.0
41533,2800.0
41534,4000.0
41535,4300.0
41536,3900.0
41537,1800.0
41538,4000.0
41539,4100.0
41540,900.0
41541,3600.0
41542,3500.0
41543,2800.0
41544,4300.0
41545,2700.0
41546,2400.0
41547,3700.0
41548,5200.0
41549,1800.0
41550,4500.0
41551,4000.0
41552,3400.0
41553,2000.0
41554,2700.0
41555,3100.0
41556,700.0
41557,2500.0
41558,4100.0
41559,5600.0
41560,2100.0
41561,1600.0
41562,2200.0
41563,4400.0
41564,2000.0
41565,2500.0
41566,2800.0
41567,4800.0
41568,2900.0
41569,2800.0
41570,2100.0
41571,2800.0
41572,1700.0
41573,4600.0
41574,4100.0
41575,2000.0
41576,1700.0
41577,3100.0
41578,3400.0
41579,4200.0
41580,4300.0
41581,3400.0
41582,2300.0
41583,3400.0
41584,2000.0
41585,4300.0
41586,1900.0
41587,4000.0
41588,2900.0
41589,2600.0
41590,2200.0
41591,4300.0
41592,3800.0
41593,4800.0
41594,3100.0
41595,1800.0
41596,4600.0
41597,4200.0
41598,3300.0
41599,2400.0
41600,2200.0
41601,1900.0
41602,3100.0
41603,4000.0
41604,4700.0
41605,4200.0
41606,2800.0
41607,5900.0
41608,4000.0
41609,5400.0
41610,1600.0
41611,1900.0
41612,2400.0
41613,4100.0
41614,4400.0
41615,2600.0
41616,3300.0
41617,3800.0
41618,2100.0
41619,1200.0
41620,5300.0
41621,1700.0
41622,3100.0
41623,2000.0
41624,2000.0
41625,3800.0
41626,6600.0
41627,4200.0
41628,3200.0
41629,2400.0
41630,3400.0
41631,3100.0
41632,3100.0
41633,2900.0
41634,4200.0
41635,3100.0
41636,2900.0
41637,5200.0
41638,900.0
41639,1900.0
41640,5700.0
41641,2300.0
41642,1500.0
41643,4700.0
41644,3300.0
41645,1600.0
41646,2000.0
41647,2600.0
41648,2400.0
41649,3600.0
41650,1800.0
41651,2200.0
41652,3100.0
41653,4800.0
41654,2600.0
41655,2800.0
41656,1900.0
41657,3100.0
41658,3900.0
41659,2100.0
41660,3300.0
41661,1900.0
41662,2400.0
41663,2800.0
41664,2300.0
41665,1600.0
41666,2900.0
41667,1800.0
41668,1500.0
41669,4100.0
41670,2900.0
41671,3500.0
41672,2900.0
41673,4100.0
41674,2200.0
41675,2100.0
41676,2300.0
41677,4600.0
41678,2800.0
41679,3900.0
41680,2500.0
41681,5600.0
41682,1800.0
41683,2300.0
41684,4000.0
41685,2900.0
41686,4100.0
41687,3800.0
41688,3900.0
41689,2800.0
41690,3800.0
41691,1900.0
41692,3200.0
41693,2900.0
41694,3400.0
41695,4800.0
41696,1900.0
41697,4100.0
41698,1400.0
41699,6000.0
41700,4800.0
41701,2100.0
41702,4800.0
41703,4600.0
41704,4400.0
41705,2900.0
41706,2700.0
41707,1900.0
41708,2400.0
41709,4200.0
41710,3100.0
41711,1700.0
41712,2200.0
41713,2600.0
41714,2700.0
41715,3000.0
41716,2900.0
41717,2200.0
41718,1600.0
41719,1000.0
41720,2400.0
41721,2200.0
41722,1900.0
41723,2500.0
41724,2400.0
41725,2500.0
41726,2900.0
41727,1600.0
41728,3600.0
41729,2100.0
41730,4100.0
41731,2600.0
41732,2300.0
41733,1900.0
41734,1700.0
41735,4000.0
41736,4200.0
41737,2900.0
41738,1900.0
41739,3200.0
41740,4200.0
41741,2400.0
41742,4300.0
41743,2500.0
41744,2000.0
41745,3300.0
41746,3700.0
41747,2800.0
41748,2700.0
41749,4600.0
41750,2800.0
41751,1800.0
41752,4200.0
41753,3200.0
41754,2000.0
41755,3900.0
41756,1600.0
41757,3000.0
41758,2400.0
41759,3900.0
41760,3700.0
41761,4700.0
41762,3400.0
41763,2000.0
41764,3400.0
41765,3000.0
41766,3400.0
41767,3500.0
41768,3700.0
41769,3600.0
41770,2100.0
41771,5800.0
41772,2700.0
41773,4300.0
41774,3600.0
41775,4600.0
41776,5600.0
41777,6100.0
41778,1100.0
41779,6400.0
41780,4600.0
41781,3700.0
41782,3200.0
41783,2600.0
41784,3200.0
41785,3300.0
41786,4400.0
41787,1600.0
41788,4600.0
41789,4000.0
41790,2500.0
41791,4500.0
41792,5200.0
41793,4500.0
41794,3400.0
41795,4500.0
41796,3600.0
41797,3700.0
41798,2800.0
41799,500.0
41800,4600.0
41801,4100.0
41802,3200.0
41803,2300.0
41804,1900.0
41805,1500.0
41806,3800.0
41807,4700.0
41808,4600.0
41809,4400.0
41810,1400.0
41811,3700.0
41812,2800.0
41813,3000.0
41814,2200.0
41815,1800.0
41816,4200.0
41817,3700.0
41818,1700.0
41819,5000.0
41820,4200.0
41821,2600.0
41822,4200.0
41823,1700.0
41824,3600.0
41825,2800.0
41826,3500.0
41827,3300.0
41828,4200.0
41829,3900.0
41830,3300.0
41831,4300.0
41832,3500.0
41833,3000.0
41834,2100.0
41835,3000.0
41836,3500.0
41837,1600.0
41838,2600.0
41839,3200.0
41840,4200.0
41841,2800.0
41842,4000.0
41843,4400.0
41844,3800.0
41845,4000.0
41846,5900.0
41847,2400.0
41848,3500.0
41849,1300.0
41850,4400.0
41851,6300.0
41852,1900.0
41853,3000.0
41854,2400.0
41855,1900.0
41856,3100.0
41857,2400.0
41858,2100.0
41859,2200.0
41860,1900.0
41861,2300.0
41862,4500.0
41863,4300.0
41864,2200.0
41865,1600.0
41866,3800.0
41867,3700.0
41868,3400.0
41869,4400.0
41870,3300.0
41871,1700.0
41872,4500.0
41873,3100.0
41874,3600.0
41875,5000.0
41876,3700.0
41877,4100.0
41878,3700.0
41879,3500.0
41880,1900.0
41881,1900.0
41882,3800.0
41883,4500.0
41884,5300.0
41885,3900.0
41886,2800.0
41887,6000.0
41888,2900.0
41889,2000.0
41890,2000.0
41891,5700.0
41892,4500.0
41893,2300.0
41894,3100.0
41895,2900.0
41896,2800.0
41897,2500.0
41898,2300.0
41899,3100.0
41900,2900.0
41901,4200.0
41902,3700.0
41903,3000.0
41904,2700.0
41905,2800.0
41906,3200.0
41907,3300.0
41908,3300.0
41909,1300.0
41910,4400.0
41911,4000.0
41912,3800.0
41913,3700.0
41914,4100.0
41915,1900.0
41916,2100.0
41917,4300.0
41918,3100.0
41919,3500.0
41920,1800.0
41921,3500.0
41922,4600.0
41923,4000.0
41924,4100.0
41925,1800.0
41926,3900.0
41927,2800.0
41928,3300.0
41929,2000.0
41930,2200.0
41931,4500.0
41932,4400.0
41933,3300.0
41934,2600.0
41935,2200.0
41936,4600.0
41937,1900.0
41938,3600.0
41939,3000.0
41940,2500.0
41941,3200.0
41942,4800.0
41943,1600.0
41944,2400.0
41945,3800.0
41946,4200.0
41947,7400.0
41948,5000.0
41949,4000.0
41950,2100.0
41951,3000.0
41952,2100.0
41953,4500.0
41954,1900.0
41955,1900.0
41956,2700.0
41957,2700.0
41958,1800.0
41959,2200.0
41960,2400.0
41961,4300.0
41962,2800.0
41963,4200.0
41964,2500.0
41965,2000.0
41966,3500.0
41967,1900.0
41968,1900.0
41969,3100.0
41970,2000.0
41971,1900.0
41972,3600.0
41973,3300.0
41974,5200.0
41975,2500.0
41976,6100.0
41977,3400.0
41978,1400.0
41979,2100.0
41980,4100.0
41981,1900.0
41982,3800.0
41983,1900.0
41984,2200.0
41985,2600.0
41986,1300.0
41987,3300.0
41988,3800.0
41989,3100.0
41990,2500.0
41991,3100.0
41992,3400.0
41993,3400.0
41994,2900.0
41995,3900.0
41996,4600.0
41997,2900.0
41998,3200.0
41999,3100.0
42000,2200.0
42001,4900.0
42002,4200.0
42003,1900.0
42004,2200.0
42005,2700.0
42006,4000.0
42007,5000.0
42008,2200.0
42009,1800.0
42010,2200.0
42011,1300.0
42012,3400.0
42013,1800.0
42014,3600.0
42015,3200.0
42016,2200.0
42017,2600.0
42018,3400.0
42019,4900.0
42020,2200.0
42021,1800.0
42022,2400.0
42023,2500.0
42024,3500.0
42025,5500.0
42026,3900.0
42027,2200.0
42028,1600.0
42029,3200.0
42030,1800.0
42031,4000.0
42032,3300.0
42033,2900.0
42034,3300.0
42035,3600.0
42036,3100.0
42037,1800.0
42038,3700.0
42039,3700.0
42040,1600.0
42041,3300.0
42042,3800.0
42043,4200.0
42044,4400.0
42045,2500.0
42046,4000.0
42047,4600.0
42048,2000.0
42049,1900.0
42050,4300.0
42051,2500.0
42052,2600.0
42053,3400.0
42054,2300.0
42055,3300.0
42056,1800.0
42057,2200.0
42058,3400.0
42059,2600.0
42060,3600.0
42061,5000.0
42062,2300.0
42063,4100.0
42064,4500.0
42065,3900.0
42066,1600.0
42067,4000.0
42068,3900.0
42069,3500.0
42070,4000.0
42071,3000.0
42072,2400.0
42073,1900.0
42074,3600.0
42075,3500.0
42076,2800.0
42077,4100.0
42078,2500.0
42079,2600.0
42080,3000.0
42081,3500.0
42082,3100.0
42083,3200.0
42084,2900.0
42085,4100.0
42086,3300.0
42087,2900.0
42088,3200.0
42089,2700.0
42090,5500.0
42091,2200.0
42092,5200.0
42093,2700.0
42094,2500.0
42095,3200.0
42096,2900.0
42097,2600.0
42098,3600.0
42099,6700.0
42100,5600.0
42101,4500.0
42102,3100.0
42103,6200.0
42104,4600.0
42105,2600.0
42106,4100.0
42107,3900.0
42108,3600.0
42109,3100.0
42110,3800.0
42111,2400.0
42112,2100.0
42113,2600.0
42114,3000.0
42115,2200.0
42116,3400.0
42117,3800.0
42118,2400.0
42119,2800.0
42120,3600.0
42121,4200.0
42122,2800.0
42123,5200.0
42124,4600.0
42125,2400.0
42126,5000.0
42127,3700.0
42128,4600.0
42129,3200.0
42130,2800.0
42131,2800.0
42132,4400.0
42133,4700.0
42134,2800.0
42135,3700.0
42136,5300.0
42137,3400.0
42138,2900.0
42139,3900.0
42140,2100.0
42141,1700.0
42142,2000.0
42143,2500.0
42144,4100.0
42145,4600.0
42146,3000.0
42147,2000.0
42148,6000.0
42149,3400.0
42150,2200.0
42151,4600.0
42152,3600.0
42153,3400.0
42154,3900.0
42155,3200.0
42156,3400.0
42157,3300.0
42158,1900.0
42159,2300.0
42160,4400.0
42161,3800.0
42162,4400.0
42163,6800.0
42164,4800.0
42165,3800.0
42166,2400.0
42167,1700.0
42168,2400.0
42169,2400.0
42170,4300.0
42171,2000.0
42172,1800.0
42173,5200.0
42174,2400.0
42175,3600.0
42176,4900.0
42177,4300.0
42178,1600.0
42179,3200.0
42180,3600.0
42181,2800.0
42182,2300.0
42183,2000.0
42184,3000.0
42185,3900.0
42186,2700.0
42187,2900.0
42188,2600.0
42189,3400.0
42190,2200.0
42191,1700.0
42192,2700.0
42193,2300.0
42194,3400.0
42195,4400.0
42196,2200.0
42197,2700.0
42198,4200.0
42199,3400.0
42200,4800.0
42201,4300.0
42202,2300.0
42203,1200.0
42204,3900.0
42205,1900.0
42206,2100.0
42207,4300.0
42208,5300.0
42209,4000.0
42210,5700.0
42211,2500.0
42212,1800.0
42213,1900.0
42214,2200.0
42215,3300.0
42216,2700.0
42217,2000.0
42218,2900.0
42219,4700.0
42220,1900.0
42221,2000.0
42222,2300.0
42223,4200.0
42224,2300.0
42225,2900.0
42226,4900.0
42227,2900.0
42228,1900.0
42229,3200.0
42230,4000.0
42231,3800.0
42232,3700.0
42233,3200.0
42234,5600.0
42235,2400.0
42236,2800.0
42237,3400.0
42238,5200.0
42239,2500.0
42240,2900.0
42241,3700.0
42242,2000.0
42243,4200.0
42244,3200.0
42245,3000.0
42246,4500.0
42247,1700.0
42248,4100.0
42249,2800.0
42250,3700.0
42251,4200.0
42252,2300.0
42253,3000.0
42254,2600.0
42255,4000.0
42256,2500.0
42257,3400.0
42258,3800.0
42259,4800.0
42260,4500.0
42261,6400.0
42262,3700.0
42263,5100.0
42264,2800.0
42265,4400.0
42266,2900.0
42267,3600.0
42268,3900.0
42269,3300.0
42270,4900.0
42271,3200.0
42272,4000.0
42273,2700.0
42274,1700.0
42275,2300.0
42276,4500.0
42277,2700.0
42278,2900.0
42279,2600.0
42280,2200.0
42281,2100.0
42282,2400.0
42283,3100.0
42284,4100.0
42285,2200.0
42286,4600.0
42287,3300.0
42288,2100.0
42289,4600.0
42290,2200.0
42291,4800.0
42292,2900.0
42293,4100.0
42294,5600.0
42295,4700.0
42296,1800.0
42297,1500.0
42298,2900.0
42299,4500.0
42300,3300.0
42301,4100.0
42302,3900.0
42303,3700.0
42304,4500.0
42305,1900.0
42306,4600.0
42307,3600.0
42308,2800.0
42309,4700.0
42310,3500.0
42311,4100.0
42312,2800.0
42313,3100.0
42314,4100.0
42315,2800.0
42316,1700.0
42317,4800.0
42318,4500.0
42319,2100.0
42320,2500.0
42321,3000.0
42322,1700.0
42323,4300.0
42324,2500.0
42325,5600.0
42326,1700.0
42327,5200.0
42328,3500.0
42329,2500.0
42330,3600.0
42331,3400.0
42332,2700.0
42333,2000.0
42334,2000.0
42335,1500.0
42336,2200.0
42337,2900.0
42338,4000.0
42339,3100.0
42340,3900.0
42341,4500.0
42342,3500.0
42343,1700.0
42344,3100.0
42345,2400.0
42346,4100.0
42347,3200.0
42348,2500.0
42349,1800.0
42350,2300.0
42351,3000.0
42352,2700.0
42353,2200.0
42354,2600.0
42355,2400.0
42356,1900.0
42357,2100.0
42358,2200.0
42359,2200.0
42360,3200.0
42361,3300.0
42362,3600.0
42363,3700.0
42364,1800.0
42365,2500.0
42366,4100.0
42367,4300.0
42368,3600.0
42369,4800.0
42370,1800.0
42371,2600.0
42372,3400.0
42373,4200.0
42374,1300.0
42375,1600.0
42376,3500.0
42377,2300.0
42378,4900.0
42379,1000.0
42380,2600.0
42381,3600.0
42382,2900.0
42383,3300.0
42384,3600.0
42385,2800.0
42386,3600.0
42387,800.0
42388,2800.0
42389,3400.0
42390,2500.0
42391,3100.0
42392,6400.0
42393,2700.0
42394,5400.0
42395,3700.0
42396,1600.0
42397,3500.0
42398,2500.0
42399,3300.0
42400,4500.0
42401,1900.0
42402,4900.0
42403,2900.0
42404,2100.0
42405,2600.0
42406,2200.0
42407,1400.0
42408,3000.0
42409,4700.0
42410,2300.0
42411,2800.0
42412,4400.0
42413,2000.0
42414,2800.0
42415,2700.0
42416,2900.0
42417,3800.0
42418,4200.0
42419,1900.0
42420,2200.0
42421,2200.0
42422,2800.0
42423,5100.0
42424,3800.0
42425,2600.0
42426,2700.0
42427,4400.0
42428,3100.0
42429,3600.0
42430,2000.0
42431,3500.0
42432,2700.0
42433,4200.0
42434,3700.0
42435,4800.0
42436,4700.0
42437,2200.0
42438,4400.0
42439,1700.0
42440,2400.0
42441,4600.0
42442,1800.0
42443,3200.0
42444,4000.0
42445,4400.0
42446,3900.0
42447,5400.0
42448,3600.0
42449,3100.0
42450,3600.0
42451,3200.0
42452,2500.0
42453,2100.0
42454,2800.0
42455,5100.0
42456,4600.0
42457,3100.0
42458,3600.0
42459,4800.0
42460,4200.0
42461,3000.0
42462,3900.0
42463,5300.0
42464,4400.0
42465,3800.0
42466,2900.0
42467,2600.0
42468,2400.0
42469,1300.0
42470,2300.0
42471,2200.0
42472,3100.0
42473,1900.0
42474,3200.0
42475,2200.0
42476,3100.0
42477,3900.0
42478,1900.0
42479,2400.0
42480,2900.0
42481,4400.0
42482,3200.0
42483,2100.0
42484,4500.0
42485,4400.0
42486,3100.0
42487,3000.0
42488,1400.0
42489,4400.0
42490,3700.0
42491,1100.0
42492,4600.0
42493,1800.0
42494,3200.0
42495,4800.0
42496,3900.0
42497,2600.0
42498,3800.0
42499,3100.0
42500,2600.0
42501,5500.0
42502,3500.0
42503,1700.0
42504,5000.0
42505,2800.0
42506,3600.0
42507,3000.0
42508,3900.0
42509,4100.0
42510,4200.0
42511,5000.0
42512,4700.0
42513,2100.0
42514,4500.0
42515,1900.0
42516,2900.0
42517,4300.0
42518,2000.0
42519,1300.0
42520,3500.0
42521,2700.0
42522,5000.0
42523,2900.0
42524,2600.0
42525,1900.0
42526,4700.0
42527,4100.0
42528,4400.0
42529,2600.0
42530,3400.0
42531,3900.0
42532,5000.0
42533,900.0
42534,5300.0
42535,3000.0
42536,2600.0
42537,500.0
42538,3100.0
42539,4900.0
42540,3200.0
42541,4400.0
42542,3900.0
42543,2300.0
42544,3900.0
42545,2700.0
42546,2800.0
42547,2600.0
42548,2700.0
42549,3500.0
42550,3200.0
42551,4900.0
42552,5700.0
42553,4600.0
42554,6700.0
42555,2800.0
42556,2500.0
42557,3200.0
42558,1800.0
42559,3400.0
42560,2800.0
42561,3800.0
42562,2900.0
42563,4200.0
42564,1600.0
42565,2900.0
42566,4000.0
42567,3200.0
42568,3500.0
42569,3900.0
42570,2700.0
42571,2300.0
42572,3700.0
42573,3400.0
42574,2400.0
42575,3100.0
42576,6100.0
42577,2600.0
42578,4200.0
42579,4000.0
42580,2100.0
42581,3100.0
42582,1900.0
42583,2200.0
42584,2000.0
42585,2200.0
42586,5000.0
42587,2900.0
42588,5000.0
42589,3500.0
42590,2300.0
42591,2200.0
42592,3000.0
42593,3600.0
42594,1900.0
42595,2400.0
42596,1600.0
42597,1600.0
42598,1900.0
42599,3800.0
42600,3000.0
42601,1300.0
42602,4400.0
42603,3500.0
42604,2500.0
42605,1500.0
42606,2800.0
42607,4200.0
42608,4600.0
42609,2100.0
42610,1800.0
42611,2300.0
42612,3400.0
42613,3200.0
42614,1400.0
42615,900.0
42616,4300.0
42617,3000.0
42618,3000.0
42619,1900.0
42620,2300.0
42621,3600.0
42622,2500.0
42623,1800.0
42624,2100.0
42625,4900.0
42626,3800.0
42627,3000.0
42628,3200.0
42629,3700.0
42630,1600.0
42631,2700.0
42632,2800.0
42633,3700.0
42634,2400.0
42635,2900.0
42636,2000.0
42637,4200.0
42638,1700.0
42639,4000.0
42640,1500.0
42641,2600.0
42642,4900.0
42643,2700.0
42644,3600.0
42645,2700.0
42646,2500.0
42647,4400.0
42648,2300.0
42649,3100.0
42650,2100.0
42651,3600.0
42652,2700.0
42653,4100.0
42654,2800.0
42655,4100.0
42656,1400.0
42657,3200.0
42658,4300.0
42659,2900.0
42660,2200.0
42661,3700.0
42662,3100.0
42663,3000.0
42664,3300.0
42665,1400.0
42666,2700.0
42667,4800.0
42668,3000.0
42669,4000.0
42670,4700.0
42671,3000.0
42672,2800.0
42673,1700.0
42674,1500.0
42675,4500.0
42676,3300.0
42677,3600.0
42678,4700.0
42679,600.0
42680,2500.0
42681,1800.0
42682,4700.0
42683,3800.0
42684,4000.0
42685,3900.0
42686,1800.0
42687,3700.0
42688,2500.0
42689,2900.0
42690,3200.0
42691,2300.0
42692,3100.0
42693,2700.0
42694,2300.0
42695,1800.0
42696,2200.0
42697,2000.0
42698,2100.0
42699,3600.0
42700,1800.0
42701,1800.0
42702,2400.0
42703,3600.0
42704,3200.0
42705,4400.0
42706,2200.0
42707,1400.0
42708,2200.0
42709,4800.0
42710,4800.0
42711,2700.0
42712,2700.0
42713,3100.0
42714,3000.0
42715,4400.0
42716,1800.0
42717,2300.0
42718,4200.0
42719,3600.0
42720,3400.0
42721,2000.0
42722,3900.0
42723,2300.0
42724,3100.0
42725,3300.0
42726,3000.0
42727,2000.0
42728,3800.0
42729,2500.0
42730,2800.0
42731,6800.0
42732,3300.0
42733,1700.0
42734,4400.0
42735,2900.0
42736,2400.0
42737,3800.0
42738,1800.0
42739,3800.0
42740,5000.0
42741,2900.0
42742,2200.0
42743,2300.0
42744,1900.0
42745,5200.0
42746,2500.0
42747,1900.0
42748,3500.0
42749,2300.0
42750,1800.0
42751,1900.0
42752,1900.0
42753,2300.0
42754,4300.0
42755,1700.0
42756,3400.0
42757,3000.0
42758,2100.0
42759,1900.0
42760,5700.0
42761,3900.0
42762,4000.0
42763,3000.0
42764,4700.0
42765,2000.0
42766,3100.0
42767,4500.0
42768,1600.0
42769,2500.0
42770,2600.0
42771,1500.0
42772,5500.0
42773,3500.0
42774,3500.0
42775,6600.0
42776,2100.0
42777,2100.0
42778,4100.0
42779,3600.0
42780,1900.0
42781,4200.0
42782,2000.0
42783,1800.0
42784,4800.0
42785,2400.0
42786,4000.0
42787,2100.0
42788,3800.0
42789,2500.0
42790,4000.0
42791,3100.0
42792,1800.0
42793,3300.0
42794,4100.0
42795,1100.0
42796,2100.0
42797,1600.0
42798,2400.0
42799,1800.0
42800,1800.0
42801,1400.0
42802,6600.0
42803,2100.0
42804,2200.0
42805,2700.0
42806,2400.0
42807,2400.0
42808,4200.0
42809,4000.0
42810,1700.0
42811,1400.0
42812,1800.0
42813,4900.0
42814,3300.0
42815,3000.0
42816,4500.0
42817,5100.0
42818,4800.0
42819,1800.0
42820,2300.0
42821,2300.0
42822,2300.0
42823,2800.0
42824,2300.0
42825,1800.0
42826,3300.0
42827,1700.0
42828,4900.0
42829,3800.0
42830,2900.0
42831,2700.0
42832,2200.0
42833,2900.0
42834,6300.0
42835,2500.0
42836,2300.0
42837,2700.0
42838,2700.0
42839,1900.0
42840,2800.0
42841,2100.0
42842,3500.0
42843,2800.0
42844,6200.0
42845,2200.0
42846,4800.0
42847,4200.0
42848,5000.0
42849,4500.0
42850,2300.0
42851,3400.0
42852,1900.0
42853,3900.0
42854,1300.0
42855,1900.0
42856,3200.0
42857,3300.0
42858,3200.0
42859,4800.0
42860,3800.0
42861,4700.0
42862,3700.0
42863,3700.0
42864,4900.0
42865,4300.0
42866,2500.0
42867,5700.0
42868,1400.0
42869,1800.0
42870,2600.0
42871,3800.0
42872,4000.0
42873,4300.0
42874,3900.0
42875,3400.0
42876,1900.0
42877,3500.0
42878,2400.0
42879,2200.0
42880,1800.0
42881,4900.0
42882,4800.0
42883,1600.0
42884,3300.0
42885,3000.0
42886,3900.0
42887,4000.0
42888,4700.0
42889,2500.0
42890,2000.0
42891,4200.0
42892,2400.0
42893,3800.0
42894,3200.0
42895,2000.0
42896,2200.0
42897,4700.0
42898,3600.0
42899,3400.0
42900,2000.0
42901,4000.0
42902,3500.0
42903,1600.0
42904,3100.0
42905,3700.0
42906,4500.0
42907,3300.0
42908,2500.0
42909,5300.0
42910,2500.0
42911,4000.0
42912,4000.0
42913,5500.0
42914,1800.0
42915,1600.0
42916,4000.0
42917,1800.0
42918,2000.0
42919,3600.0
42920,4600.0
42921,1600.0
42922,3200.0
42923,4100.0
42924,2700.0
42925,2200.0
42926,4200.0
42927,3200.0
42928,4900.0
42929,2700.0
42930,5700.0
42931,3300.0
42932,1800.0
42933,2700.0
42934,3500.0
42935,4400.0
42936,2500.0
42937,2000.0
42938,4500.0
42939,4500.0
42940,2300.0
42941,2100.0
42942,2500.0
42943,5500.0
42944,5300.0
42945,2200.0
42946,4100.0
42947,4000.0
42948,1200.0
42949,3800.0
42950,3200.0
42951,2900.0
42952,2200.0
42953,3400.0
42954,2300.0
42955,3300.0
42956,2200.0
42957,3900.0
42958,3800.0
42959,3800.0
42960,4000.0
42961,3400.0
42962,3000.0
42963,2600.0
42964,3000.0
42965,2100.0
42966,3000.0
42967,2800.0
42968,3200.0
42969,1300.0
42970,2300.0
42971,1800.0
42972,2500.0
42973,1800.0
42974,3900.0
42975,2400.0
42976,4100.0
42977,3100.0
42978,4800.0
42979,3600.0
42980,1900.0
42981,5600.0
42982,2100.0
42983,4200.0
42984,2600.0
42985,4000.0
42986,2400.0
42987,2100.0
42988,1100.0
42989,4200.0
42990,2200.0
42991,1600.0
42992,2800.0
42993,2400.0
42994,2200.0
42995,1700.0
42996,3700.0
42997,2500.0
42998,2300.0
42999,2100.0
43000,1500.0
43001,3500.0
43002,4900.0
43003,900.0
43004,1600.0
43005,900.0
43006,3200.0
43007,2200.0
43008,2600.0
43009,4800.0
43010,4000.0
43011,3600.0
43012,1700.0
43013,1800.0
43014,2900.0
43015,2400.0
43016,3000.0
43017,4900.0
43018,2000.0
43019,1300.0
43020,4000.0
43021,3200.0
43022,3800.0
43023,4400.0
43024,2800.0
43025,3600.0
43026,2600.0
43027,4800.0
43028,2500.0
43029,2500.0
43030,4600.0
43031,3000.0
43032,1100.0
43033,3900.0
43034,3900.0
43035,4200.0
43036,5000.0
43037,2000.0
43038,4100.0
43039,4400.0
43040,3200.0
43041,2100.0
43042,3100.0
43043,2300.0
43044,1000.0
43045,2000.0
43046,1600.0
43047,2800.0
43048,3800.0
43049,2400.0
43050,3500.0
43051,3600.0
43052,5200.0
43053,3100.0
43054,2500.0
43055,3100.0
43056,4100.0
43057,2300.0
43058,1300.0
43059,4200.0
43060,2900.0
43061,3400.0
43062,2900.0
43063,4800.0
43064,1400.0
43065,3800.0
43066,3600.0
43067,2500.0
43068,3100.0
43069,3200.0
43070,2000.0
43071,3100.0
43072,2800.0
43073,3100.0
43074,5200.0
43075,4000.0
43076,1200.0
43077,3200.0
43078,3800.0
43079,2900.0
43080,4900.0
43081,3500.0
43082,3600.0
43083,5700.0
43084,3100.0
43085,3500.0
43086,2100.0
43087,2800.0
43088,1800.0
43089,3300.0
43090,3800.0
43091,3800.0
43092,2300.0
43093,2700.0
43094,2200.0
43095,2400.0
43096,3000.0
43097,2800.0
43098,1500.0
43099,2400.0
43100,1800.0
43101,2000.0
43102,3400.0
43103,4000.0
43104,5200.0
43105,2900.0
43106,1900.0
43107,2100.0
43108,3900.0
43109,3700.0
43110,3200.0
43111,4100.0
43112,4700.0
43113,2000.0
43114,4100.0
43115,3800.0
43116,4600.0
43117,4300.0
43118,2000.0
43119,4600.0
43120,1200.0
43121,1400.0
43122,2000.0
43123,3700.0
43124,2200.0
43125,5100.0
43126,2000.0
43127,2700.0
43128,3100.0
43129,2700.0
43130,2700.0
43131,3700.0
43132,1600.0
43133,3800.0
43134,2600.0
43135,4400.0
43136,3800.0
43137,3700.0
43138,2100.0
43139,3000.0
43140,5000.0
43141,3800.0
43142,1600.0
43143,2600.0
43144,2200.0
43145,4100.0
43146,3900.0
43147,2600.0
43148,3700.0
43149,4400.0
43150,2700.0
43151,1800.0
43152,2200.0
43153,4400.0
43154,2700.0
43155,2300.0
43156,1900.0
43157,1400.0
43158,2400.0
43159,3600.0
43160,4000.0
43161,4200.0
43162,1800.0
43163,2100.0
43164,1900.0
43165,2200.0
43166,3500.0
43167,5600.0
43168,2700.0
43169,2600.0
43170,4100.0
43171,2300.0
43172,3300.0
43173,3500.0
43174,5200.0
43175,3800.0
43176,1900.0
43177,3100.0
43178,4400.0
43179,4000.0
43180,3800.0
43181,2800.0
43182,5100.0
43183,3800.0
43184,4200.0
43185,5600.0
43186,2100.0
43187,5300.0
43188,3200.0
43189,4800.0
43190,6000.0
43191,3600.0
43192,7600.0
43193,3300.0
43194,3500.0
43195,3100.0
43196,2000.0
43197,1700.0
43198,1900.0
43199,3500.0
43200,5200.0
43201,5600.0
43202,4600.0
43203,2500.0
43204,2900.0
43205,2900.0
43206,2800.0
43207,3700.0
43208,5000.0
43209,1300.0
43210,5500.0
43211,3000.0
43212,2900.0
43213,3800.0
43214,5400.0
43215,4200.0
43216,3600.0
43217,3000.0
43218,3000.0
43219,2300.0
43220,2000.0
43221,3700.0
43222,3200.0
43223,4300.0
43224,1900.0
43225,4400.0
43226,4200.0
43227,3700.0
43228,3200.0
43229,5000.0
43230,2000.0
43231,1900.0
43232,3800.0
43233,3800.0
43234,2100.0
43235,5000.0
43236,4000.0
43237,3200.0
43238,2700.0
43239,4600.0
43240,1600.0
43241,2000.0
43242,3100.0
43243,2600.0
43244,3800.0
43245,4700.0
43246,1900.0
43247,3000.0
43248,1900.0
43249,1200.0
43250,1700.0
43251,4300.0
43252,3900.0
43253,2500.0
43254,1800.0
43255,2500.0
43256,3200.0
43257,3800.0
43258,2800.0
43259,4000.0
43260,4700.0
43261,2400.0
43262,2200.0
43263,5200.0
43264,3500.0
43265,2900.0
43266,3200.0
43267,2700.0
43268,4000.0
43269,2300.0
43270,2800.0
43271,4000.0
43272,2800.0
43273,1900.0
43274,2100.0
43275,5800.0
43276,5700.0
43277,4000.0
43278,3100.0
43279,3300.0
43280,1600.0
43281,3600.0
43282,3800.0
43283,3900.0
43284,3600.0
43285,4400.0
43286,1400.0
43287,3300.0
43288,2500.0
43289,2100.0
43290,4900.0
43291,4100.0
43292,2100.0
43293,2400.0
43294,2200.0
43295,4100.0
43296,3900.0
43297,4500.0
43298,3400.0
43299,1900.0
43300,2100.0
43301,2400.0
43302,4100.0
43303,2900.0
43304,3200.0
43305,2900.0
43306,3800.0
43307,3000.0
43308,1900.0
43309,4000.0
43310,4400.0
43311,2800.0
43312,3200.0
43313,3400.0
43314,4500.0
43315,2200.0
43316,2700.0
43317,2000.0
43318,3700.0
43319,4100.0
43320,2500.0
43321,1800.0
43322,3600.0
43323,4700.0
43324,4000.0
43325,4200.0
43326,3400.0
43327,1400.0
43328,3900.0
43329,2400.0
43330,2500.0
43331,1900.0
43332,2000.0
43333,2500.0
43334,3300.0
43335,4100.0
43336,3400.0
43337,3500.0
43338,3700.0
43339,2400.0
43340,2200.0
43341,3300.0
43342,5000.0
43343,5000.0
43344,1800.0
43345,2600.0
43346,5000.0
43347,2900.0
43348,4000.0
43349,2400.0
43350,1900.0
43351,2100.0
43352,2500.0
43353,2800.0
43354,4500.0
43355,1300.0
43356,3200.0
43357,2100.0
43358,5300.0
43359,4100.0
43360,2300.0
43361,4500.0
43362,1300.0
43363,3400.0
43364,3300.0
43365,2500.0
43366,1800.0
43367,1900.0
43368,4600.0
43369,3400.0
43370,4600.0
43371,3300.0
43372,2100.0
43373,4200.0
43374,4800.0
43375,1800.0
43376,4500.0
43377,1600.0
43378,2800.0
43379,1800.0
43380,5700.0
43381,5000.0
43382,1500.0
43383,1600.0
43384,2500.0
43385,6600.0
43386,2100.0
43387,2400.0
43388,3300.0
43389,4300.0
43390,2200.0
43391,3300.0
43392,1900.0
43393,2700.0
43394,3000.0
43395,3800.0
43396,3800.0
43397,2600.0
43398,4400.0
43399,2300.0
43400,3100.0
43401,4700.0
43402,2300.0
43403,4000.0
43404,4600.0
43405,5500.0
43406,5500.0
43407,3800.0
43408,1700.0
43409,4500.0
43410,2400.0
43411,1800.0
43412,3800.0
43413,2600.0
43414,3200.0
43415,2400.0
43416,3800.0
43417,1600.0
43418,3400.0
43419,3600.0
43420,3800.0
43421,6300.0
43422,4900.0
43423,4400.0
43424,2500.0
43425,4100.0
43426,3300.0
43427,2400.0
43428,2800.0
43429,4200.0
43430,3500.0
43431,2700.0
43432,1800.0
43433,2300.0
43434,5200.0
43435,2600.0
43436,3500.0
43437,3400.0
43438,4400.0
43439,2100.0
43440,1800.0
43441,1400.0
43442,4000.0
43443,1600.0
43444,1900.0
43445,4000.0
43446,4200.0
43447,2100.0
43448,1600.0
43449,3200.0
43450,2000.0
43451,2400.0
43452,2500.0
43453,2600.0
43454,3300.0
43455,2300.0
43456,2300.0
43457,2300.0
43458,1900.0
43459,1600.0
43460,4700.0
43461,3200.0
43462,1900.0
43463,1900.0
43464,4500.0
43465,3000.0
43466,2900.0
43467,2300.0
43468,3500.0
43469,1700.0
43470,4600.0
43471,2600.0
43472,3200.0
43473,1300.0
43474,2400.0
43475,5200.0
43476,3700.0
43477,3100.0
43478,3500.0
43479,2600.0
43480,5200.0
43481,3800.0
43482,3700.0
43483,3300.0
43484,4800.0
43485,1500.0
43486,3100.0
43487,2400.0
43488,1500.0
43489,2200.0
43490,4000.0
43491,4000.0
43492,3200.0
43493,1700.0
43494,4600.0
43495,2700.0
43496,3800.0
43497,3600.0
43498,4600.0
43499,1700.0
43500,2400.0
43501,4200.0
43502,3600.0
43503,2600.0
43504,2900.0
43505,3900.0
43506,1900.0
43507,3200.0
43508,2700.0
43509,2700.0
43510,5000.0
43511,4000.0
43512,2100.0
43513,3600.0
43514,3800.0
43515,5000.0
43516,3400.0
43517,4200.0
43518,2600.0
43519,3600.0
43520,2000.0
43521,3800.0
43522,3700.0
43523,1700.0
43524,2800.0
43525,2800.0
43526,2700.0
43527,2400.0
43528,1500.0
43529,2100.0
43530,1800.0
43531,3400.0
43532,5000.0
43533,2400.0
43534,5900.0
43535,3800.0
43536,4300.0
43537,2800.0
43538,2900.0
43539,3900.0
43540,2600.0
43541,4700.0
43542,2600.0
43543,3600.0
43544,2700.0
43545,3800.0
43546,4300.0
43547,4400.0
43548,2400.0
43549,1700.0
43550,4800.0
43551,2200.0
43552,4200.0
43553,4400.0
43554,2200.0
43555,1700.0
43556,2600.0
43557,4600.0
43558,2900.0
43559,1900.0
43560,1600.0
43561,2300.0
43562,4300.0
43563,1400.0
43564,4600.0
43565,4200.0
43566,2100.0
43567,4400.0
43568,4200.0
43569,2400.0
43570,5000.0
43571,2800.0
43572,4000.0
43573,2700.0
43574,4600.0
43575,3700.0
43576,1400.0
43577,5700.0
43578,3200.0
43579,3600.0
43580,2300.0
43581,5000.0
43582,3900.0
43583,3800.0
43584,2000.0
43585,3200.0
43586,3900.0
43587,2100.0
43588,2600.0
43589,4200.0
43590,2400.0
43591,800.0
43592,2700.0
43593,2600.0
43594,2100.0
43595,2300.0
43596,5200.0
43597,2500.0
43598,2500.0
43599,1500.0
43600,2800.0
43601,3200.0
43602,1800.0
43603,1600.0
43604,2400.0
43605,3700.0
43606,3500.0
43607,5600.0
43608,2300.0
43609,3900.0
43610,3800.0
43611,6400.0
43612,2500.0
43613,2500.0
43614,4000.0
43615,3300.0
43616,2200.0
43617,4100.0
43618,3400.0
43619,3700.0
43620,4000.0
43621,1100.0
43622,5500.0
43623,1800.0
43624,2900.0
43625,1900.0
43626,2100.0
43627,3500.0
43628,4200.0
43629,4000.0
43630,5400.0
43631,3900.0
43632,3400.0
43633,2100.0
43634,4600.0
43635,2800.0
43636,5100.0
43637,4500.0
43638,4400.0
43639,4000.0
43640,2500.0
43641,3800.0
43642,4000.0
43643,1900.0
43644,5000.0
43645,1800.0
43646,3100.0
43647,2300.0
43648,3300.0
43649,5100.0
43650,4400.0
43651,3900.0
43652,3100.0
43653,1700.0
43654,2900.0
43655,2800.0
43656,3600.0
43657,4900.0
43658,4100.0
43659,2800.0
43660,4500.0
43661,1900.0
43662,2200.0
43663,2300.0
43664,1600.0
43665,1800.0
43666,1400.0
43667,2800.0
43668,2800.0
43669,4900.0
43670,5700.0
43671,3100.0
43672,4200.0
43673,4300.0
43674,3800.0
43675,1700.0
43676,2700.0
43677,3100.0
43678,2600.0
43679,1800.0
43680,7000.0
43681,2900.0
43682,2900.0
43683,3700.0
43684,5800.0
43685,3600.0
43686,4800.0
43687,5400.0
43688,2300.0
43689,1900.0
43690,2900.0
43691,5800.0
43692,3800.0
43693,3800.0
43694,1800.0
43695,4000.0
43696,2600.0
43697,6600.0
43698,3400.0
43699,2900.0
43700,3000.0
43701,3600.0
43702,4600.0
43703,3900.0
43704,2100.0
43705,3500.0
43706,2800.0
43707,2300.0
43708,4500.0
43709,2300.0
43710,3100.0
43711,4200.0
43712,4400.0
43713,4600.0
43714,2500.0
43715,1800.0
43716,3400.0
43717,2000.0
43718,1500.0
43719,4100.0
43720,3800.0
43721,2800.0
43722,2500.0
43723,1800.0
43724,3600.0
43725,4600.0
43726,2900.0
43727,1800.0
43728,3100.0
43729,2100.0
43730,4300.0
43731,3000.0
43732,1800.0
43733,3600.0
43734,4900.0
43735,3000.0
43736,1700.0
43737,4700.0
43738,2600.0
43739,1500.0
43740,3900.0
43741,3200.0
43742,4200.0
43743,3900.0
43744,1700.0
43745,2800.0
43746,4200.0
43747,3600.0
43748,3200.0
43749,2400.0
43750,1800.0
43751,1500.0
43752,1900.0
43753,8100.0
43754,2700.0
43755,1900.0
43756,1700.0
43757,4600.0
43758,3400.0
43759,5000.0
43760,1800.0
43761,3300.0
43762,2500.0
43763,4600.0
43764,3000.0
43765,5100.0
43766,3900.0
43767,2400.0
43768,2500.0
43769,4200.0
43770,3300.0
43771,2200.0
43772,4800.0
43773,2400.0
43774,3100.0
43775,3300.0
43776,2700.0
43777,3300.0
43778,3400.0
43779,2800.0
43780,3600.0
43781,3400.0
43782,3700.0
43783,3500.0
43784,3200.0
43785,2900.0
43786,3700.0
43787,3000.0
43788,5100.0
43789,4400.0
43790,3900.0
43791,3400.0
43792,4600.0
43793,3500.0
43794,3800.0
43795,5700.0
43796,3500.0
43797,3400.0
43798,3500.0
43799,3300.0
43800,3900.0
43801,2400.0
43802,1800.0
43803,1700.0
43804,2100.0
43805,4900.0
43806,4600.0
43807,3300.0
43808,3200.0
43809,5200.0
43810,4600.0
43811,3600.0
43812,3500.0
43813,3200.0
43814,2300.0
43815,3500.0
43816,4500.0
43817,5200.0
43818,1800.0
43819,4500.0
43820,2900.0
43821,3900.0
43822,4000.0
43823,3200.0
43824,3000.0
43825,4100.0
43826,1400.0
43827,2300.0
43828,4200.0
43829,3200.0
43830,3400.0
43831,2800.0
43832,1600.0
43833,5200.0
43834,3700.0
43835,4000.0
43836,2000.0
43837,3100.0
43838,1900.0
43839,1700.0
43840,1900.0
43841,4300.0
43842,4200.0
43843,5300.0
43844,3300.0
43845,1600.0
43846,4200.0
43847,2700.0
43848,3800.0
43849,1800.0
43850,1900.0
43851,3100.0
43852,4300.0
43853,3500.0
43854,2500.0
43855,3400.0
43856,1600.0
43857,2300.0
43858,1800.0
43859,4200.0
43860,2300.0
43861,5000.0
43862,4200.0
43863,2800.0
43864,3000.0
43865,2700.0
43866,2600.0
43867,800.0
43868,2300.0
43869,2700.0
43870,3000.0
43871,4700.0
43872,2400.0
43873,3200.0
43874,4800.0
43875,3000.0
43876,2600.0
43877,4800.0
43878,3100.0
43879,5300.0
43880,3500.0
43881,4300.0
43882,5000.0
43883,3000.0
43884,5800.0
43885,1900.0
43886,1700.0
43887,2100.0
43888,1700.0
43889,3500.0
43890,3500.0
43891,5100.0
43892,3400.0
43893,3200.0
43894,2800.0
43895,3400.0
43896,1800.0
43897,1900.0
43898,2300.0
43899,3300.0
43900,2000.0
43901,2200.0
43902,4900.0
43903,4500.0
43904,3900.0
43905,4200.0
43906,2500.0
43907,2000.0
43908,1900.0
43909,3300.0
43910,4100.0
43911,4800.0
43912,3500.0
43913,3500.0
43914,3100.0
43915,3700.0
43916,4100.0
43917,3200.0
43918,4300.0
43919,2900.0
43920,3800.0
43921,5300.0
43922,1300.0
43923,3600.0
43924,1600.0
43925,4300.0
43926,3900.0
43927,3500.0
43928,3300.0
43929,2500.0
43930,2400.0
43931,2100.0
43932,1800.0
43933,1400.0
43934,2100.0
43935,3200.0
43936,4100.0
43937,6800.0
43938,2100.0
43939,2200.0
43940,2400.0
43941,1300.0
43942,4100.0
43943,2200.0
43944,3600.0
43945,2600.0
43946,3100.0
43947,3000.0
43948,1500.0
43949,2500.0
43950,2900.0
43951,3100.0
43952,1600.0
43953,4600.0
43954,3700.0
43955,3400.0
43956,5000.0
43957,5000.0
43958,2700.0
43959,3700.0
43960,2700.0
43961,2100.0
43962,3100.0
43963,1900.0
43964,4900.0
43965,5500.0
43966,2000.0
43967,2400.0
43968,4300.0
43969,3900.0
43970,2900.0
43971,2300.0
43972,3800.0
43973,4700.0
43974,1700.0
43975,1800.0
43976,6000.0
43977,3400.0
43978,1800.0
43979,3100.0
43980,3300.0
43981,1200.0
43982,3100.0
43983,3200.0
43984,2600.0
43985,4200.0
43986,3500.0
43987,3600.0
43988,4000.0
43989,1700.0
43990,2500.0
43991,3800.0
43992,3200.0
43993,1600.0
43994,3700.0
43995,3300.0
43996,2600.0
43997,2800.0
43998,3800.0
43999,2400.0
44000,3100.0
44001,2000.0
44002,4000.0
44003,2000.0
44004,2600.0
44005,2200.0
44006,5600.0
44007,2600.0
44008,4700.0
44009,3400.0
44010,2400.0
44011,2400.0
44012,2000.0
44013,2000.0
44014,2300.0
44015,3900.0
44016,2600.0
44017,4600.0
44018,2600.0
44019,3300.0
44020,3000.0
44021,3800.0
44022,2700.0
44023,4500.0
44024,3200.0
44025,3500.0
44026,3600.0
44027,2600.0
44028,1900.0
44029,1900.0
44030,3900.0
44031,3900.0
44032,1400.0
44033,2000.0
44034,2300.0
44035,1500.0
44036,5300.0
44037,2100.0
44038,2200.0
44039,1900.0
44040,4100.0
44041,2300.0
44042,3500.0
44043,1100.0
44044,2500.0
44045,4200.0
44046,2900.0
44047,3500.0
44048,2200.0
44049,2100.0
44050,2800.0
44051,3200.0
44052,1400.0
44053,4600.0
44054,2700.0
44055,1700.0
44056,3200.0
44057,2700.0
44058,2400.0
44059,3500.0
44060,800.0
44061,1700.0
44062,2600.0
44063,1700.0
44064,3400.0
44065,5400.0
44066,4500.0
44067,1700.0
44068,3200.0
44069,4500.0
44070,3800.0
44071,3500.0
44072,3700.0
44073,3600.0
44074,6900.0
44075,700.0
44076,3500.0
44077,3300.0
44078,6700.0
44079,4800.0
44080,1900.0
44081,3900.0
44082,3700.0
44083,4300.0
44084,2600.0
44085,3600.0
44086,5700.0
44087,2200.0
44088,4200.0
44089,1400.0
44090,2500.0
44091,2500.0
44092,2600.0
44093,4600.0
44094,2100.0
44095,2000.0
44096,5200.0
44097,400.0
44098,3200.0
44099,3200.0
44100,2900.0
44101,4300.0
44102,2200.0
44103,2400.0
44104,5000.0
44105,3600.0
44106,6900.0
44107,4200.0
44108,2600.0
44109,4800.0
44110,1700.0
44111,4000.0
44112,3000.0
44113,1100.0
44114,2000.0
44115,2100.0
44116,1600.0
44117,5600.0
44118,4400.0
44119,3500.0
44120,3000.0
44121,4400.0
44122,3100.0
44123,4500.0
44124,3500.0
44125,3100.0
44126,3800.0
44127,4000.0
44128,2200.0
44129,3600.0
44130,3000.0
44131,5000.0
44132,4100.0
44133,3800.0
44134,3100.0
44135,2600.0
44136,2500.0
44137,3500.0
44138,5500.0
44139,3500.0
44140,1700.0
44141,1800.0
44142,2300.0
44143,5300.0
44144,1800.0
44145,2600.0
44146,2100.0
44147,4500.0
44148,3900.0
44149,3100.0
44150,2700.0
44151,5100.0
44152,3700.0
44153,5000.0
44154,700.0
44155,2200.0
44156,5100.0
44157,5100.0
44158,3600.0
44159,1800.0
44160,2300.0
44161,3700.0
44162,3600.0
44163,2900.0
44164,4000.0
44165,2400.0
44166,2400.0
44167,4800.0
44168,3500.0
44169,2300.0
44170,1600.0
44171,3600.0
44172,3500.0
44173,4000.0
44174,5100.0
44175,3600.0
44176,3600.0
44177,2400.0
44178,2800.0
44179,2800.0
44180,3500.0
44181,3000.0
44182,2300.0
44183,2000.0
44184,2000.0
44185,4200.0
44186,5000.0
44187,1600.0
44188,4700.0
44189,1800.0
44190,3100.0
44191,2600.0
44192,3400.0
44193,2500.0
44194,1800.0
44195,1900.0
44196,2100.0
44197,3400.0
44198,3600.0
44199,4300.0
44200,4400.0
44201,2600.0
44202,2300.0
44203,2400.0
44204,4100.0
44205,2100.0
44206,2000.0
44207,3200.0
44208,4200.0
44209,2100.0
44210,2900.0
44211,2900.0
44212,3100.0
44213,4600.0
44214,3400.0
44215,3400.0
44216,4300.0
44217,2900.0
44218,4300.0
44219,4100.0
44220,1700.0
44221,6800.0
44222,3000.0
44223,3100.0
44224,4300.0
44225,3400.0
44226,5400.0
44227,2900.0
44228,1800.0
44229,3400.0
44230,4200.0
44231,3700.0
44232,1100.0
44233,4700.0
44234,2200.0
44235,3100.0
44236,1800.0
44237,4600.0
44238,4600.0
44239,4700.0
44240,3800.0
44241,5000.0
44242,3100.0
44243,2000.0
44244,4200.0
44245,4000.0
44246,3000.0
44247,2600.0
44248,2300.0
44249,2400.0
44250,4200.0
44251,2600.0
44252,4000.0
44253,4400.0
44254,3000.0
44255,4200.0
44256,3900.0
44257,4200.0
44258,3200.0
44259,3500.0
44260,4200.0
44261,2300.0
44262,2800.0
44263,2200.0
44264,2100.0
44265,4200.0
44266,2100.0
44267,3800.0
44268,5300.0
44269,3600.0
44270,3200.0
44271,3900.0
44272,2100.0
44273,2600.0
44274,4000.0
44275,5100.0
44276,1400.0
44277,3600.0
44278,3000.0
44279,4600.0
44280,4700.0
44281,2200.0
44282,3300.0
44283,3800.0
44284,3500.0
44285,4100.0
44286,5200.0
44287,3000.0
44288,3500.0
44289,4000.0
44290,2500.0
44291,3200.0
44292,3200.0
44293,3700.0
44294,4600.0
44295,2300.0
44296,1600.0
44297,1600.0
44298,2000.0
44299,4400.0
44300,3100.0
44301,2300.0
44302,2000.0
44303,2900.0
44304,4900.0
44305,2400.0
44306,3000.0
44307,4100.0
44308,2800.0
44309,2800.0
44310,2600.0
44311,3100.0
44312,2700.0
44313,800.0
44314,1900.0
44315,3500.0
44316,3600.0
44317,1800.0
44318,1400.0
44319,2200.0
44320,1600.0
44321,3000.0
44322,3800.0
44323,4000.0
44324,2000.0
44325,3400.0
44326,1800.0
44327,5400.0
44328,4900.0
44329,3500.0
44330,3700.0
44331,2800.0
44332,4100.0
44333,2700.0
44334,1700.0
44335,2100.0
44336,3800.0
44337,2100.0
44338,4100.0
44339,3600.0
44340,1700.0
44341,3700.0
44342,4100.0
44343,2700.0
44344,2900.0
44345,5100.0
44346,3900.0
44347,5000.0
44348,3500.0
44349,2600.0
44350,3400.0
44351,4200.0
44352,3100.0
44353,1900.0
44354,1900.0
44355,2400.0
44356,2800.0
44357,2700.0
44358,3400.0
44359,3600.0
44360,3400.0
44361,3100.0
44362,4400.0
44363,3300.0
44364,2800.0
44365,2900.0
44366,3500.0
44367,2400.0
44368,3800.0
44369,3800.0
44370,3700.0
44371,2300.0
44372,2400.0
44373,2500.0
44374,5500.0
44375,2600.0
44376,2300.0
44377,3400.0
44378,1900.0
44379,2100.0
44380,3300.0
44381,1000.0
44382,2100.0
44383,4100.0
44384,2800.0
44385,3400.0
44386,3500.0
44387,3400.0
44388,3600.0
44389,4100.0
44390,5300.0
44391,3600.0
44392,3100.0
44393,2800.0
44394,4300.0
44395,2000.0
44396,2100.0
44397,3000.0
44398,4800.0
44399,1600.0
44400,2600.0
44401,2400.0
44402,3100.0
44403,4600.0
44404,2700.0
44405,3000.0
44406,3100.0
44407,4300.0
44408,4600.0
44409,4800.0
44410,3600.0
44411,2000.0
44412,3100.0
44413,2800.0
44414,2500.0
44415,5200.0
44416,4800.0
44417,1500.0
44418,2400.0
44419,4300.0
44420,4600.0
44421,1800.0
44422,2900.0
44423,1800.0
44424,1700.0
44425,3400.0
44426,2400.0
44427,2800.0
44428,4700.0
44429,3800.0
44430,2400.0
44431,1700.0
44432,2500.0
44433,3600.0
44434,2400.0
44435,5100.0
44436,1500.0
44437,1500.0
44438,4700.0
44439,2900.0
44440,3200.0
44441,2100.0
44442,3300.0
44443,3200.0
44444,4300.0
44445,3600.0
44446,3300.0
44447,2800.0
44448,2100.0
44449,4900.0
44450,1000.0
44451,4300.0
44452,1900.0
44453,5200.0
44454,2300.0
44455,3500.0
44456,1500.0
44457,4000.0
44458,2400.0
44459,2200.0
44460,4200.0
44461,2900.0
44462,4200.0
44463,2500.0
44464,3200.0
44465,1700.0
44466,4500.0
44467,3900.0
44468,5900.0
44469,3200.0
44470,3700.0
44471,2700.0
44472,2000.0
44473,4300.0
44474,5500.0
44475,5300.0
44476,7200.0
44477,3000.0
44478,3400.0
44479,4500.0
44480,4400.0
44481,4400.0
44482,1300.0
44483,4300.0
44484,3200.0
44485,2200.0
44486,4700.0
44487,1600.0
44488,4000.0
44489,5800.0
44490,4400.0
44491,4100.0
44492,2400.0
44493,2900.0
44494,3700.0
44495,2200.0
44496,2500.0
44497,2300.0
44498,2600.0
44499,2600.0
44500,4300.0
44501,3900.0
44502,1600.0
44503,2300.0
44504,1700.0
44505,2900.0
44506,4000.0
44507,5400.0
44508,4300.0
44509,2600.0
44510,1500.0
44511,4800.0
44512,1800.0
44513,2400.0
44514,3200.0
44515,2400.0
44516,3900.0
44517,1600.0
44518,2300.0
44519,4500.0
44520,4500.0
44521,1800.0
44522,1400.0
44523,1400.0
44524,2000.0
44525,4000.0
44526,2400.0
44527,4100.0
44528,4800.0
44529,4800.0
44530,3200.0
44531,4400.0
44532,4400.0
44533,6400.0
44534,2600.0
44535,2000.0
44536,4900.0
44537,4500.0
44538,4600.0
44539,3600.0
44540,2700.0
44541,3500.0
44542,2700.0
44543,2700.0
44544,4600.0
44545,3400.0
44546,3300.0
44547,3700.0
44548,4100.0
44549,2400.0
44550,4500.0
44551,2000.0
44552,2700.0
44553,3900.0
44554,3800.0
44555,2300.0
44556,1300.0
44557,2200.0
44558,2600.0
44559,5600.0
44560,3800.0
44561,3100.0
44562,3200.0
44563,3000.0
44564,3400.0
44565,2500.0
44566,2600.0
44567,3800.0
44568,3400.0
44569,4200.0
44570,4900.0
44571,2300.0
44572,3100.0
44573,2300.0
44574,4000.0
44575,4700.0
44576,1800.0
44577,3600.0
44578,3400.0
44579,1900.0
44580,5600.0
44581,3600.0
44582,3500.0
44583,4400.0
44584,3400.0
44585,2800.0
44586,2300.0
44587,5500.0
44588,4100.0
44589,3400.0
44590,3600.0
44591,5700.0
44592,3100.0
44593,4200.0
44594,3100.0
44595,3700.0
44596,3200.0
44597,2200.0
44598,1800.0
44599,3600.0
44600,2600.0
44601,5300.0
44602,5700.0
44603,2400.0
44604,1900.0
44605,2000.0
44606,2300.0
44607,5200.0
44608,4200.0
44609,4700.0
44610,1600.0
44611,2500.0
44612,3200.0
44613,3900.0
44614,2700.0
44615,2800.0
44616,4100.0
44617,2900.0
44618,1100.0
44619,1800.0
44620,1400.0
44621,3700.0
44622,1500.0
44623,2300.0
44624,3000.0
44625,5200.0
44626,4900.0
44627,4800.0
44628,3600.0
44629,3400.0
44630,4800.0
44631,2500.0
44632,3000.0
44633,1700.0
44634,1500.0
44635,4700.0
44636,2100.0
44637,1800.0
44638,6600.0
44639,2100.0
44640,5400.0
44641,2200.0
44642,1500.0
44643,1800.0
44644,4400.0
44645,3600.0
44646,3800.0
44647,2100.0
44648,4200.0
44649,2700.0
44650,2100.0
44651,1200.0
44652,2400.0
44653,3500.0
44654,2100.0
44655,3100.0
44656,3700.0
44657,3000.0
44658,4800.0
44659,3700.0
44660,4900.0
44661,3000.0
44662,1300.0
44663,3300.0
44664,3200.0
44665,1600.0
44666,2800.0
44667,3400.0
44668,2800.0
44669,3100.0
44670,2400.0
44671,2500.0
44672,4200.0
44673,2600.0
44674,3000.0
44675,4100.0
44676,2700.0
44677,2400.0
44678,3000.0
44679,3200.0
44680,1800.0
44681,1900.0
44682,3600.0
44683,2100.0
44684,3500.0
44685,4000.0
44686,3800.0
44687,1800.0
44688,2200.0
44689,4500.0
44690,3100.0
44691,2200.0
44692,1500.0
44693,3200.0
44694,2100.0
44695,5900.0
44696,3200.0
44697,3600.0
44698,4700.0
44699,3700.0
44700,1900.0
44701,4000.0
44702,3400.0
44703,2200.0
44704,4200.0
44705,2900.0
44706,3800.0
44707,4900.0
44708,2000.0
44709,3200.0
44710,3500.0
44711,4600.0
44712,5000.0
44713,4600.0
44714,1900.0
44715,3100.0
44716,5000.0
44717,2900.0
44718,3600.0
44719,5200.0
44720,3300.0
44721,1500.0
44722,1600.0
44723,2000.0
44724,3000.0
44725,3400.0
44726,5100.0
44727,2800.0
44728,1700.0
44729,3000.0
44730,3700.0
44731,4900.0
44732,4100.0
44733,3900.0
44734,4800.0
44735,3900.0
44736,3100.0
44737,3800.0
44738,3800.0
44739,1500.0
44740,5300.0
44741,4000.0
44742,1700.0
44743,3400.0
44744,4300.0
44745,2500.0
44746,1400.0
44747,3400.0
44748,4100.0
44749,1800.0
44750,4700.0
44751,4000.0
44752,5800.0
44753,4100.0
44754,1900.0
44755,900.0
44756,4400.0
44757,4500.0
44758,3100.0
44759,3300.0
44760,2700.0
44761,2900.0
44762,3700.0
44763,2800.0
44764,5000.0
44765,5100.0
44766,3700.0
44767,6000.0
44768,1200.0
44769,3000.0
44770,3400.0
44771,2900.0
44772,4900.0
44773,2900.0
44774,1700.0
44775,2700.0
44776,3500.0
44777,2200.0
44778,3600.0
44779,1600.0
44780,3800.0
44781,2300.0
44782,5100.0
44783,2100.0
44784,2200.0
44785,1500.0
44786,2000.0
44787,5500.0
44788,2200.0
44789,3100.0
44790,3000.0
44791,2200.0
44792,600.0
44793,4900.0
44794,3100.0
44795,3900.0
44796,3700.0
44797,3600.0
44798,1700.0
44799,3900.0
44800,3200.0
44801,2300.0
44802,2800.0
44803,3600.0
44804,1300.0
44805,4400.0
44806,1600.0
44807,3900.0
44808,3500.0
44809,3000.0
44810,4500.0
44811,3500.0
44812,4800.0
44813,5400.0
44814,2800.0
44815,3100.0
44816,2900.0
44817,4300.0
44818,2200.0
44819,2500.0
44820,1700.0
44821,2900.0
44822,2800.0
44823,4400.0
44824,2600.0
44825,1600.0
44826,3500.0
44827,3900.0
44828,3700.0
44829,2700.0
44830,3000.0
44831,2500.0
44832,1900.0
44833,3800.0
44834,4200.0
44835,4600.0
44836,3200.0
44837,5400.0
44838,3300.0
44839,4800.0
44840,3400.0
44841,2600.0
44842,4200.0
44843,3400.0
44844,3100.0
44845,2300.0
44846,2400.0
44847,2400.0
44848,3500.0
44849,1600.0
44850,3300.0
44851,3600.0
44852,2100.0
44853,4000.0
44854,1600.0
44855,3200.0
44856,3300.0
44857,5500.0
44858,1500.0
44859,2800.0
44860,6000.0
44861,3900.0
44862,3900.0
44863,2200.0
44864,3700.0
44865,4300.0
44866,2400.0
44867,3600.0
44868,2200.0
44869,4200.0
44870,4800.0
44871,3900.0
44872,3000.0
44873,4100.0
44874,2400.0
44875,3400.0
44876,6000.0
44877,4300.0
44878,1700.0
44879,4700.0
44880,3700.0
44881,4100.0
44882,2500.0
44883,3400.0
44884,800.0
44885,3300.0
44886,3400.0
44887,3700.0
44888,1900.0
44889,4400.0
44890,5000.0
44891,3200.0
44892,4600.0
44893,4100.0
44894,4300.0
44895,2300.0
44896,1800.0
44897,1700.0
44898,4000.0
44899,2300.0
44900,3000.0
44901,3300.0
44902,2300.0
44903,4100.0
44904,4000.0
44905,3800.0
44906,3100.0
44907,5100.0
44908,3000.0
44909,1600.0
44910,2200.0
44911,4100.0
44912,1500.0
44913,4400.0
44914,1300.0
44915,1000.0
44916,3700.0
44917,4500.0
44918,1400.0
44919,3500.0
44920,3700.0
44921,3900.0
44922,5000.0
44923,3000.0
44924,2500.0
44925,2200.0
44926,2100.0
44927,2700.0
44928,2700.0
44929,2000.0
44930,3000.0
44931,2700.0
44932,2900.0
44933,4500.0
44934,4800.0
44935,3400.0
44936,3300.0
44937,2800.0
44938,3200.0
44939,3800.0
44940,4900.0
44941,2900.0
44942,4100.0
44943,3800.0
44944,3500.0
44945,4300.0
44946,4400.0
44947,4100.0
44948,1800.0
44949,4600.0
44950,3300.0
44951,5100.0
44952,2800.0
44953,4000.0
44954,4900.0
44955,1700.0
44956,4200.0
44957,1900.0
44958,2500.0
44959,5100.0
44960,4900.0
44961,3100.0
44962,2400.0
44963,2900.0
44964,7200.0
44965,1600.0
44966,1200.0
44967,4100.0
44968,3000.0
44969,2800.0
44970,2100.0
44971,2400.0
44972,4000.0
44973,4200.0
44974,3800.0
44975,4200.0
44976,4800.0
44977,4500.0
44978,3500.0
44979,1600.0
44980,3800.0
44981,2400.0
44982,4300.0
44983,4100.0
44984,2300.0
44985,3900.0
44986,4300.0
44987,3500.0
44988,3300.0
44989,2900.0
44990,5200.0
44991,6400.0
44992,2100.0
44993,4300.0
44994,3100.0
44995,2800.0
44996,3600.0
44997,4900.0
44998,4900.0
44999,3500.0
45000,4700.0
45001,2400.0
45002,4800.0
45003,3500.0
45004,3700.0
45005,3800.0
45006,2600.0
45007,2000.0
45008,2400.0
45009,3600.0
45010,4400.0
45011,4300.0
45012,1500.0
45013,2300.0
45014,4900.0
45015,6300.0
45016,2100.0
45017,2400.0
45018,3000.0
45019,3100.0
45020,4200.0
45021,2700.0
45022,1500.0
45023,2400.0
45024,3100.0
45025,4800.0
45026,3700.0
45027,3400.0
45028,4700.0
45029,3100.0
45030,1500.0
45031,1900.0
45032,2000.0
45033,3200.0
45034,4400.0
45035,2800.0
45036,3800.0
45037,5400.0
45038,3400.0
45039,3500.0
45040,4000.0
45041,3200.0
45042,4400.0
45043,2800.0
45044,1800.0
45045,1800.0
45046,4000.0
45047,2200.0
45048,1800.0
45049,3100.0
45050,1800.0
45051,4600.0
45052,4800.0
45053,1400.0
45054,3200.0
45055,4000.0
45056,2700.0
45057,3400.0
45058,2700.0
45059,4200.0
45060,3900.0
45061,5000.0
45062,3000.0
45063,1700.0
45064,2700.0
45065,3400.0
45066,1800.0
45067,3800.0
45068,3200.0
45069,1500.0
45070,5200.0
45071,2500.0
45072,3600.0
45073,2900.0
45074,2600.0
45075,3600.0
45076,3000.0
45077,4800.0
45078,2900.0
45079,2300.0
45080,2300.0
45081,3800.0
45082,2200.0
45083,4400.0
45084,1800.0
45085,3300.0
45086,3700.0
45087,4000.0
45088,2300.0
45089,4800.0
45090,4800.0
45091,3300.0
45092,3500.0
45093,3500.0
45094,3200.0
45095,2400.0
45096,1900.0
45097,3000.0
45098,3200.0
45099,5100.0
45100,2100.0
45101,4100.0
45102,4500.0
45103,5500.0
45104,3400.0
45105,5500.0
45106,5100.0
45107,2600.0
45108,4200.0
45109,1600.0
45110,4800.0
45111,3300.0
45112,2600.0
45113,4900.0
45114,3600.0
45115,2500.0
45116,5400.0
45117,3800.0
45118,2400.0
45119,3800.0
45120,2900.0
45121,2100.0
45122,3600.0
45123,2300.0
45124,2000.0
45125,3100.0
45126,2200.0
45127,3700.0
45128,2800.0
45129,3200.0
45130,3700.0
45131,3800.0
45132,4800.0
45133,5400.0
45134,3200.0
45135,1800.0
45136,1800.0
45137,4600.0
45138,4000.0
45139,3100.0
45140,1800.0
45141,3200.0
45142,3700.0
45143,3200.0
45144,3900.0
45145,3900.0
45146,2200.0
45147,2500.0
45148,2000.0
45149,1700.0
45150,3200.0
45151,3100.0
45152,2000.0
45153,2600.0
45154,3800.0
45155,4300.0
45156,4700.0
45157,2000.0
45158,1700.0
45159,3100.0
45160,2900.0
45161,5800.0
45162,3400.0
45163,2400.0
45164,3600.0
45165,3100.0
45166,1300.0
45167,3200.0
45168,2100.0
45169,3200.0
45170,4100.0
45171,2500.0
45172,5900.0
45173,4100.0
45174,3300.0
45175,3500.0
45176,4200.0
45177,4800.0
45178,4300.0
45179,3100.0
45180,4300.0
45181,3000.0
45182,3300.0
45183,2400.0
45184,3200.0
45185,2800.0
45186,6000.0
45187,3100.0
45188,1900.0
45189,3200.0
45190,2600.0
45191,1900.0
45192,1800.0
45193,1400.0
45194,3300.0
45195,4400.0
45196,4400.0
45197,3200.0
45198,3400.0
45199,3400.0
45200,4100.0
45201,2800.0
45202,4800.0
45203,1700.0
45204,4300.0
45205,2700.0
45206,3300.0
45207,1900.0
45208,4200.0
45209,4300.0
45210,4000.0
45211,2600.0
45212,3900.0
45213,3700.0
45214,2700.0
45215,4800.0
45216,3500.0
45217,4000.0
45218,2000.0
45219,2300.0
45220,3300.0
45221,4800.0
45222,2200.0
45223,2500.0
45224,4100.0
45225,2600.0
45226,4100.0
45227,1700.0
45228,2000.0
45229,2700.0
45230,1700.0
45231,3600.0
45232,3400.0
45233,4100.0
45234,4300.0
45235,3400.0
45236,1200.0
45237,4000.0
45238,3000.0
45239,1400.0
45240,2300.0
45241,3800.0
45242,4400.0
45243,4700.0
45244,4300.0
45245,1200.0
45246,4600.0
45247,4200.0
45248,4000.0
45249,3300.0
45250,1200.0
45251,2800.0
45252,1700.0
45253,1400.0
45254,3200.0
45255,3300.0
45256,3100.0
45257,3100.0
45258,4400.0
45259,4400.0
45260,1700.0
45261,3500.0
45262,1700.0
45263,3000.0
45264,3400.0
45265,2200.0
45266,3900.0
45267,2600.0
45268,3200.0
45269,2800.0
45270,2700.0
45271,6500.0
45272,5200.0
45273,2000.0
45274,2300.0
45275,3500.0
45276,3500.0
45277,1300.0
45278,3100.0
45279,3000.0
45280,2000.0
45281,2200.0
45282,2700.0
45283,5100.0
45284,2800.0
45285,6100.0
45286,4500.0
45287,1900.0
45288,3700.0
45289,4400.0
45290,4000.0
45291,4800.0
45292,2800.0
45293,2700.0
45294,3400.0
45295,3700.0
45296,3800.0
45297,1400.0
45298,1800.0
45299,3500.0
45300,4400.0
45301,6600.0
45302,3300.0
45303,1200.0
45304,1100.0
45305,3900.0
45306,4300.0
45307,2600.0
45308,1500.0
45309,1100.0
45310,3600.0
45311,5200.0
45312,2400.0
45313,2500.0
45314,2500.0
45315,3800.0
45316,1200.0
45317,4800.0
45318,3700.0
45319,4400.0
45320,3900.0
45321,2400.0
45322,3000.0
45323,2800.0
45324,4900.0
45325,3300.0
45326,2500.0
45327,2100.0
45328,6100.0
45329,3100.0
45330,4800.0
45331,5200.0
45332,3600.0
45333,3600.0
45334,3900.0
45335,2600.0
45336,4300.0
45337,2500.0
45338,3800.0
45339,1800.0
45340,2600.0
45341,4300.0
45342,4100.0
45343,2900.0
45344,2400.0
45345,2600.0
45346,3500.0
45347,2200.0
45348,3200.0
45349,2200.0
45350,3100.0
45351,3200.0
45352,4200.0
45353,4400.0
45354,5500.0
45355,3500.0
45356,2800.0
45357,1000.0
45358,4000.0
45359,3500.0
45360,4100.0
45361,2400.0
45362,2900.0
45363,2000.0
45364,2000.0
45365,5600.0
45366,3700.0
45367,3300.0
45368,5000.0
45369,1500.0
45370,2800.0
45371,4100.0
45372,2500.0
45373,3400.0
45374,3400.0
45375,4300.0
45376,5000.0
45377,1100.0
45378,3500.0
45379,2600.0
45380,5000.0
45381,3900.0
45382,4200.0
45383,4100.0
45384,4400.0
45385,4600.0
45386,3900.0
45387,4700.0
45388,4400.0
45389,4100.0
45390,2500.0
45391,3600.0
45392,2400.0
45393,4600.0
45394,1800.0
45395,2100.0
45396,2700.0
45397,5400.0
45398,2900.0
45399,3500.0
45400,4100.0
45401,2300.0
45402,3800.0
45403,2600.0
45404,1700.0
45405,2000.0
45406,2600.0
45407,1100.0
45408,3800.0
45409,4200.0
45410,4000.0
45411,3800.0
45412,2400.0
45413,4600.0
45414,2300.0
45415,3200.0
45416,1900.0
45417,4100.0
45418,2100.0
45419,6400.0
45420,3100.0
45421,1900.0
45422,4200.0
45423,3200.0
45424,4400.0
45425,3900.0
45426,5900.0
45427,1500.0
45428,4500.0
45429,1900.0
45430,6300.0
45431,2200.0
45432,5900.0
45433,2200.0
45434,5100.0
45435,2300.0
45436,2400.0
45437,5300.0
45438,4800.0
45439,2800.0
45440,1900.0
45441,3600.0
45442,4400.0
45443,2600.0
45444,3300.0
45445,3100.0
45446,3900.0
45447,3200.0
45448,2800.0
45449,2600.0
45450,3000.0
45451,4500.0
45452,2600.0
45453,1500.0
45454,2600.0
45455,4500.0
45456,3100.0
45457,1700.0
45458,3700.0
45459,3500.0
45460,1700.0
45461,4300.0
45462,4700.0
45463,4000.0
45464,1800.0
45465,3100.0
45466,4200.0
45467,2200.0
45468,2400.0
45469,3900.0
45470,2600.0
45471,5400.0
45472,2000.0
45473,1700.0
45474,2900.0
45475,2100.0
45476,1700.0
45477,3900.0
45478,2900.0
45479,2100.0
45480,3000.0
45481,2400.0
45482,2800.0
45483,3300.0
45484,3400.0
45485,3100.0
45486,3900.0
45487,3800.0
45488,3600.0
45489,3800.0
45490,2800.0
45491,3600.0
45492,1800.0
45493,1800.0
45494,3500.0
45495,4200.0
45496,5200.0
45497,1500.0
45498,2800.0
45499,1900.0
45500,5700.0
45501,4700.0
45502,4600.0
45503,3000.0
45504,4500.0
45505,5400.0
45506,4200.0
45507,5100.0
45508,2400.0
45509,2500.0
45510,1500.0
45511,2700.0
45512,3200.0
45513,3800.0
45514,3000.0
45515,3900.0
45516,5600.0
45517,1400.0
45518,1900.0
45519,2000.0
45520,4400.0
45521,1400.0
45522,3200.0
45523,600.0
45524,5600.0
45525,4300.0
45526,3500.0
45527,2200.0
45528,2300.0
45529,2000.0
45530,1800.0
45531,4300.0
45532,2600.0
45533,1700.0
45534,3600.0
45535,2300.0
45536,3600.0
45537,5200.0
45538,2900.0
45539,3800.0
45540,3000.0
45541,4000.0
45542,3800.0
45543,3700.0
45544,3900.0
45545,3100.0
45546,5300.0
45547,1900.0
45548,4700.0
45549,4300.0
45550,1800.0
45551,3300.0
45552,4900.0
45553,1800.0
45554,3700.0
45555,2300.0
45556,5600.0
45557,4000.0
45558,1900.0
45559,3500.0
45560,2000.0
45561,2900.0
45562,5200.0
45563,3900.0
45564,3800.0
45565,2500.0
45566,3200.0
45567,3800.0
45568,2700.0
45569,4500.0
45570,3500.0
45571,2500.0
45572,2700.0
45573,3300.0
45574,4800.0
45575,1500.0
45576,3100.0
45577,1900.0
45578,1600.0
45579,2500.0
45580,700.0
45581,4800.0
45582,2200.0
45583,2100.0
45584,3300.0
45585,3200.0
45586,2300.0
45587,1800.0
45588,3400.0
45589,2500.0
45590,1900.0
45591,2500.0
45592,3600.0
45593,1900.0
45594,4000.0
45595,1400.0
45596,4400.0
45597,4900.0
45598,4100.0
45599,3100.0
45600,4300.0
45601,4100.0
45602,4900.0
45603,1900.0
45604,4600.0
45605,3700.0
45606,1300.0
45607,3700.0
45608,3600.0
45609,2900.0
45610,4300.0
45611,4500.0
45612,4400.0
45613,3200.0
45614,3100.0
45615,4200.0
45616,4300.0
45617,3600.0
45618,4500.0
45619,4900.0
45620,4700.0
45621,4000.0
45622,3400.0
45623,1400.0
45624,3500.0
45625,2100.0
45626,2800.0
45627,1800.0
45628,2300.0
45629,4400.0
45630,6300.0
45631,1900.0
45632,2000.0
45633,3900.0
45634,1700.0
45635,4700.0
45636,2300.0
45637,3600.0
45638,4000.0
45639,4400.0
45640,2100.0
45641,1100.0
45642,2000.0
45643,1900.0
45644,1500.0
45645,1900.0
45646,2800.0
45647,1400.0
45648,3900.0
45649,2300.0
45650,1600.0
45651,3200.0
45652,3400.0
45653,4200.0
45654,3200.0
45655,1900.0
45656,2000.0
45657,2900.0
45658,3500.0
45659,1800.0
45660,3900.0
45661,4200.0
45662,2000.0
45663,2200.0
45664,3500.0
45665,4400.0
45666,2300.0
45667,1400.0
45668,5500.0
45669,3900.0
45670,2100.0
45671,5300.0
45672,5500.0
45673,1700.0
45674,3000.0
45675,4900.0
45676,2900.0
45677,4500.0
45678,2300.0
45679,3300.0
45680,2700.0
45681,2400.0
45682,4900.0
45683,1800.0
45684,3500.0
45685,4200.0
45686,2100.0
45687,4200.0
45688,1500.0
45689,5600.0
45690,3200.0
45691,2500.0
45692,4800.0
45693,2900.0
45694,2000.0
45695,2700.0
45696,3500.0
45697,2100.0
45698,3200.0
45699,2800.0
45700,3300.0
45701,2100.0
45702,1800.0
45703,3400.0
45704,4900.0
45705,4400.0
45706,6100.0
45707,3900.0
45708,2100.0
45709,4700.0
45710,5200.0
45711,3600.0
45712,2200.0
45713,2700.0
45714,3000.0
45715,2700.0
45716,3900.0
45717,2700.0
45718,2900.0
45719,3800.0
45720,2400.0
45721,3600.0
45722,5000.0
45723,3000.0
45724,3700.0
45725,3100.0
45726,2000.0
45727,4600.0
45728,3400.0
45729,1500.0
45730,3700.0
45731,4700.0
45732,3100.0
45733,2000.0
45734,2600.0
45735,2100.0
45736,3100.0
45737,900.0
45738,3200.0
45739,2600.0
45740,4500.0
45741,2300.0
45742,3800.0
45743,3200.0
45744,2000.0
45745,3000.0
45746,2800.0
45747,3100.0
45748,3400.0
45749,2700.0
45750,4000.0
45751,3000.0
45752,2700.0
45753,3200.0
45754,4800.0
45755,4700.0
45756,4600.0
45757,4500.0
45758,3900.0
45759,3800.0
45760,2700.0
45761,3800.0
45762,4700.0
45763,4700.0
45764,2700.0
45765,2000.0
45766,3100.0
45767,3600.0
45768,3700.0
45769,1800.0
45770,1900.0
45771,2500.0
45772,2100.0
45773,3000.0
45774,2500.0
45775,3200.0
45776,4500.0
45777,3000.0
45778,3400.0
45779,3700.0
45780,4800.0
45781,3700.0
45782,4000.0
45783,1700.0
45784,5100.0
45785,2000.0
45786,2300.0
45787,3000.0
45788,3800.0
45789,2600.0
45790,4100.0
45791,4800.0
45792,3900.0
45793,2300.0
45794,4000.0
45795,5000.0
45796,2500.0
45797,3300.0
45798,3800.0
45799,2200.0
45800,2200.0
45801,3600.0
45802,5700.0
45803,2000.0
45804,2300.0
45805,1200.0
45806,4800.0
45807,2700.0
45808,1200.0
45809,2100.0
45810,4200.0
45811,3600.0
45812,2300.0
45813,4500.0
45814,4100.0
45815,2900.0
45816,4200.0
45817,4400.0
45818,3400.0
45819,2700.0
45820,2000.0
45821,3200.0
45822,4000.0
45823,2400.0
45824,3100.0
45825,3700.0
45826,4700.0
45827,4300.0
45828,4200.0
45829,2100.0
45830,3900.0
45831,3000.0
45832,4500.0
45833,1400.0
45834,3000.0
45835,2800.0
45836,1700.0
45837,2000.0
45838,4100.0
45839,2600.0
45840,3100.0
45841,4700.0
45842,4400.0
45843,3000.0
45844,4200.0
45845,3600.0
45846,3600.0
45847,5000.0
45848,4200.0
45849,4000.0
45850,1700.0
45851,3300.0
45852,5400.0
45853,2300.0
45854,3700.0
45855,4900.0
45856,2300.0
45857,2900.0
45858,2600.0
45859,5000.0
45860,2000.0
45861,1800.0
45862,4300.0
45863,5400.0
45864,4300.0
45865,2800.0
45866,2300.0
45867,2200.0
45868,1000.0
45869,1100.0
45870,1700.0
45871,4900.0
45872,1100.0
45873,2100.0
45874,5000.0
45875,4600.0
45876,2700.0
45877,2600.0
45878,2100.0
45879,1700.0
45880,4000.0
45881,2800.0
45882,4700.0
45883,1800.0
45884,3800.0
45885,1900.0
45886,3700.0
45887,2500.0
45888,2500.0
45889,3900.0
45890,3400.0
45891,4300.0
45892,4500.0
45893,2000.0
45894,3600.0
45895,2900.0
45896,3800.0
45897,2900.0
45898,3200.0
45899,3000.0
45900,3700.0
45901,3500.0
45902,2300.0
45903,2500.0
45904,3000.0
45905,4800.0
45906,3500.0
45907,2300.0
45908,1000.0
45909,2300.0
45910,3900.0
45911,1800.0
45912,1500.0
45913,2700.0
45914,3500.0
45915,3900.0
45916,3600.0
45917,3800.0
45918,3800.0
45919,3500.0
45920,2600.0
45921,1800.0
45922,2600.0
45923,2300.0
45924,3800.0
45925,2800.0
45926,3400.0
45927,1900.0
45928,1700.0
45929,3700.0
45930,5000.0
45931,3000.0
45932,5300.0
45933,3800.0
45934,4700.0
45935,1800.0
45936,4300.0
45937,4300.0
45938,2300.0
45939,3400.0
45940,3200.0
45941,4700.0
45942,4600.0
45943,3400.0
45944,5400.0
45945,2900.0
45946,4200.0
45947,2100.0
45948,2000.0
45949,3700.0
45950,4100.0
45951,2700.0
45952,4000.0
45953,4000.0
45954,2900.0
45955,1600.0
45956,3500.0
45957,1700.0
45958,3500.0
45959,3000.0
45960,3900.0
45961,4000.0
45962,4200.0
45963,2000.0
45964,2600.0
45965,4200.0
45966,2500.0
45967,2700.0
45968,5000.0
45969,4100.0
45970,2300.0
45971,4900.0
45972,3600.0
45973,3100.0
45974,2400.0
45975,2100.0
45976,2500.0
45977,4500.0
45978,4200.0
45979,2000.0
45980,1300.0
45981,4000.0
45982,2000.0
45983,1800.0
45984,3100.0
45985,4200.0
45986,3900.0
45987,2700.0
45988,1600.0
45989,5600.0
45990,3200.0
45991,4200.0
45992,2400.0
45993,2400.0
45994,2200.0
45995,2300.0
45996,4400.0
45997,3200.0
45998,3400.0
45999,3300.0
46000,3600.0
46001,2900.0
46002,5800.0
46003,5000.0
46004,3200.0
46005,3000.0
46006,3600.0
46007,4000.0
46008,2200.0
46009,2700.0
46010,5100.0
46011,5200.0
46012,2100.0
46013,3300.0
46014,3200.0
46015,3300.0
46016,3400.0
46017,1800.0
46018,6000.0
46019,4000.0
46020,1600.0
46021,4000.0
46022,3200.0
46023,1600.0
46024,4800.0
46025,3000.0
46026,2000.0
46027,2000.0
46028,3800.0
46029,3900.0
46030,2700.0
46031,3300.0
46032,1400.0
46033,1700.0
46034,2600.0
46035,4000.0
46036,2300.0
46037,3500.0
46038,4200.0
46039,2800.0
46040,3300.0
46041,2300.0
46042,1400.0
46043,2300.0
46044,1900.0
46045,2300.0
46046,4800.0
46047,1900.0
46048,1600.0
46049,4200.0
46050,3700.0
46051,4500.0
46052,5900.0
46053,5200.0
46054,2600.0
46055,2200.0
46056,1400.0
46057,2800.0
46058,1600.0
46059,4500.0
46060,2900.0
46061,4100.0
46062,1600.0
46063,2500.0
46064,1900.0
46065,3000.0
46066,2700.0
46067,2700.0
46068,4000.0
46069,5700.0
46070,4300.0
46071,3200.0
46072,2300.0
46073,4200.0
46074,4800.0
46075,4300.0
46076,4900.0
46077,4600.0
46078,3200.0
46079,3400.0
46080,3500.0
46081,5100.0
46082,2600.0
46083,5300.0
46084,1800.0
46085,4600.0
46086,2800.0
46087,3400.0
46088,3500.0
46089,3400.0
46090,1600.0
46091,3200.0
46092,2300.0
46093,5700.0
46094,4300.0
46095,2100.0
46096,2200.0
46097,3600.0
46098,3600.0
46099,1700.0
46100,2100.0
46101,2000.0
46102,4600.0
46103,4100.0
46104,4600.0
46105,2500.0
46106,3200.0
46107,7300.0
46108,3300.0
46109,2000.0
46110,3800.0
46111,3700.0
46112,3700.0
46113,3400.0
46114,2900.0
46115,900.0
46116,2300.0
46117,2300.0
46118,2900.0
46119,5000.0
46120,3100.0
46121,2200.0
46122,4200.0
46123,2400.0
46124,4400.0
46125,3600.0
46126,4300.0
46127,5100.0
46128,2400.0
46129,6100.0
46130,2600.0
46131,3000.0
46132,2300.0
46133,1900.0
46134,3200.0
46135,4000.0
46136,3700.0
46137,5000.0
46138,2800.0
46139,2100.0
46140,3400.0
46141,3000.0
46142,6900.0
46143,3200.0
46144,1700.0
46145,2900.0
46146,4000.0
46147,1600.0
46148,5600.0
46149,2600.0
46150,4800.0
46151,4400.0
46152,4700.0
46153,2700.0
46154,3600.0
46155,3000.0
46156,2300.0
46157,3300.0
46158,2500.0
46159,4400.0
46160,1600.0
46161,3900.0
46162,2400.0
46163,3600.0
46164,3000.0
46165,2900.0
46166,3400.0
46167,3800.0
46168,3000.0
46169,3000.0
46170,3100.0
46171,4500.0
46172,3800.0
46173,5600.0
46174,4100.0
46175,1400.0
46176,2600.0
46177,1800.0
46178,4000.0
46179,3400.0
46180,2500.0
46181,4500.0
46182,3200.0
46183,4100.0
46184,3500.0
46185,3400.0
46186,4700.0
46187,2900.0
46188,1800.0
46189,4800.0
46190,2900.0
46191,1600.0
46192,3900.0
46193,1800.0
46194,2800.0
46195,2300.0
46196,2500.0
46197,2400.0
46198,3500.0
46199,4100.0
46200,5200.0
46201,1800.0
46202,3900.0
46203,4200.0
46204,1600.0
46205,2100.0
46206,6500.0
46207,1400.0
46208,3300.0
46209,3300.0
46210,1400.0
46211,2400.0
46212,5400.0
46213,4000.0
46214,2000.0
46215,3000.0
46216,3800.0
46217,2200.0
46218,2700.0
46219,1900.0
46220,4800.0
46221,4500.0
46222,3100.0
46223,6000.0
46224,4600.0
46225,2800.0
46226,2500.0
46227,3600.0
46228,1600.0
46229,700.0
46230,2100.0
46231,4900.0
46232,3100.0
46233,3400.0
46234,2100.0
46235,2800.0
46236,3500.0
46237,2900.0
46238,5000.0
46239,2400.0
46240,3600.0
46241,5400.0
46242,3600.0
46243,1900.0
46244,3000.0
46245,1800.0
46246,4300.0
46247,3000.0
46248,2200.0
46249,3900.0
46250,3400.0
46251,1500.0
46252,5000.0
46253,6000.0
46254,2100.0
46255,4200.0
46256,4600.0
46257,3200.0
46258,1500.0
46259,2500.0
46260,2200.0
46261,1900.0
46262,3000.0
46263,2800.0
46264,1900.0
46265,4300.0
46266,4400.0
46267,700.0
46268,3000.0
46269,1600.0
46270,4200.0
46271,2400.0
46272,1600.0
46273,1900.0
46274,5400.0
46275,4300.0
46276,3100.0
46277,4800.0
46278,4600.0
46279,3200.0
46280,4400.0
46281,3800.0
46282,3600.0
46283,2600.0
46284,2800.0
46285,4600.0
46286,5400.0
46287,4800.0
46288,1400.0
46289,2300.0
46290,1000.0
46291,2200.0
46292,2400.0
46293,5000.0
46294,2200.0
46295,2900.0
46296,4000.0
46297,3300.0
46298,2800.0
46299,4300.0
46300,3200.0
46301,2000.0
46302,3800.0
46303,3400.0
46304,3500.0
46305,2500.0
46306,3000.0
46307,2000.0
46308,1700.0
46309,3900.0
46310,2200.0
46311,6000.0
46312,2600.0
46313,2400.0
46314,1400.0
46315,3700.0
46316,3500.0
46317,2100.0
46318,2800.0
46319,2800.0
46320,1900.0
46321,1700.0
46322,2700.0
46323,4300.0
46324,3300.0
46325,3600.0
46326,2900.0
46327,4100.0
46328,2900.0
46329,3600.0
46330,2100.0
46331,3000.0
46332,2000.0
46333,3900.0
46334,4200.0
46335,3500.0
46336,2800.0
46337,1900.0
46338,4800.0
46339,4400.0
46340,1700.0
46341,2300.0
46342,2800.0
46343,4700.0
46344,2000.0
46345,4800.0
46346,2300.0
46347,4400.0
46348,5400.0
46349,6500.0
46350,1700.0
46351,5600.0
46352,3000.0
46353,3900.0
46354,3000.0
46355,3700.0
46356,2700.0
46357,4400.0
46358,4200.0
46359,3600.0
46360,2600.0
46361,2200.0
46362,5100.0
46363,2900.0
46364,2500.0
46365,2900.0
46366,2800.0
46367,3400.0
46368,3300.0
46369,2200.0
46370,3500.0
46371,4700.0
46372,2300.0
46373,2200.0
46374,5200.0
46375,2600.0
46376,4600.0
46377,5500.0
46378,2200.0
46379,4900.0
46380,2900.0
46381,4200.0
46382,1500.0
46383,5200.0
46384,3000.0
46385,2800.0
46386,4200.0
46387,2600.0
46388,2900.0
46389,3600.0
46390,3600.0
46391,3000.0
46392,1600.0
46393,4100.0
46394,3000.0
46395,3100.0
46396,3800.0
46397,4300.0
46398,3600.0
46399,5400.0
46400,4100.0
46401,3700.0
46402,1600.0
46403,5000.0
46404,3400.0
46405,2400.0
46406,4300.0
46407,4200.0
46408,2900.0
46409,4200.0
46410,2200.0
46411,3100.0
46412,3900.0
46413,3200.0
46414,2000.0
46415,3400.0
46416,5700.0
46417,2900.0
46418,4000.0
46419,2100.0
46420,2500.0
46421,5400.0
46422,3300.0
46423,2800.0
46424,4900.0
46425,1900.0
46426,3400.0
46427,3100.0
46428,3500.0
46429,3500.0
46430,1800.0
46431,2600.0
46432,2300.0
46433,5300.0
46434,3000.0
46435,3200.0
46436,2400.0
46437,3200.0
46438,3000.0
46439,2300.0
46440,1600.0
46441,1500.0
46442,3600.0
46443,3600.0
46444,3900.0
46445,3000.0
46446,4300.0
46447,2500.0
46448,3200.0
46449,3100.0
46450,2100.0
46451,4100.0
46452,5400.0
46453,4000.0
46454,2600.0
46455,6300.0
46456,4000.0
46457,4800.0
46458,2900.0
46459,2700.0
46460,2100.0
46461,5800.0
46462,2000.0
46463,2100.0
46464,4700.0
46465,4300.0
46466,1900.0
46467,4300.0
46468,5400.0
46469,2200.0
46470,1700.0
46471,3400.0
46472,2100.0
46473,3400.0
46474,2100.0
46475,1500.0
46476,1900.0
46477,3200.0
46478,4100.0
46479,4800.0
46480,3700.0
46481,4100.0
46482,1700.0
46483,2500.0
46484,4200.0
46485,2400.0
46486,2200.0
46487,2400.0
46488,3900.0
46489,4400.0
46490,2500.0
46491,4000.0
46492,4500.0
46493,5100.0
46494,4800.0
46495,3100.0
46496,2600.0
46497,4200.0
46498,1900.0
46499,4100.0
46500,3300.0
46501,3600.0
46502,4100.0
46503,3100.0
46504,3200.0
46505,3600.0
46506,5000.0
46507,5000.0
46508,1900.0
46509,2500.0
46510,2900.0
46511,3100.0
46512,3600.0
46513,3600.0
46514,4500.0
46515,4600.0
46516,2700.0
46517,2000.0
46518,5200.0
46519,2500.0
46520,1400.0
46521,3800.0
46522,3300.0
46523,2900.0
46524,3900.0
46525,3200.0
46526,2600.0
46527,1500.0
46528,5500.0
46529,2100.0
46530,2000.0
46531,2200.0
46532,2600.0
46533,3900.0
46534,4200.0
46535,4900.0
46536,1600.0
46537,4400.0
46538,4100.0
46539,3900.0
46540,2000.0
46541,4000.0
46542,1800.0
46543,5800.0
46544,2600.0
46545,3000.0
46546,1100.0
46547,3900.0
46548,4100.0
46549,1400.0
46550,2600.0
46551,2900.0
46552,2900.0
46553,1900.0
46554,2700.0
46555,3600.0
46556,3400.0
46557,3300.0
46558,5000.0
46559,2700.0
46560,1900.0
46561,3200.0
46562,2400.0
46563,3500.0
46564,3100.0
46565,3100.0
46566,3500.0
46567,2700.0
46568,2800.0
46569,1700.0
46570,1600.0
46571,4400.0
46572,2700.0
46573,4900.0
46574,3300.0
46575,4200.0
46576,3400.0
46577,1800.0
46578,2900.0
46579,4800.0
46580,2900.0
46581,3600.0
46582,5000.0
46583,3200.0
46584,2500.0
46585,2200.0
46586,2000.0
46587,1600.0
46588,3800.0
46589,3800.0
46590,4100.0
46591,6700.0
46592,3100.0
46593,4900.0
46594,3300.0
46595,1600.0
46596,5800.0
46597,2600.0
46598,4200.0
46599,1700.0
46600,4300.0
46601,1600.0
46602,3600.0
46603,2500.0
46604,1800.0
46605,700.0
46606,2500.0
46607,4500.0
46608,2700.0
46609,3700.0
46610,1700.0
46611,4400.0
46612,2000.0
46613,3500.0
46614,2600.0
46615,6100.0
46616,2600.0
46617,5700.0
46618,2000.0
46619,3100.0
46620,2600.0
46621,2800.0
46622,2100.0
46623,2100.0
46624,4800.0
46625,1800.0
46626,2200.0
46627,3300.0
46628,4800.0
46629,2200.0
46630,3600.0
46631,3100.0
46632,2600.0
46633,4300.0
46634,3500.0
46635,4900.0
46636,2700.0
46637,2000.0
46638,3800.0
46639,3300.0
46640,5600.0
46641,3700.0
46642,1700.0
46643,3600.0
46644,4500.0
46645,6000.0
46646,3400.0
46647,3500.0
46648,4400.0
46649,2900.0
46650,2400.0
46651,3000.0
46652,3000.0
46653,2000.0
46654,3800.0
46655,1900.0
46656,4800.0
46657,5200.0
46658,2900.0
46659,3900.0
46660,3100.0
46661,2100.0
46662,2900.0
46663,6200.0
46664,2000.0
46665,1300.0
46666,3500.0
46667,4600.0
46668,4000.0
46669,3500.0
46670,4300.0
46671,3400.0
46672,2000.0
46673,4000.0
46674,4500.0
46675,4800.0
46676,3300.0
46677,3800.0
46678,5400.0
46679,4900.0
46680,3900.0
46681,3200.0
46682,8200.0
46683,2700.0
46684,1800.0
46685,2900.0
46686,3600.0
46687,2600.0
46688,3500.0
46689,2500.0
46690,2000.0
46691,4300.0
46692,1700.0
46693,4500.0
46694,2300.0
46695,3000.0
46696,3600.0
46697,4600.0
46698,3100.0
46699,3400.0
46700,1900.0
46701,3800.0
46702,2700.0
46703,4600.0
46704,3200.0
46705,2700.0
46706,2900.0
46707,2900.0
46708,3500.0
46709,2600.0
46710,2200.0
46711,3500.0
46712,1800.0
46713,3600.0
46714,2300.0
46715,3800.0
46716,3600.0
46717,2100.0
46718,5200.0
46719,2600.0
46720,7200.0
46721,1300.0
46722,3800.0
46723,2400.0
46724,3700.0
46725,1500.0
46726,1900.0
46727,4900.0
46728,2900.0
46729,4900.0
46730,2500.0
46731,2900.0
46732,4800.0
46733,1400.0
46734,2200.0
46735,900.0
46736,4000.0
46737,1800.0
46738,3300.0
46739,2200.0
46740,5100.0
46741,2100.0
46742,4700.0
46743,3600.0
46744,3400.0
46745,4100.0
46746,1700.0
46747,1400.0
46748,2900.0
46749,3600.0
46750,6100.0
46751,3900.0
46752,2500.0
46753,2500.0
46754,4500.0
46755,6400.0
46756,5800.0
46757,3300.0
46758,2100.0
46759,4900.0
46760,4000.0
46761,4200.0
46762,3800.0
46763,3100.0
46764,2400.0
46765,2500.0
46766,4900.0
46767,2100.0
46768,2900.0
46769,3900.0
46770,5400.0
46771,2200.0
46772,3000.0
46773,3200.0
46774,3200.0
46775,3800.0
46776,2100.0
46777,3600.0
46778,3600.0
46779,5700.0
46780,4500.0
46781,5200.0
46782,2800.0
46783,2900.0
46784,3200.0
46785,5100.0
46786,1300.0
46787,3200.0
46788,2500.0
46789,1900.0
46790,1700.0
46791,3000.0
46792,3700.0
46793,3600.0
46794,1800.0
46795,1800.0
46796,2600.0
46797,3600.0
46798,4600.0
46799,4900.0
46800,2900.0
46801,3000.0
46802,3200.0
46803,4100.0
46804,2700.0
46805,3000.0
46806,2800.0
46807,2000.0
46808,3600.0
46809,4300.0
46810,4200.0
46811,1900.0
46812,2800.0
46813,1000.0
46814,4100.0
46815,500.0
46816,1700.0
46817,3900.0
46818,5600.0
46819,2200.0
46820,1900.0
46821,3900.0
46822,4500.0
46823,3400.0
46824,2600.0
46825,3400.0
46826,3400.0
46827,3200.0
46828,2300.0
46829,2200.0
46830,1800.0
46831,2400.0
46832,2000.0
46833,2200.0
46834,4400.0
46835,2900.0
46836,1300.0
46837,2600.0
46838,2100.0
46839,1600.0
46840,3400.0
46841,2700.0
46842,1800.0
46843,2700.0
46844,3400.0
46845,1500.0
46846,2100.0
46847,2200.0
46848,3900.0
46849,1800.0
46850,2300.0
46851,3200.0
46852,3600.0
46853,5400.0
46854,3300.0
46855,3000.0
46856,2000.0
46857,4100.0
46858,2900.0
46859,3900.0
46860,1700.0
46861,1700.0
46862,4400.0
46863,3400.0
46864,3100.0
46865,3900.0
46866,2900.0
46867,3500.0
46868,4500.0
46869,4100.0
46870,2400.0
46871,3600.0
46872,4000.0
46873,4100.0
46874,5900.0
46875,3200.0
46876,4400.0
46877,2900.0
46878,4500.0
46879,3800.0
46880,3000.0
46881,2300.0
46882,1900.0
46883,1900.0
46884,4000.0
46885,3500.0
46886,2100.0
46887,4500.0
46888,2400.0
46889,3200.0
46890,3500.0
46891,4200.0
46892,5600.0
46893,4600.0
46894,2300.0
46895,2300.0
46896,3000.0
46897,4200.0
46898,4900.0
46899,1200.0
46900,4100.0
46901,2100.0
46902,1800.0
46903,2800.0
46904,3800.0
46905,2000.0
46906,5000.0
46907,2700.0
46908,1900.0
46909,3100.0
46910,4100.0
46911,4300.0
46912,3000.0
46913,2200.0
46914,1800.0
46915,1800.0
46916,4400.0
46917,4200.0
46918,6100.0
46919,1600.0
46920,1600.0
46921,2900.0
46922,2700.0
46923,3400.0
46924,3300.0
46925,2800.0
46926,2800.0
46927,2000.0
46928,4700.0
46929,2900.0
46930,3600.0
46931,3600.0
46932,2700.0
46933,1800.0
46934,3600.0
46935,5000.0
46936,2100.0
46937,5000.0
46938,2400.0
46939,3900.0
46940,3700.0
46941,3400.0
46942,4100.0
46943,2800.0
46944,2900.0
46945,3100.0
46946,3700.0
46947,2000.0
46948,1900.0
46949,5000.0
46950,4100.0
46951,3900.0
46952,3200.0
46953,3500.0
46954,2800.0
46955,1600.0
46956,5300.0
46957,3700.0
46958,4100.0
46959,3400.0
46960,4400.0
46961,2400.0
46962,4000.0
46963,4200.0
46964,4500.0
46965,4300.0
46966,5000.0
46967,2700.0
46968,3800.0
46969,4800.0
46970,2300.0
46971,3800.0
46972,5800.0
46973,4100.0
46974,3300.0
46975,3000.0
46976,2600.0
46977,4500.0
46978,3600.0
46979,2200.0
46980,2800.0
46981,2600.0
46982,2400.0
46983,3600.0
46984,2900.0
46985,3900.0
46986,3800.0
46987,4100.0
46988,1600.0
46989,4300.0
46990,2800.0
46991,2200.0
46992,3400.0
46993,3300.0
46994,2500.0
46995,1600.0
46996,2500.0
46997,2600.0
46998,2300.0
46999,2300.0
47000,3000.0
47001,3500.0
47002,3800.0
47003,3200.0
47004,1000.0
47005,3900.0
47006,3300.0
47007,2800.0
47008,2000.0
47009,4000.0
47010,4600.0
47011,3200.0
47012,3300.0
47013,4700.0
47014,4100.0
47015,2400.0
47016,3800.0
47017,4000.0
47018,5000.0
47019,2700.0
47020,3300.0
47021,800.0
47022,3300.0
47023,1800.0
47024,2400.0
47025,5300.0
47026,4000.0
47027,2300.0
47028,2800.0
47029,4600.0
47030,2800.0
47031,2900.0
47032,1200.0
47033,5000.0
47034,4500.0
47035,1900.0
47036,3500.0
47037,2800.0
47038,4200.0
47039,4300.0
47040,4100.0
47041,4200.0
47042,2500.0
47043,4600.0
47044,2500.0
47045,3200.0
47046,3700.0
47047,2100.0
47048,1500.0
47049,3300.0
47050,4000.0
47051,2500.0
47052,5100.0
47053,3800.0
47054,1700.0
47055,2800.0
47056,2600.0
47057,2400.0
47058,4100.0
47059,2800.0
47060,1600.0
47061,1900.0
47062,3100.0
47063,2200.0
47064,2000.0
47065,3200.0
47066,6500.0
47067,3600.0
47068,2100.0
47069,5000.0
47070,1800.0
47071,4200.0
47072,2200.0
47073,3800.0
47074,4800.0
47075,4300.0
47076,5300.0
47077,2400.0
47078,4400.0
47079,2400.0
47080,1600.0
47081,4800.0
47082,1800.0
47083,1600.0
47084,3300.0
47085,3800.0
47086,2300.0
47087,3000.0
47088,6200.0
47089,5800.0
47090,2600.0
47091,1900.0
47092,3200.0
47093,6000.0
47094,4600.0
47095,2200.0
47096,1500.0
47097,2900.0
47098,5500.0
47099,3300.0
47100,3300.0
47101,2500.0
47102,4200.0
47103,2400.0
47104,4300.0
47105,1700.0
47106,6400.0
47107,1900.0
47108,3000.0
47109,5000.0
47110,3000.0
47111,4200.0
47112,2900.0
47113,2100.0
47114,4000.0
47115,4400.0
47116,2400.0
47117,4900.0
47118,2200.0
47119,4400.0
47120,3900.0
47121,1600.0
47122,3600.0
47123,2100.0
47124,3900.0
47125,3900.0
47126,2900.0
47127,3100.0
47128,6800.0
47129,1500.0
47130,2700.0
47131,4300.0
47132,2600.0
47133,3000.0
47134,4100.0
47135,2900.0
47136,3800.0
47137,3000.0
47138,3200.0
47139,5000.0
47140,2900.0
47141,3500.0
47142,3500.0
47143,3200.0
47144,3400.0
47145,3900.0
47146,1900.0
47147,3200.0
47148,1500.0
47149,3700.0
47150,2700.0
47151,2800.0
47152,3000.0
47153,2600.0
47154,2300.0
47155,2200.0
47156,2100.0
47157,1800.0
47158,3000.0
47159,2800.0
47160,4700.0
47161,5300.0
47162,3000.0
47163,3900.0
47164,4300.0
47165,1600.0
47166,2800.0
47167,2200.0
47168,4400.0
47169,3200.0
47170,5500.0
47171,2000.0
47172,1100.0
47173,3300.0
47174,3900.0
47175,4400.0
47176,3600.0
47177,2000.0
47178,2800.0
47179,3700.0
47180,2300.0
47181,1900.0
47182,4500.0
47183,3500.0
47184,3600.0
47185,2900.0
47186,2800.0
47187,2600.0
47188,3800.0
47189,5000.0
47190,2800.0
47191,3100.0
47192,1800.0
47193,2800.0
47194,3900.0
47195,2300.0
47196,2800.0
47197,1500.0
47198,3600.0
47199,1500.0
47200,2000.0
47201,2200.0
47202,5200.0
47203,1000.0
47204,4500.0
47205,5000.0
47206,2400.0
47207,4800.0
47208,3600.0
47209,3200.0
47210,3500.0
47211,4300.0
47212,3200.0
47213,4000.0
47214,2100.0
47215,2700.0
47216,1900.0
47217,4400.0
47218,5100.0
47219,2400.0
47220,4400.0
47221,2600.0
47222,5200.0
47223,1800.0
47224,3900.0
47225,3900.0
47226,3700.0
47227,6100.0
47228,3000.0
47229,1900.0
47230,2300.0
47231,3800.0
47232,3300.0
47233,1600.0
47234,2300.0
47235,1700.0
47236,3600.0
47237,3500.0
47238,3800.0
47239,2400.0
47240,1800.0
47241,5600.0
47242,3400.0
47243,1700.0
47244,1800.0
47245,2800.0
47246,2000.0
47247,3400.0
47248,3000.0
47249,2500.0
47250,3500.0
47251,3200.0
47252,3100.0
47253,2500.0
47254,2400.0
47255,3600.0
47256,2200.0
47257,2700.0
47258,3900.0
47259,2100.0
47260,4200.0
47261,3800.0
47262,1600.0
47263,4300.0
47264,2500.0
47265,2300.0
47266,3600.0
47267,1900.0
47268,4400.0
47269,1900.0
47270,2400.0
47271,1500.0
47272,3000.0
47273,3000.0
47274,2400.0
47275,2300.0
47276,3000.0
47277,4100.0
47278,3700.0
47279,2700.0
47280,2700.0
47281,4000.0
47282,3600.0
47283,2000.0
47284,2100.0
47285,2600.0
47286,3600.0
47287,3000.0
47288,2600.0
47289,3100.0
47290,4400.0
47291,1800.0
47292,2600.0
47293,4000.0
47294,2600.0
47295,3700.0
47296,5300.0
47297,1600.0
47298,2100.0
47299,3000.0
47300,4300.0
47301,6500.0
47302,4400.0
47303,2800.0
47304,2200.0
47305,3100.0
47306,4100.0
47307,2800.0
47308,2100.0
47309,1800.0
47310,1700.0
47311,3500.0
47312,2200.0
47313,3800.0
47314,1700.0
47315,2300.0
47316,1500.0
47317,3800.0
47318,4800.0
47319,3600.0
47320,1900.0
47321,3800.0
47322,3200.0
47323,3300.0
47324,4300.0
47325,2700.0
47326,4400.0
47327,5100.0
47328,2500.0
47329,3300.0
47330,3800.0
47331,3600.0
47332,2200.0
47333,4500.0
47334,3900.0
47335,3500.0
47336,4100.0
47337,4100.0
47338,2900.0
47339,2100.0
47340,6400.0
47341,2300.0
47342,3600.0
47343,3500.0
47344,2300.0
47345,3800.0
47346,3200.0
47347,1900.0
47348,3500.0
47349,3700.0
47350,4600.0
47351,1500.0
47352,1600.0
47353,4000.0
47354,2200.0
47355,2200.0
47356,4000.0
47357,3300.0
47358,3900.0
47359,3700.0
47360,3000.0
47361,2200.0
47362,2700.0
47363,5300.0
47364,2600.0
47365,1600.0
47366,3400.0
47367,2100.0
47368,2200.0
47369,4700.0
47370,3800.0
47371,4100.0
47372,2200.0
47373,4000.0
47374,4500.0
47375,4200.0
47376,1900.0
47377,3500.0
47378,3000.0
47379,5100.0
47380,3000.0
47381,4500.0
47382,3200.0
47383,3800.0
47384,3000.0
47385,2300.0
47386,1700.0
47387,1700.0
47388,2500.0
47389,2700.0
47390,3200.0
47391,3600.0
47392,4400.0
47393,1500.0
47394,3400.0
47395,6200.0
47396,3600.0
47397,4300.0
47398,3700.0
47399,4600.0
47400,2200.0
47401,2500.0
47402,5700.0
47403,3000.0
47404,5300.0
47405,4400.0
47406,3200.0
47407,3200.0
47408,3000.0
47409,2300.0
47410,1800.0
47411,2000.0
47412,4400.0
47413,4700.0
47414,5100.0
47415,1700.0
47416,2700.0
47417,3800.0
47418,2800.0
47419,2000.0
47420,5500.0
47421,3200.0
47422,3100.0
47423,3300.0
47424,2400.0
47425,4300.0
47426,4900.0
47427,5800.0
47428,6300.0
47429,4300.0
47430,4200.0
47431,1700.0
47432,3300.0
47433,4100.0
47434,4300.0
47435,2500.0
47436,3900.0
47437,2800.0
47438,2100.0
47439,2500.0
47440,4400.0
47441,6300.0
47442,4200.0
47443,2300.0
47444,2500.0
47445,4600.0
47446,4000.0
47447,2300.0
47448,3100.0
47449,2100.0
47450,3800.0
47451,2600.0
47452,3500.0
47453,4600.0
47454,2200.0
47455,2200.0
47456,3000.0
47457,2200.0
47458,3000.0
47459,1600.0
47460,4100.0
47461,3400.0
47462,3500.0
47463,3600.0
47464,3100.0
47465,6600.0
47466,1600.0
47467,2300.0
47468,4600.0
47469,3900.0
47470,2700.0
47471,2700.0
47472,3400.0
47473,1800.0
47474,2400.0
47475,1900.0
47476,1700.0
47477,7400.0
47478,1000.0
47479,5100.0
47480,3800.0
47481,2100.0
47482,2400.0
47483,3100.0
47484,3000.0
47485,1900.0
47486,3300.0
47487,2700.0
47488,3400.0
47489,3100.0
47490,1800.0
47491,4300.0
47492,3800.0
47493,1800.0
47494,4300.0
47495,2600.0
47496,3800.0
47497,2500.0
47498,2400.0
47499,3900.0
47500,5700.0
47501,1700.0
47502,3200.0
47503,2500.0
47504,4400.0
47505,2900.0
47506,5000.0
47507,3900.0
47508,2900.0
47509,2100.0
47510,1700.0
47511,4200.0
47512,3400.0
47513,3400.0
47514,4100.0
47515,1500.0
47516,1800.0
47517,3800.0
47518,1600.0
47519,4000.0
47520,1700.0
47521,3800.0
47522,4700.0
47523,2500.0
47524,2100.0
47525,2900.0
47526,2400.0
47527,4500.0
47528,1400.0
47529,4300.0
47530,1900.0
47531,2900.0
47532,5900.0
47533,4700.0
47534,4300.0
47535,1800.0
47536,4400.0
47537,3200.0
47538,1200.0
47539,2100.0
47540,2000.0
47541,3700.0
47542,5900.0
47543,4400.0
47544,3400.0
47545,5000.0
47546,4000.0
47547,3100.0
47548,3300.0
47549,3000.0
47550,7000.0
47551,3800.0
47552,4400.0
47553,2800.0
47554,5800.0
47555,4500.0
47556,3000.0
47557,1800.0
47558,4100.0
47559,3900.0
47560,3000.0
47561,3700.0
47562,3300.0
47563,3600.0
47564,3900.0
47565,3100.0
47566,4700.0
47567,2300.0
47568,1800.0
47569,1700.0
47570,2300.0
47571,2800.0
47572,5300.0
47573,3000.0
47574,1800.0
47575,2500.0
47576,5000.0
47577,2600.0
47578,2600.0
47579,4000.0
47580,4500.0
47581,3300.0
47582,3000.0
47583,1500.0
47584,3600.0
47585,2000.0
47586,1900.0
47587,2500.0
47588,1700.0
47589,5200.0
47590,4900.0
47591,3600.0
47592,1700.0
47593,2200.0
47594,6000.0
47595,3200.0
47596,4100.0
47597,2400.0
47598,2400.0
47599,1400.0
47600,4900.0
47601,2300.0
47602,4200.0
47603,3700.0
47604,6400.0
47605,2000.0
47606,3900.0
47607,3000.0
47608,4000.0
47609,2700.0
47610,2400.0
47611,2500.0
47612,4000.0
47613,2600.0
47614,2000.0
47615,4000.0
47616,5900.0
47617,1800.0
47618,5300.0
47619,6300.0
47620,3300.0
47621,1400.0
47622,4600.0
47623,2100.0
47624,4500.0
47625,4500.0
47626,2300.0
47627,3200.0
47628,4700.0
47629,4400.0
47630,2300.0
47631,4700.0
47632,2600.0
47633,1500.0
47634,3300.0
47635,3000.0
47636,4300.0
47637,2100.0
47638,4600.0
47639,2400.0
47640,5500.0
47641,2600.0
47642,2300.0
47643,3400.0
47644,4100.0
47645,1900.0
47646,4000.0
47647,3600.0
47648,2400.0
47649,2500.0
47650,3300.0
47651,4200.0
47652,2500.0
47653,3700.0
47654,4600.0
47655,3600.0
47656,5200.0
47657,3600.0
47658,2900.0
47659,3000.0
47660,4300.0
47661,2500.0
47662,4500.0
47663,4700.0
47664,3200.0
47665,5000.0
47666,3800.0
47667,4900.0
47668,2000.0
47669,2100.0
47670,2400.0
47671,3200.0
47672,3400.0
47673,2500.0
47674,3000.0
47675,1700.0
47676,3400.0
47677,3300.0
47678,2900.0
47679,4100.0
47680,400.0
47681,2900.0
47682,3200.0
47683,1400.0
47684,3300.0
47685,3800.0
47686,4900.0
47687,4500.0
47688,3500.0
47689,6300.0
47690,4600.0
47691,2200.0
47692,4700.0
47693,4500.0
47694,4100.0
47695,2000.0
47696,3300.0
47697,1900.0
47698,4100.0
47699,2600.0
47700,1800.0
47701,6100.0
47702,2100.0
47703,5300.0
47704,2000.0
47705,3400.0
47706,4800.0
47707,2000.0
47708,4300.0
47709,2000.0
47710,3000.0
47711,4200.0
47712,3500.0
47713,4500.0
47714,3300.0
47715,2700.0
47716,4000.0
47717,3400.0
47718,3000.0
47719,2800.0
47720,3000.0
47721,1600.0
47722,4100.0
47723,5200.0
47724,5000.0
47725,3000.0
47726,3000.0
47727,3000.0
47728,2100.0
47729,3300.0
47730,7600.0
47731,2100.0
47732,2800.0
47733,2900.0
47734,1600.0
47735,2200.0
47736,4000.0
47737,2000.0
47738,2700.0
47739,5800.0
47740,4900.0
47741,2700.0
47742,3300.0
47743,1100.0
47744,3000.0
47745,3800.0
47746,2400.0
47747,1800.0
47748,3100.0
47749,3900.0
47750,4000.0
47751,3200.0
47752,3200.0
47753,3500.0
47754,1900.0
47755,2300.0
47756,2500.0
47757,2300.0
47758,4700.0
47759,2500.0
47760,2700.0
47761,3400.0
47762,3400.0
47763,4800.0
47764,2600.0
47765,3700.0
47766,4500.0
47767,5900.0
47768,2200.0
47769,4800.0
47770,4200.0
47771,2400.0
47772,3500.0
47773,1800.0
47774,2900.0
47775,2300.0
47776,3500.0
47777,5300.0
47778,4400.0
47779,4200.0
47780,2400.0
47781,1800.0
47782,4100.0
47783,2000.0
47784,4100.0
47785,3600.0
47786,3200.0
47787,3400.0
47788,1700.0
47789,1400.0
47790,1900.0
47791,2000.0
47792,2300.0
47793,2500.0
47794,1800.0
47795,3100.0
47796,3500.0
47797,4700.0
47798,2300.0
47799,2500.0
47800,4400.0
47801,2600.0
47802,3600.0
47803,2400.0
47804,3200.0
47805,1500.0
47806,2600.0
47807,5200.0
47808,3700.0
47809,2400.0
47810,3000.0
47811,4500.0
47812,1700.0
47813,3700.0
47814,4800.0
47815,3200.0
47816,2900.0
47817,3900.0
47818,2300.0
47819,2400.0
47820,3200.0
47821,2600.0
47822,5100.0
47823,3400.0
47824,3700.0
47825,1900.0
47826,4500.0
47827,3100.0
47828,4200.0
47829,6400.0
47830,2300.0
47831,3800.0
47832,3800.0
47833,2600.0
47834,1900.0
47835,3400.0
47836,5000.0
47837,2800.0
47838,3800.0
47839,5100.0
47840,3800.0
47841,1400.0
47842,2300.0
47843,3800.0
47844,4100.0
47845,1800.0
47846,3500.0
47847,4700.0
47848,2300.0
47849,3000.0
47850,3400.0
47851,6000.0
47852,4200.0
47853,2200.0
47854,5100.0
47855,3000.0
47856,5900.0
47857,4400.0
47858,5800.0
47859,2100.0
47860,2300.0
47861,2000.0
47862,2000.0
47863,4400.0
47864,1300.0
47865,4600.0
47866,1200.0
47867,2400.0
47868,4000.0
47869,4200.0
47870,2900.0
47871,1800.0
47872,2100.0
47873,3400.0
47874,4300.0
47875,4100.0
47876,2400.0
47877,2300.0
47878,2200.0
47879,3600.0
47880,2900.0
47881,6300.0
47882,1800.0
47883,1700.0
47884,3600.0
47885,2600.0
47886,3800.0
47887,2300.0
47888,5000.0
47889,1600.0
47890,2200.0
47891,2000.0
47892,2700.0
47893,3800.0
47894,3200.0
47895,2900.0
47896,3400.0
47897,3400.0
47898,5700.0
47899,2500.0
47900,4200.0
47901,3700.0
47902,2700.0
47903,2000.0
47904,3500.0
47905,3700.0
47906,2000.0
47907,2500.0
47908,1900.0
47909,3800.0
47910,4200.0
47911,3100.0
47912,1800.0
47913,5200.0
47914,2400.0
47915,2300.0
47916,4100.0
47917,3500.0
47918,4500.0
47919,3000.0
47920,3600.0
47921,5600.0
47922,3900.0
47923,2900.0
47924,2800.0
47925,3300.0
47926,4300.0
47927,1800.0
47928,3600.0
47929,4000.0
47930,4200.0
47931,2300.0
47932,3400.0
47933,4900.0
47934,3200.0
47935,1800.0
47936,3300.0
47937,2600.0
47938,2500.0
47939,3800.0
47940,1400.0
47941,4300.0
47942,6600.0
47943,5900.0
47944,3400.0
47945,5500.0
47946,4300.0
47947,2800.0
47948,5100.0
47949,4700.0
47950,4700.0
47951,3500.0
47952,2400.0
47953,2100.0
47954,5100.0
47955,4000.0
47956,5200.0
47957,1800.0
47958,4500.0
47959,3600.0
47960,1900.0
47961,4800.0
47962,4300.0
47963,3700.0
47964,4700.0
47965,2200.0
47966,2700.0
47967,4400.0
47968,5300.0
47969,1800.0
47970,2900.0
47971,4700.0
47972,3700.0
47973,5300.0
47974,4500.0
47975,2900.0
47976,2100.0
47977,1900.0
47978,3300.0
47979,5400.0
47980,3700.0
47981,2800.0
47982,2800.0
47983,2700.0
47984,4900.0
47985,4100.0
47986,3700.0
47987,2600.0
47988,4000.0
47989,3900.0
47990,2900.0
47991,2600.0
47992,3300.0
47993,3900.0
47994,1700.0
47995,3800.0
47996,3000.0
47997,2900.0
47998,2600.0
47999,2100.0
48000,3900.0
48001,4200.0
48002,5100.0
48003,2300.0
48004,3700.0
48005,3200.0
48006,1800.0
48007,5800.0
48008,4000.0
48009,1000.0
48010,2900.0
48011,1600.0
48012,4000.0
48013,1900.0
48014,3900.0
48015,4700.0
48016,2100.0
48017,3700.0
48018,1900.0
48019,2200.0
48020,4200.0
48021,2300.0
48022,3000.0
48023,5200.0
48024,4300.0
48025,3000.0
48026,3400.0
48027,3000.0
48028,2700.0
48029,4600.0
48030,2600.0
48031,2200.0
48032,2300.0
48033,3100.0
48034,2200.0
48035,4600.0
48036,4000.0
48037,2400.0
48038,2500.0
48039,2800.0
48040,3400.0
48041,2300.0
48042,3600.0
48043,2600.0
48044,1800.0
48045,4500.0
48046,2200.0
48047,3600.0
48048,4600.0
48049,3000.0
48050,4000.0
48051,1900.0
48052,5000.0
48053,2800.0
48054,1000.0
48055,1700.0
48056,2800.0
48057,4800.0
48058,3200.0
48059,3100.0
48060,1700.0
48061,3900.0
48062,1800.0
48063,2500.0
48064,1900.0
48065,3000.0
48066,1500.0
48067,3100.0
48068,2500.0
48069,4100.0
48070,4300.0
48071,4000.0
48072,3400.0
48073,3500.0
48074,4700.0
48075,3300.0
48076,1200.0
48077,2400.0
48078,2000.0
48079,5400.0
48080,2800.0
48081,3100.0
48082,3600.0
48083,6700.0
48084,2700.0
48085,3500.0
48086,2200.0
48087,4100.0
48088,1900.0
48089,4900.0
48090,2600.0
48091,1500.0
48092,4100.0
48093,2800.0
48094,3700.0
48095,2200.0
48096,3800.0
48097,3800.0
48098,5100.0
48099,1700.0
48100,3000.0
48101,3500.0
48102,4000.0
48103,2800.0
48104,1900.0
48105,4100.0
48106,3600.0
48107,1900.0
48108,2900.0
48109,3200.0
48110,6000.0
48111,5300.0
48112,4900.0
48113,3600.0
48114,2000.0
48115,4100.0
48116,2800.0
48117,1800.0
48118,2600.0
48119,5500.0
48120,2000.0
48121,2900.0
48122,2200.0
48123,3300.0
48124,3600.0
48125,2400.0
48126,2000.0
48127,2500.0
48128,3800.0
48129,2400.0
48130,4500.0
48131,1900.0
48132,4100.0
48133,3100.0
48134,2800.0
48135,3800.0
48136,2400.0
48137,4800.0
48138,3600.0
48139,3200.0
48140,2000.0
48141,2800.0
48142,1400.0
48143,4300.0
48144,4800.0
48145,3900.0
48146,2000.0
48147,1900.0
48148,2200.0
48149,3000.0
48150,4300.0
48151,2600.0
48152,3700.0
48153,4400.0
48154,1500.0
48155,2600.0
48156,5100.0
48157,2600.0
48158,1500.0
48159,2800.0
48160,4200.0
48161,3900.0
48162,4200.0
48163,3400.0
48164,2900.0
48165,2200.0
48166,3400.0
48167,3400.0
48168,3200.0
48169,3800.0
48170,4800.0
48171,2400.0
48172,2700.0
48173,5100.0
48174,5200.0
48175,3600.0
48176,2100.0
48177,3200.0
48178,1400.0
48179,4400.0
48180,5000.0
48181,2300.0
48182,1100.0
48183,3500.0
48184,2700.0
48185,4200.0
48186,4900.0
48187,2400.0
48188,2300.0
48189,4900.0
48190,3700.0
48191,1800.0
48192,3700.0
48193,2000.0
48194,1900.0
48195,4400.0
48196,3000.0
48197,3300.0
48198,2500.0
48199,2900.0
48200,2700.0
48201,4800.0
48202,4600.0
48203,3900.0
48204,1900.0
48205,3400.0
48206,2400.0
48207,2400.0
48208,4100.0
48209,3000.0
48210,2900.0
48211,3000.0
48212,4600.0
48213,3000.0
48214,4300.0
48215,5900.0
48216,3400.0
48217,2800.0
48218,3100.0
48219,4500.0
48220,4300.0
48221,4000.0
48222,4800.0
48223,2100.0
48224,1900.0
48225,4200.0
48226,2800.0
48227,4800.0
48228,5700.0
48229,1300.0
48230,3200.0
48231,2400.0
48232,1600.0
48233,4300.0
48234,2900.0
48235,2400.0
48236,2100.0
48237,4300.0
48238,2600.0
48239,4400.0
48240,3000.0
48241,7100.0
48242,5500.0
48243,2700.0
48244,4000.0
48245,1700.0
48246,2600.0
48247,4900.0
48248,2100.0
48249,5000.0
48250,2200.0
48251,2400.0
48252,3000.0
48253,3400.0
48254,2600.0
48255,2600.0
48256,4400.0
48257,4200.0
48258,3300.0
48259,2700.0
48260,3200.0
48261,4000.0
48262,2200.0
48263,5800.0
48264,1200.0
48265,3800.0
48266,6500.0
48267,1400.0
48268,5900.0
48269,1900.0
48270,3000.0
48271,2600.0
48272,4000.0
48273,3900.0
48274,2100.0
48275,4000.0
48276,2600.0
48277,2500.0
48278,1800.0
48279,4100.0
48280,2700.0
48281,4800.0
48282,1900.0
48283,3700.0
48284,4500.0
48285,1700.0
48286,2700.0
48287,3600.0
48288,3900.0
48289,2700.0
48290,2700.0
48291,5300.0
48292,1800.0
48293,2100.0
48294,2800.0
48295,4100.0
48296,1600.0
48297,5000.0
48298,1900.0
48299,4900.0
48300,3200.0
48301,3400.0
48302,2900.0
48303,4100.0
48304,2400.0
48305,3900.0
48306,3600.0
48307,3000.0
48308,3100.0
48309,4000.0
48310,2200.0
48311,1900.0
48312,2200.0
48313,4700.0
48314,4900.0
48315,5800.0
48316,3000.0
48317,1600.0
48318,2600.0
48319,3000.0
48320,2300.0
48321,2700.0
48322,2300.0
48323,3400.0
48324,2600.0
48325,4000.0
48326,5500.0
48327,2400.0
48328,6600.0
48329,5700.0
48330,4100.0
48331,3900.0
48332,2400.0
48333,4200.0
48334,3800.0
48335,3100.0
48336,4000.0
48337,4700.0
48338,4800.0
48339,1200.0
48340,3600.0
48341,5300.0
48342,5700.0
48343,4000.0
48344,1700.0
48345,2600.0
48346,5600.0
48347,2800.0
48348,3500.0
48349,2200.0
48350,2600.0
48351,4300.0
48352,2200.0
48353,1400.0
48354,2200.0
48355,1600.0
48356,3100.0
48357,2200.0
48358,3200.0
48359,3600.0
48360,2100.0
48361,2200.0
48362,3100.0
48363,6100.0
48364,1500.0
48365,2700.0
48366,2600.0
48367,4900.0
48368,3700.0
48369,3300.0
48370,4800.0
48371,2600.0
48372,1600.0
48373,1600.0
48374,3100.0
48375,1400.0
48376,2600.0
48377,4800.0
48378,2700.0
48379,2600.0
48380,4000.0
48381,2800.0
48382,1400.0
48383,2700.0
48384,4900.0
48385,4400.0
48386,3700.0
48387,1700.0
48388,3400.0
48389,2400.0
48390,2100.0
48391,3600.0
48392,4600.0
48393,6200.0
48394,2500.0
48395,3800.0
48396,4400.0
48397,4600.0
48398,1400.0
48399,2900.0
48400,2300.0
48401,1600.0
48402,1400.0
48403,1800.0
48404,2600.0
48405,3500.0
48406,3300.0
48407,3600.0
48408,2100.0
48409,2000.0
48410,4300.0
48411,3600.0
48412,2800.0
48413,2700.0
48414,2600.0
48415,2700.0
48416,3200.0
48417,3900.0
48418,3200.0
48419,2200.0
48420,2400.0
48421,2900.0
48422,7200.0
48423,5200.0
48424,3900.0
48425,2900.0
48426,2300.0
48427,3900.0
48428,2200.0
48429,2600.0
48430,2000.0
48431,4100.0
48432,4500.0
48433,3200.0
48434,3900.0
48435,3500.0
48436,4500.0
48437,2300.0
48438,4000.0
48439,3600.0
48440,4000.0
48441,2600.0
48442,5500.0
48443,3200.0
48444,3600.0
48445,4400.0
48446,3300.0
48447,3200.0
48448,1800.0
48449,2300.0
48450,2400.0
48451,3800.0
48452,3500.0
48453,1800.0
48454,2400.0
48455,3900.0
48456,4000.0
48457,4300.0
48458,1800.0
48459,3700.0
48460,4500.0
48461,4600.0
48462,1900.0
48463,2600.0
48464,3300.0
48465,2300.0
48466,2000.0
48467,3900.0
48468,5100.0
48469,3700.0
48470,3500.0
48471,2900.0
48472,4200.0
48473,2400.0
48474,2700.0
48475,2800.0
48476,5700.0
48477,4400.0
48478,3800.0
48479,1500.0
48480,2000.0
48481,1600.0
48482,4100.0
48483,3200.0
48484,2500.0
48485,4700.0
48486,1900.0
48487,3600.0
48488,4000.0
48489,5200.0
48490,2900.0
48491,2800.0
48492,3200.0
48493,2000.0
48494,5800.0
48495,2600.0
48496,2000.0
48497,4000.0
48498,2300.0
48499,5000.0
48500,2600.0
48501,5700.0
48502,3700.0
48503,2400.0
48504,4100.0
48505,1700.0
48506,5400.0
48507,2500.0
48508,4400.0
48509,3300.0
48510,3200.0
48511,3800.0
48512,3900.0
48513,5300.0
48514,2300.0
48515,4200.0
48516,1900.0
48517,2300.0
48518,3200.0
48519,4100.0
48520,4100.0
48521,2300.0
48522,1800.0
48523,3600.0
48524,800.0
48525,3900.0
48526,6100.0
48527,3600.0
48528,4600.0
48529,3100.0
48530,3200.0
48531,1200.0
48532,2400.0
48533,2900.0
48534,3000.0
48535,2800.0
48536,3000.0
48537,2200.0
48538,1500.0
48539,5100.0
48540,1700.0
48541,5000.0
48542,4200.0
48543,4900.0
48544,4700.0
48545,3100.0
48546,4300.0
48547,2300.0
48548,2200.0
48549,3400.0
48550,2400.0
48551,2800.0
48552,3200.0
48553,2000.0
48554,3800.0
48555,3100.0
48556,3000.0
48557,1500.0
48558,3100.0
48559,2800.0
48560,3400.0
48561,3900.0
48562,4700.0
48563,3000.0
48564,3800.0
48565,3500.0
48566,6000.0
48567,3100.0
48568,2100.0
48569,2700.0
48570,4300.0
48571,2800.0
48572,2200.0
48573,2500.0
48574,4200.0
48575,4300.0
48576,3500.0
48577,3400.0
48578,2300.0
48579,2200.0
48580,3000.0
48581,3000.0
48582,2400.0
48583,1000.0
48584,2200.0
48585,5400.0
48586,2300.0
48587,3000.0
48588,2000.0
48589,2500.0
48590,2200.0
48591,1700.0
48592,2200.0
48593,4200.0
48594,1800.0
48595,4000.0
48596,4000.0
48597,2300.0
48598,3200.0
48599,3100.0
48600,2500.0
48601,2400.0
48602,5400.0
48603,3000.0
48604,2000.0
48605,2500.0
48606,3500.0
48607,2400.0
48608,2300.0
48609,2200.0
48610,2700.0
48611,3900.0
48612,2800.0
48613,2200.0
48614,1900.0
48615,2600.0
48616,3400.0
48617,4100.0
48618,2200.0
48619,1400.0
48620,5000.0
48621,2100.0
48622,3700.0
48623,4200.0
48624,3800.0
48625,2600.0
48626,3100.0
48627,3700.0
48628,2300.0
48629,2600.0
48630,2000.0
48631,3900.0
48632,3700.0
48633,2400.0
48634,3200.0
48635,2700.0
48636,3500.0
48637,2100.0
48638,3200.0
48639,4700.0
48640,4000.0
48641,4100.0
48642,3100.0
48643,3800.0
48644,2300.0
48645,5800.0
48646,2300.0
48647,2100.0
48648,3700.0
48649,1500.0
48650,4200.0
48651,1200.0
48652,2400.0
48653,2000.0
48654,4300.0
48655,3800.0
48656,2800.0
48657,4600.0
48658,2900.0
48659,3100.0
48660,2800.0
48661,4800.0
48662,1500.0
48663,1800.0
48664,7200.0
48665,4000.0
48666,2700.0
48667,4600.0
48668,2100.0
48669,1900.0
48670,4200.0
48671,2500.0
48672,1900.0
48673,3400.0
48674,3400.0
48675,1600.0
48676,3600.0
48677,4200.0
48678,3200.0
48679,2600.0
48680,3400.0
48681,1600.0
48682,2100.0
48683,2700.0
48684,1600.0
48685,3300.0
48686,3000.0
48687,1700.0
48688,3300.0
48689,2400.0
48690,1900.0
48691,3500.0
48692,2100.0
48693,5100.0
48694,1500.0
48695,2100.0
48696,3900.0
48697,4200.0
48698,5600.0
48699,1900.0
48700,3800.0
48701,1800.0
48702,3100.0
48703,2500.0
48704,1700.0
48705,5100.0
48706,1600.0
48707,2800.0
48708,2000.0
48709,3900.0
48710,1900.0
48711,4400.0
48712,3800.0
48713,5700.0
48714,4200.0
48715,3200.0
48716,3100.0
48717,5300.0
48718,4100.0
48719,3000.0
48720,5100.0
48721,4200.0
48722,5000.0
48723,4800.0
48724,1700.0
48725,2200.0
48726,3400.0
48727,5200.0
48728,3700.0
48729,3800.0
48730,3900.0
48731,6200.0
48732,3400.0
48733,3300.0
48734,2500.0
48735,3700.0
48736,3600.0
48737,2200.0
48738,4600.0
48739,2600.0
48740,4100.0
48741,3600.0
48742,3400.0
48743,4100.0
48744,5400.0
48745,2900.0
48746,1600.0
48747,5600.0
48748,4300.0
48749,3600.0
48750,3600.0
48751,2400.0
48752,4400.0
48753,3900.0
48754,3100.0
48755,3500.0
48756,1600.0
48757,6300.0
48758,4400.0
48759,4300.0
48760,3200.0
48761,1600.0
48762,4300.0
48763,2100.0
48764,6200.0
48765,5300.0
48766,2800.0
48767,3800.0
48768,3700.0
48769,5000.0
48770,3100.0
48771,1000.0
48772,2600.0
48773,4500.0
48774,4400.0
48775,5400.0
48776,3900.0
48777,3700.0
48778,5100.0
48779,2200.0
48780,2000.0
48781,4900.0
48782,4500.0
48783,6000.0
48784,2700.0
48785,2000.0
48786,1400.0
48787,1800.0
48788,4200.0
48789,3100.0
48790,6100.0
48791,3300.0
48792,2600.0
48793,2800.0
48794,2000.0
48795,2700.0
48796,2700.0
48797,2000.0
48798,4400.0
48799,2100.0
48800,2400.0
48801,2900.0
48802,3500.0
48803,6500.0
48804,3100.0
48805,2100.0
48806,2500.0
48807,1900.0
48808,2700.0
48809,3900.0
48810,1400.0
48811,1000.0
48812,4600.0
48813,3300.0
48814,3000.0
48815,4900.0
48816,2200.0
48817,3700.0
48818,1900.0
48819,3400.0
48820,6700.0
48821,4600.0
48822,4400.0
48823,3600.0
48824,3800.0
48825,4000.0
48826,3600.0
48827,2300.0
48828,2500.0
48829,2700.0
48830,4600.0
48831,3000.0
48832,2900.0
48833,3700.0
48834,5800.0
48835,5500.0
48836,3000.0
48837,3800.0
48838,2100.0
48839,4600.0
48840,4400.0
48841,3000.0
48842,2000.0
48843,3100.0
48844,2300.0
48845,4500.0
48846,3100.0
48847,2700.0
48848,2300.0
48849,2700.0
48850,3100.0
48851,2600.0
48852,4900.0
48853,2700.0
48854,1800.0
48855,1000.0
48856,3100.0
48857,3000.0
48858,4100.0
48859,3600.0
48860,1800.0
48861,1800.0
48862,2700.0
48863,4600.0
48864,5200.0
48865,3500.0
48866,3300.0
48867,4900.0
48868,2900.0
48869,3400.0
48870,2900.0
48871,4500.0
48872,2900.0
48873,4800.0
48874,4200.0
48875,2100.0
48876,4100.0
48877,3900.0
48878,2700.0
48879,1900.0
48880,5300.0
48881,4000.0
48882,4100.0
48883,3000.0
48884,3400.0
48885,4300.0
48886,2800.0
48887,4400.0
48888,7100.0
48889,2600.0
48890,2300.0
48891,2500.0
48892,3600.0
48893,4100.0
48894,4400.0
48895,3100.0
48896,3800.0
48897,4200.0
48898,1800.0
48899,2600.0
48900,4800.0
48901,2800.0
48902,3200.0
48903,2100.0
48904,2800.0
48905,2800.0
48906,4500.0
48907,5300.0
48908,2100.0
48909,1400.0
48910,1600.0
48911,2600.0
48912,4200.0
48913,3400.0
48914,4200.0
48915,2900.0
48916,2300.0
48917,3700.0
48918,6200.0
48919,2000.0
48920,4600.0
48921,2500.0
48922,4100.0
48923,4700.0
48924,2600.0
48925,3900.0
48926,3100.0
48927,2600.0
48928,4800.0
48929,3400.0
48930,5700.0
48931,1600.0
48932,3700.0
48933,2400.0
48934,4700.0
48935,1600.0
48936,2900.0
48937,3400.0
48938,1900.0
48939,4100.0
48940,1600.0
48941,3500.0
48942,7200.0
48943,6200.0
48944,4900.0
48945,5500.0
48946,2800.0
48947,1800.0
48948,4000.0
48949,1200.0
48950,2300.0
48951,4700.0
48952,3300.0
48953,4200.0
48954,3400.0
48955,4200.0
48956,1500.0
48957,3000.0
48958,1700.0
48959,2400.0
48960,1800.0
48961,2500.0
48962,3200.0
48963,4300.0
48964,2300.0
48965,2300.0
48966,5500.0
48967,2600.0
48968,2700.0
48969,3300.0
48970,2900.0
48971,5300.0
48972,4100.0
48973,3700.0
48974,2700.0
48975,2400.0
48976,4300.0
48977,1400.0
48978,900.0
48979,2100.0
48980,3400.0
48981,2700.0
48982,3000.0
48983,4300.0
48984,3500.0
48985,3000.0
48986,3400.0
48987,1900.0
48988,5600.0
48989,1700.0
48990,3300.0
48991,3800.0
48992,4800.0
48993,3100.0
48994,3700.0
48995,4200.0
48996,4100.0
48997,4200.0
48998,2400.0
48999,1600.0
49000,4100.0
49001,4800.0
49002,3800.0
49003,4300.0
49004,3400.0
49005,5500.0
49006,3800.0
49007,3800.0
49008,2900.0
49009,3400.0
49010,3300.0
49011,2900.0
49012,4900.0
49013,4400.0
49014,3500.0
49015,3000.0
49016,2500.0
49017,4200.0
49018,2800.0
49019,3600.0
49020,2800.0
49021,3800.0
49022,1700.0
49023,4300.0
49024,2900.0
49025,4600.0
49026,3600.0
49027,4800.0
49028,1700.0
49029,4500.0
49030,5000.0
49031,2300.0
49032,3400.0
49033,2100.0
49034,2800.0
49035,3100.0
49036,3300.0
49037,2500.0
49038,4500.0
49039,2200.0
49040,2700.0
49041,3300.0
49042,2500.0
49043,2300.0
49044,3000.0
49045,2100.0
49046,3900.0
49047,2000.0
49048,5200.0
49049,3900.0
49050,1900.0
49051,2400.0
49052,2700.0
49053,3000.0
49054,5100.0
49055,2000.0
49056,3400.0
49057,4500.0
49058,2200.0
49059,1400.0
49060,2900.0
49061,3100.0
49062,3400.0
49063,2600.0
49064,2800.0
49065,3900.0
49066,3900.0
49067,1800.0
49068,2000.0
49069,2200.0
49070,1900.0
49071,3100.0
49072,3600.0
49073,4000.0
49074,3800.0
49075,4000.0
49076,4200.0
49077,3300.0
49078,1500.0
49079,5200.0
49080,4500.0
49081,3300.0
49082,3800.0
49083,4200.0
49084,7300.0
49085,2600.0
49086,3700.0
49087,3100.0
49088,3300.0
49089,2900.0
49090,3300.0
49091,4200.0
49092,4500.0
49093,1800.0
49094,6600.0
49095,4500.0
49096,5900.0
49097,3800.0
49098,1100.0
49099,1900.0
49100,2400.0
49101,3700.0
49102,4500.0
49103,2600.0
49104,3300.0
49105,2600.0
49106,3700.0
49107,3500.0
49108,4100.0
49109,4500.0
49110,3000.0
49111,1900.0
49112,2300.0
49113,1600.0
49114,3800.0
49115,4200.0
49116,3700.0
49117,4400.0
49118,4000.0
49119,4300.0
49120,4800.0
49121,4300.0
49122,4800.0
49123,3800.0
49124,4000.0
49125,2800.0
49126,2100.0
49127,4700.0
49128,1400.0
49129,5600.0
49130,1900.0
49131,2900.0
49132,3100.0
49133,2900.0
49134,1600.0
49135,3300.0
49136,1500.0
49137,3900.0
49138,4900.0
49139,3800.0
49140,3800.0
49141,2800.0
49142,3300.0
49143,4300.0
49144,4100.0
49145,2500.0
49146,3100.0
49147,2000.0
49148,3700.0
49149,3100.0
49150,2000.0
49151,1500.0
49152,1800.0
49153,5400.0
49154,2700.0
49155,2100.0
49156,2700.0
49157,3300.0
49158,1200.0
49159,3900.0
49160,4000.0
49161,4500.0
49162,5100.0
49163,4500.0
49164,3600.0
49165,1600.0
49166,3400.0
49167,1700.0
49168,3100.0
49169,3700.0
49170,2700.0
49171,5200.0
49172,2700.0
49173,2800.0
49174,3400.0
49175,3900.0
49176,3900.0
49177,3400.0
49178,2900.0
49179,3700.0
49180,2300.0
49181,3700.0
49182,4100.0
49183,1800.0
49184,2500.0
49185,3300.0
49186,3500.0
49187,4800.0
49188,4100.0
49189,6800.0
49190,3900.0
49191,1800.0
49192,4900.0
49193,3000.0
49194,4500.0
49195,4100.0
49196,3200.0
49197,4900.0
49198,4000.0
49199,3300.0
49200,4700.0
49201,2200.0
49202,1400.0
49203,1900.0
49204,3800.0
49205,3000.0
49206,2400.0
49207,5200.0
49208,4100.0
49209,3400.0
49210,4100.0
49211,3300.0
49212,4600.0
49213,3200.0
49214,5100.0
49215,1900.0
49216,5800.0
49217,4900.0
49218,3200.0
49219,2300.0
49220,1800.0
49221,2300.0
49222,4500.0
49223,3600.0
49224,2400.0
49225,4500.0
49226,3300.0
49227,4400.0
49228,3300.0
49229,2600.0
49230,2000.0
49231,1600.0
49232,2400.0
49233,2600.0
49234,2000.0
49235,3900.0
49236,4000.0
49237,3600.0
49238,3700.0
49239,3100.0
49240,5000.0
49241,3700.0
49242,4500.0
49243,3800.0
49244,2000.0
49245,3400.0
49246,4200.0
49247,3600.0
49248,3300.0
49249,2100.0
49250,2200.0
49251,2200.0
49252,3300.0
49253,2700.0
49254,4200.0
49255,2400.0
49256,4200.0
49257,3400.0
49258,3400.0
49259,3800.0
49260,3100.0
49261,2900.0
49262,4300.0
49263,3400.0
49264,4400.0
49265,1600.0
49266,3400.0
49267,2600.0
49268,2700.0
49269,3100.0
49270,2700.0
49271,4600.0
49272,4300.0
49273,1900.0
49274,5300.0
49275,5600.0
49276,2800.0
49277,4100.0
49278,2200.0
49279,4500.0
49280,2600.0
49281,2200.0
49282,4300.0
49283,3400.0
49284,2900.0
49285,3200.0
49286,2100.0
49287,3200.0
49288,1700.0
49289,5000.0
49290,2700.0
49291,3400.0
49292,3700.0
49293,2400.0
49294,5400.0
49295,3100.0
49296,3800.0
49297,2500.0
49298,4500.0
49299,4900.0
49300,5000.0
49301,2900.0
49302,3000.0
49303,2900.0
49304,4500.0
49305,3900.0
49306,1300.0
49307,3700.0
49308,2900.0
49309,1500.0
49310,3600.0
49311,3900.0
49312,3400.0
49313,3900.0
49314,4200.0
49315,3800.0
49316,4200.0
49317,2600.0
49318,1600.0
49319,2400.0
49320,4100.0
49321,3000.0
49322,5100.0
49323,1700.0
49324,3300.0
49325,2200.0
49326,700.0
49327,3900.0
49328,1500.0
49329,1500.0
49330,3100.0
49331,3100.0
49332,2200.0
49333,5600.0
49334,1800.0
49335,2700.0
49336,5600.0
49337,3300.0
49338,4300.0
49339,1700.0
49340,3100.0
49341,3800.0
49342,1700.0
49343,1900.0
49344,3600.0
49345,3600.0
49346,2900.0
49347,3300.0
49348,3600.0
49349,5300.0
49350,1600.0
49351,1700.0
49352,3000.0
49353,3600.0
49354,4100.0
49355,3600.0
49356,2500.0
49357,1300.0
49358,2200.0
49359,2000.0
49360,4600.0
49361,3600.0
49362,1600.0
49363,3200.0
49364,2900.0
49365,6700.0
49366,1600.0
49367,2000.0
49368,4700.0
49369,4000.0
49370,6000.0
49371,2100.0
49372,4000.0
49373,4100.0
49374,1400.0
49375,4000.0
49376,2000.0
49377,1500.0
49378,3000.0
49379,1000.0
49380,1800.0
49381,1800.0
49382,3000.0
49383,4800.0
49384,3500.0
49385,3900.0
49386,1600.0
49387,3500.0
49388,1800.0
49389,2400.0
49390,3600.0
49391,3500.0
49392,1700.0
49393,5000.0
49394,5300.0
49395,3700.0
49396,3200.0
49397,4400.0
49398,4100.0
49399,3800.0
49400,3400.0
49401,3200.0
49402,3500.0
49403,2100.0
49404,3600.0
49405,1100.0
49406,5000.0
49407,2000.0
49408,4100.0
49409,3000.0
49410,2800.0
49411,1400.0
49412,3400.0
49413,3000.0
49414,1100.0
49415,1900.0
49416,3500.0
49417,3300.0
49418,4300.0
49419,2400.0
49420,3100.0
49421,2100.0
49422,5200.0
49423,1900.0
49424,2200.0
49425,4000.0
49426,400.0
49427,1600.0
49428,3100.0
49429,1900.0
49430,1100.0
49431,5100.0
49432,2800.0
49433,3600.0
49434,4600.0
49435,1900.0
49436,2600.0
49437,5500.0
49438,1700.0
49439,2200.0
49440,5500.0
49441,5200.0
49442,2700.0
49443,2500.0
49444,1700.0
49445,4000.0
49446,6100.0
49447,5000.0
49448,2000.0
49449,3600.0
49450,2900.0
49451,4700.0
49452,2100.0
49453,3300.0
49454,4400.0
49455,1900.0
49456,1700.0
49457,2200.0
49458,700.0
49459,2300.0
49460,4800.0
49461,5600.0
49462,4000.0
49463,3700.0
49464,3700.0
49465,4600.0
49466,4200.0
49467,4900.0
49468,5300.0
49469,3300.0
49470,3900.0
49471,1900.0
49472,3700.0
49473,3500.0
49474,2300.0
49475,4100.0
49476,3700.0
49477,2300.0
49478,3500.0
49479,3900.0
49480,2600.0
49481,2400.0
49482,2300.0
49483,2100.0
49484,2000.0
49485,1800.0
49486,2300.0
49487,3700.0
49488,3200.0
49489,6200.0
49490,2200.0
49491,2200.0
49492,3700.0
49493,2400.0
49494,1600.0
49495,5200.0
49496,4900.0
49497,5000.0
49498,3800.0
49499,1900.0
49500,2900.0
49501,5000.0
49502,4400.0
49503,2300.0
49504,2000.0
49505,3200.0
49506,1900.0
49507,3500.0
49508,2400.0
49509,2500.0
49510,2300.0
49511,3600.0
49512,5300.0
49513,2700.0
49514,3800.0
49515,4300.0
49516,1800.0
49517,2100.0
49518,2300.0
49519,1900.0
49520,3900.0
49521,3200.0
49522,4500.0
49523,4200.0
49524,5500.0
49525,3300.0
49526,3200.0
49527,3100.0
49528,2000.0
49529,3200.0
49530,4500.0
49531,2800.0
49532,2900.0
49533,1900.0
49534,1300.0
49535,4200.0
49536,4100.0
49537,2300.0
49538,2400.0
49539,3200.0
49540,2800.0
49541,3000.0
49542,1800.0
49543,3500.0
49544,5300.0
49545,4500.0
49546,2400.0
49547,3500.0
49548,2900.0
49549,3800.0
49550,3100.0
49551,2100.0
49552,4400.0
49553,4400.0
49554,3300.0
49555,6200.0
49556,1700.0
49557,2100.0
49558,3500.0
49559,1200.0
49560,1900.0
49561,5200.0
49562,4400.0
49563,3100.0
49564,5500.0
49565,5300.0
49566,3000.0
49567,3200.0
49568,2600.0
49569,3500.0
49570,2000.0
49571,3800.0
49572,2100.0
49573,3500.0
49574,2600.0
49575,1700.0
49576,2900.0
49577,2600.0
49578,1300.0
49579,4300.0
49580,4000.0
49581,3500.0
49582,3500.0
49583,2100.0
49584,1800.0
49585,1800.0
49586,3300.0
49587,4300.0
49588,5000.0
49589,4400.0
49590,5600.0
49591,5200.0
49592,2700.0
49593,2000.0
49594,4500.0
49595,2400.0
49596,3200.0
49597,2500.0
49598,2000.0
49599,2500.0
49600,3300.0
49601,3800.0
49602,2500.0
49603,2600.0
49604,4500.0
49605,1900.0
49606,1000.0
49607,2800.0
49608,3100.0
49609,1900.0
49610,2000.0
49611,2700.0
49612,6100.0
49613,3000.0
49614,2100.0
49615,2800.0
49616,4300.0
49617,3500.0
49618,3400.0
49619,2200.0
49620,4100.0
49621,1600.0
49622,2900.0
49623,2100.0
49624,3000.0
49625,1400.0
49626,4400.0
49627,2500.0
49628,3700.0
49629,1900.0
49630,2800.0
49631,1500.0
49632,2000.0
49633,3900.0
49634,2800.0
49635,3300.0
49636,1700.0
49637,2700.0
49638,3900.0
49639,4500.0
49640,2700.0
49641,2400.0
49642,4600.0
49643,4500.0
49644,2300.0
49645,5100.0
49646,3100.0
49647,3100.0
49648,3800.0
49649,5800.0
49650,4200.0
49651,4000.0
49652,3500.0
49653,3600.0
49654,3400.0
49655,2400.0
49656,1500.0
49657,3300.0
49658,3400.0
49659,2300.0
49660,2700.0
49661,3700.0
49662,4800.0
49663,2000.0
49664,4500.0
49665,4500.0
49666,3400.0
49667,5100.0
49668,1600.0
49669,4500.0
49670,1800.0
49671,4100.0
49672,2200.0
49673,2400.0
49674,3200.0
49675,3200.0
49676,4800.0
49677,4000.0
49678,4200.0
49679,2500.0
49680,4400.0
49681,3700.0
49682,2800.0
49683,1600.0
49684,2800.0
49685,3700.0
49686,1200.0
49687,3300.0
49688,2900.0
49689,2200.0
49690,2000.0
49691,2500.0
49692,2900.0
49693,5100.0
49694,3700.0
49695,4200.0
49696,2900.0
49697,1800.0
49698,4600.0
49699,2400.0
49700,2100.0
49701,2700.0
49702,1900.0
49703,4900.0
49704,3700.0
49705,3600.0
49706,3500.0
49707,2200.0
49708,2200.0
49709,1600.0
49710,3000.0
49711,4100.0
49712,5800.0
49713,2300.0
49714,2900.0
49715,4000.0
49716,1700.0
49717,1500.0
49718,4300.0
49719,2100.0
49720,5700.0
49721,3100.0
49722,4600.0
49723,3400.0
49724,2500.0
49725,4200.0
49726,3500.0
49727,1900.0
49728,2600.0
49729,1400.0
49730,3900.0
49731,1900.0
49732,4100.0
49733,2600.0
49734,3800.0
49735,2900.0
49736,3500.0
49737,3900.0
49738,4200.0
49739,3400.0
49740,3700.0
49741,3700.0
49742,2400.0
49743,4800.0
49744,3900.0
49745,3800.0
49746,4300.0
49747,3300.0
49748,2800.0
49749,4400.0
49750,2800.0
49751,3100.0
49752,1800.0
49753,2600.0
49754,2800.0
49755,2500.0
49756,2500.0
49757,2700.0
49758,3600.0
49759,2100.0
49760,2900.0
49761,2600.0
49762,3800.0
49763,3400.0
49764,2600.0
49765,3900.0
49766,2000.0
49767,1800.0
49768,2800.0
49769,3200.0
49770,2400.0
49771,4100.0
49772,3400.0
49773,1700.0
49774,3200.0
49775,4300.0
49776,6300.0
49777,4500.0
49778,5000.0
49779,1400.0
49780,1800.0
49781,4500.0
49782,3600.0
49783,2400.0
49784,2100.0
49785,2900.0
49786,3100.0
49787,3700.0
49788,2400.0
49789,3100.0
49790,2200.0
49791,3600.0
49792,2500.0
49793,5500.0
49794,3000.0
49795,3000.0
49796,2800.0
49797,3600.0
49798,1900.0
49799,5000.0
49800,3200.0
49801,3600.0
49802,4200.0
49803,4900.0
49804,2100.0
49805,2600.0
49806,3900.0
49807,1800.0
49808,4200.0
49809,2600.0
49810,4700.0
49811,4000.0
49812,3700.0
49813,1900.0
49814,3200.0
49815,2400.0
49816,3500.0
49817,2100.0
49818,3000.0
49819,3800.0
49820,1600.0
49821,3800.0
49822,4100.0
49823,2400.0
49824,4600.0
49825,4200.0
49826,2700.0
49827,1800.0
49828,2400.0
49829,2600.0
49830,1200.0
49831,4700.0
49832,2100.0
49833,2500.0
49834,2400.0
49835,3900.0
49836,2600.0
49837,3200.0
49838,1900.0
49839,4200.0
49840,4500.0
49841,1500.0
49842,5000.0
49843,2500.0
49844,2700.0
49845,2300.0
49846,2400.0
49847,1600.0
49848,1400.0
49849,3900.0
49850,4600.0
49851,1700.0
49852,3400.0
49853,3900.0
49854,5700.0
49855,3000.0
49856,3200.0
49857,2300.0
49858,1500.0
49859,3900.0
49860,2900.0
49861,2300.0
49862,4100.0
49863,3200.0
49864,4300.0
49865,2000.0
49866,4900.0
49867,5000.0
49868,3500.0
49869,3100.0
49870,1600.0
49871,4400.0
49872,5500.0
49873,4700.0
49874,7400.0
49875,2600.0
49876,5100.0
49877,2900.0
49878,1600.0
49879,2300.0
49880,5400.0
49881,4000.0
49882,5500.0
49883,1400.0
49884,4900.0
49885,2700.0
49886,3000.0
49887,4100.0
49888,3000.0
49889,1800.0
49890,4500.0
49891,4900.0
49892,4800.0
49893,2500.0
49894,3100.0
49895,2500.0
49896,4500.0
49897,1800.0
49898,2100.0
49899,3500.0
49900,4100.0
49901,1900.0
49902,1400.0
49903,3500.0
49904,4700.0
49905,3000.0
49906,3700.0
49907,1700.0
49908,4300.0
49909,2400.0
49910,3700.0
49911,2000.0
49912,3000.0
49913,1600.0
49914,3400.0
49915,1800.0
49916,2000.0
49917,3500.0
49918,2200.0
49919,2200.0
49920,4300.0
49921,2700.0
49922,2200.0
49923,2000.0
49924,2600.0
49925,3900.0
49926,3800.0
49927,4200.0
49928,2700.0
49929,3800.0
49930,2600.0
49931,4900.0
49932,4400.0
49933,1700.0
49934,3100.0
49935,4700.0
49936,2800.0
49937,2700.0
49938,3500.0
49939,6100.0
49940,1500.0
49941,5400.0
49942,2100.0
49943,4900.0
49944,4200.0
49945,5500.0
49946,3500.0
49947,1600.0
49948,1900.0
49949,2000.0
49950,3000.0
49951,2000.0
49952,4400.0
49953,4800.0
49954,2700.0
49955,4100.0
49956,2200.0
49957,2600.0
49958,3400.0
49959,2400.0
49960,3900.0
49961,3000.0
49962,3900.0
49963,4600.0
49964,2900.0
49965,4800.0
49966,3500.0
49967,3200.0
49968,3300.0
49969,5600.0
49970,2300.0
49971,4200.0
49972,4200.0
49973,4000.0
49974,4300.0
49975,2300.0
49976,2500.0
49977,4600.0
49978,3000.0
49979,3600.0
49980,6000.0
49981,4200.0
49982,1800.0
49983,5400.0
49984,1200.0
49985,1500.0
49986,3500.0
49987,2500.0
49988,4900.0
49989,3700.0
49990,4500.0
49991,1700.0
49992,2900.0
49993,2900.0
49994,4400.0
49995,3600.0
49996,4700.0
49997,3200.0
49998,3000.0
49999,2400.0
